student_id,registration_number,batch_year,branch_code,entry_type,_latent_ability,_study_habit,_attendance_incl
1,REG2023CE00001,2023,CE,REGULAR,0.6530483110497608,1.1026874654627117,-1.8498029371642315
2,REG2020CSE00002,2020,CSE,REGULAR,1.1686312434505337,-0.9853817971256875,-1.0939404090684741
3,REG2023ECE00003,2023,ECE,REGULAR,-0.004856944651029905,-0.38332330626590305,-0.4625268602017521
4,REG2020ME00004,2020,ME,REGULAR,-1.1124973543294479,0.6342402962642899,3.061095214378261
5,REG2023EEE00005,2023,EEE,REGULAR,1.2093819706866338,0.5379600036919956,2.7344221590617415
6,REG2020CSE00006,2020,CSE,REGULAR,0.09376543015194676,2.783938046489837,-0.031186798166844176
7,REG2023CSE00007,2023,CSE,REGULAR,-0.22346278532585084,0.7140004940920919,0.47323762457354485
8,REG2023ME00008,2023,ME,LATERAL_ENTRY,-0.07282891265687277,-0.846793718068405,-1.5148472246858646
9,REG2023CSE00009,2023,CSE,REGULAR,-1.3414034979461644,-1.6216946209434833,-1.147719972825
10,REG2021ME00010,2021,ME,REGULAR,1.389602828146591,0.8724471576604531,1.0661985440977382
11,REG2022ME00011,2022,ME,REGULAR,0.9051219599565592,-0.6039043724845287,0.30444911987085255
12,REG2022EEE00012,2022,EEE,REGULAR,0.2572074909801068,1.4373563283335271,0.007306372740632225
13,REG2021CSE00013,2021,CSE,REGULAR,0.23229615817640498,0.17618092205232136,-1.152565371660015
14,REG2022ECE00014,2022,ECE,REGULAR,-1.500768393207174,-0.03963614203961917,-0.5346627418500639
15,REG2021EEE00015,2021,EEE,REGULAR,-0.4719318657894335,1.0889505969673663,0.06428001909546277
16,REG2023EEE00016,2023,EEE,REGULAR,-1.0777447779293061,-0.7303666317171367,0.21645858958197486
17,REG2021EEE00017,2021,EEE,REGULAR,2.1439440893253257,0.6339190223180112,-2.025142586657607
18,REG2022CSE00018,2022,CSE,REGULAR,0.18645431476942764,-0.7925207384327007,-0.11473644146689901
19,REG2021EEE00019,2021,EEE,REGULAR,0.5049872789804571,0.8657551941701215,-1.2002964070557762
20,REG2023CSE00020,2023,CSE,REGULAR,-0.3345012358409484,1.7654542402810969,0.40498171096095553
21,REG2023EEE00021,2023,EEE,REGULAR,2.1346412480074077,0.22684882198078649,1.6554616253789212
22,REG2023ME00022,2023,ME,REGULAR,-0.46292542206364823,-0.6800043341179428,-0.2634058448672732
23,REG2021CSE00023,2021,CSE,REGULAR,-0.237391961206669,1.8720056804723042,-0.019442140899548193
24,REG2021CE00024,2021,CE,REGULAR,-0.9325916565610811,-0.42004746462751613,0.13920411095681615
25,REG2023EEE00025,2023,EEE,LATERAL_ENTRY,1.4412732890661155,-1.4358621511794394,1.1631637521549596
26,REG2023EEE00026,2023,EEE,REGULAR,0.010233061019587049,0.19905969557347003,-0.6002168771587947
27,REG2023CSE00027,2023,CSE,LATERAL_ENTRY,0.11351734525124799,0.6621306745210463,1.586016816145352
28,REG2022CSE00028,2022,CSE,REGULAR,-1.237815498826849,-0.15178509503558324,0.5883172064845762
29,REG2022CSE00029,2022,CSE,REGULAR,0.2809918677350327,-0.6226995198205939,-0.20812225035727533
30,REG2021ECE00030,2021,ECE,REGULAR,-0.4930009346588331,-0.5893647569442118,0.849602097021025
31,REG2021CE00031,2021,CE,REGULAR,0.8995998754332507,0.30729952087660933,0.8128621188389601
32,REG2020CSE00032,2020,CSE,REGULAR,0.6296288419236122,0.7472936051232618,0.6103702654334648
33,REG2023CSE00033,2023,CSE,REGULAR,1.277664895788425,-0.5915713888358299,0.5470973811700377
34,REG2022EEE00034,2022,EEE,REGULAR,-0.20219265243389398,0.8254163489880298,0.8135096360006385
35,REG2020CSE00035,2020,CSE,REGULAR,1.305478807154329,0.02100384163275905,0.6819529712949639
36,REG2020CSE00036,2020,CSE,REGULAR,-0.31026675659345604,0.3241663524884421,-0.13014305436768459
37,REG2022CE00037,2022,CE,REGULAR,1.1235417816915165,2.143205188113887,-0.3425888682306458
38,REG2022EEE00038,2022,EEE,REGULAR,0.24931454162195502,0.324518316374555,1.67529324966822
39,REG2023ME00039,2023,ME,REGULAR,0.8889842942771533,0.4960642332258751,0.055572156943966104
40,REG2020EEE00040,2020,EEE,REGULAR,0.060232921489091165,0.5591092026145278,0.8725415914304797
41,REG2021EEE00041,2021,EEE,REGULAR,1.1543543384089239,-0.4773817305753208,-0.6642274433044228
42,REG2021ME00042,2021,ME,REGULAR,1.3601113662481716,-1.0193414672400711,0.831958186574511
43,REG2022ME00043,2022,ME,REGULAR,-0.5742014488076791,-1.4919743254588493,1.59015771901085
44,REG2022EEE00044,2022,EEE,REGULAR,0.47164195444806895,0.5193465142411723,1.5327389130025777
45,REG2020CSE00045,2020,CSE,REGULAR,0.05741294775637079,-0.8441077324087467,1.3588166333327287
46,REG2020EEE00046,2020,EEE,LATERAL_ENTRY,-0.28634651616591955,-0.2674006378833793,-0.10384111742999894
47,REG2020EEE00047,2020,EEE,LATERAL_ENTRY,0.8435740227803442,-1.0663214782399686,-0.7018134425276003
48,REG2021CSE00048,2021,CSE,REGULAR,-0.9671110546009667,1.4367546725495532,-0.7016999770078298
49,REG2023ME00049,2023,ME,REGULAR,-0.1432832587170799,-0.600604681249585,-0.30817795327478703
50,REG2021ECE00050,2021,ECE,REGULAR,-0.7374294664767825,-1.352450554909997,-0.5584203694327604
51,REG2020CE00051,2020,CE,REGULAR,-0.3233727990032017,-1.6601174205563334,1.7277476274342591
52,REG2022EEE00052,2022,EEE,REGULAR,-1.492601364415693,0.7419630165294652,1.476658625429629
53,REG2021ECE00053,2021,ECE,REGULAR,-0.07361111579190642,-0.28222118898721127,0.29547752442318337
54,REG2022CSE00054,2022,CSE,LATERAL_ENTRY,-1.0973458685666584,-0.6941459535074941,0.10986007304324873
55,REG2020CSE00055,2020,CSE,REGULAR,0.34245691800751443,1.9115296065094283,0.3195375788687147
56,REG2021EEE00056,2021,EEE,REGULAR,0.19327806184938584,-0.45006547147924364,0.6228499323474987
57,REG2022CSE00057,2022,CSE,REGULAR,-0.872103765403559,-0.6710239111506955,0.3359487428541605
58,REG2023ECE00058,2023,ECE,REGULAR,0.49440928724982863,-0.0016359666440979017,-0.42603233856441963
59,REG2023ME00059,2023,ME,REGULAR,-0.5632586114603632,2.539257791210893,1.3967935787702428
60,REG2022ECE00060,2022,ECE,REGULAR,-0.3899103910097781,1.0584244868495878,-1.7587394864231143
61,REG2021ME00061,2021,ME,REGULAR,0.20013441917342262,-2.17086582813041,-0.4867144960427494
62,REG2020ECE00062,2020,ECE,LATERAL_ENTRY,1.3344456408641356,-0.1946702618774796,1.4196729775437447
63,REG2023CSE00063,2023,CSE,REGULAR,-1.5231608704717607,1.2059152072425854,0.3755880679916455
64,REG2020ME00064,2020,ME,REGULAR,-1.3715893797231242,2.3419752025129954,-1.1018547999817607
65,REG2023ME00065,2023,ME,REGULAR,0.5602257109707197,-0.9121282566094987,0.9971152218978201
66,REG2021ME00066,2021,ME,REGULAR,-0.235318741907252,-1.3656647864836557,0.5041068596905343
67,REG2023EEE00067,2023,EEE,REGULAR,-0.23585980815067698,-0.07676390902833202,1.6829264643729365
68,REG2021CE00068,2021,CE,REGULAR,2.3816367945079504,-0.37466132835614396,-0.81867698531858
69,REG2020ME00069,2020,ME,REGULAR,1.9642529669948998,-0.19722167085352377,-1.2260530041981026
70,REG2023EEE00070,2023,EEE,REGULAR,0.04166526712538283,0.6141667000434252,0.7575077100473051
71,REG2022EEE00071,2022,EEE,LATERAL_ENTRY,-0.275051697151644,-2.301921164735585,-1.515191062198552
72,REG2021ECE00072,2021,ECE,REGULAR,1.3668742674445244,0.866849063342143,0.47103683141802105
73,REG2020ME00073,2020,ME,REGULAR,-0.3582092004907793,0.9018634370178872,-0.8712468811149293
74,REG2022EEE00074,2022,EEE,REGULAR,-0.22674942729822584,-1.0612626329465906,-0.6543733461130157
75,REG2020ECE00075,2020,ECE,REGULAR,0.21822273253109625,0.9105641223710805,1.0553309965464146
76,REG2023EEE00076,2023,EEE,REGULAR,0.6536342613353238,2.3743294034923887,1.014532692687298
77,REG2021CSE00077,2021,CSE,REGULAR,-0.8756182533847574,-1.3827997309643363,0.9261775475316414
78,REG2020ME00078,2020,ME,LATERAL_ENTRY,1.9094166404701305,-0.6170904082868751,-1.2588420415521953
79,REG2021CE00079,2021,CE,LATERAL_ENTRY,-0.828583771018735,-0.5451691993318437,-2.5027595216622154
80,REG2021CE00080,2021,CE,LATERAL_ENTRY,0.6846422015551685,0.39025326898314217,-0.08490883249583231
81,REG2021CE00081,2021,CE,REGULAR,-0.7240017966042989,-0.5325803022204045,0.5283166096303764
82,REG2022ME00082,2022,ME,REGULAR,0.20750348515913597,-0.43079238792261676,0.4945666021424846
83,REG2022ECE00083,2022,ECE,REGULAR,0.6405820069491515,-0.8147841279902974,1.846980331447603
84,REG2022EEE00084,2022,EEE,REGULAR,0.26595526935443237,2.783777423489051,-1.6110056099552212
85,REG2023CSE00085,2023,CSE,REGULAR,-0.6019686788963846,0.7602510946353603,1.1063291048284427
86,REG2021ME00086,2021,ME,REGULAR,0.7716381493013362,-1.770243188341892,-1.0326290690342947
87,REG2023CSE00087,2023,CSE,LATERAL_ENTRY,0.1697292843903737,0.08939391914564943,0.48804407937874933
88,REG2020EEE00088,2020,EEE,REGULAR,1.5801340950752016,0.7628472907981209,0.6379666990209654
89,REG2020ME00089,2020,ME,REGULAR,0.6533997379148864,-1.2911243889487058,-0.2740443572310294
90,REG2023ECE00090,2023,ECE,REGULAR,0.6081138912183334,1.7723779869775955,-0.39837339017694856
91,REG2020ME00091,2020,ME,REGULAR,0.0184183791895517,1.6764373122752827,0.32692737376416264
92,REG2023ECE00092,2023,ECE,REGULAR,-0.21910052880886424,0.24201514406779656,-1.5304787431872526
93,REG2023ME00093,2023,ME,REGULAR,-0.8818788950440642,0.5126049723762208,-0.012744150488368224
94,REG2021ME00094,2021,ME,REGULAR,1.0543952158491143,0.8281534903901053,1.0098949610496601
95,REG2021ME00095,2021,ME,REGULAR,0.6587051257097538,-0.9091576170851242,1.6420961711074433
96,REG2023EEE00096,2023,EEE,REGULAR,-0.03881228272002653,2.2571982810931392,-0.9336381092629248
97,REG2020EEE00097,2020,EEE,REGULAR,0.7569886166453519,-0.9221653241776254,0.8696059201056602
98,REG2021ME00098,2021,ME,REGULAR,1.355637858804951,-0.773789199103573,-1.244654703311417
99,REG2023ME00099,2023,ME,LATERAL_ENTRY,-1.7787202489042786,1.496044311489183,0.6543656563540577
100,REG2023CE00100,2023,CE,LATERAL_ENTRY,-0.05558467091045507,2.4457519796168263,0.1292211819752275
101,REG2023CE00101,2023,CE,REGULAR,1.7821636185360787,0.5902746190617881,0.2168610369829383
102,REG2022ECE00102,2022,ECE,REGULAR,0.44211666531347293,-1.3414451577996975,1.8868281121242367
103,REG2020EEE00103,2020,EEE,REGULAR,-0.09022766405620973,0.7810732676164529,2.5386911017374865
104,REG2020EEE00104,2020,EEE,REGULAR,0.5239526671077938,1.070996467205255,-0.5828006014129976
105,REG2022EEE00105,2022,EEE,REGULAR,0.8522464890302681,-2.3207373739781305,-0.2298795714463868
106,REG2022ECE00106,2022,ECE,REGULAR,0.6281400134806694,-1.5027650176306036,-0.26073516489181897
107,REG2021CE00107,2021,CE,LATERAL_ENTRY,-0.006653454631237347,-1.3191450452019449,0.8044391101108651
108,REG2022CSE00108,2022,CSE,REGULAR,-0.15721389336445102,-1.0171921705453906,0.5166693086481229
109,REG2023CE00109,2023,CE,REGULAR,-0.7991105708252652,-0.1645356580496962,0.0006991175571747558
110,REG2021CSE00110,2021,CSE,REGULAR,0.1582559809533682,-0.7825437052344801,0.6742804687467753
111,REG2021ME00111,2021,ME,REGULAR,2.569926839690334,-1.1071044546000215,1.388582269040288
112,REG2021CE00112,2021,CE,REGULAR,-2.6593513570493728,-1.1775283652749364,0.20370179813884956
113,REG2022CSE00113,2022,CSE,REGULAR,-0.14987796676246168,0.5277647609316608,0.8332238776207417
114,REG2022CE00114,2022,CE,REGULAR,-1.326539016109759,0.4853159965604532,-0.7726671422734709
115,REG2020EEE00115,2020,EEE,REGULAR,-0.7044701034595297,-0.7283151499478857,0.09874577763733462
116,REG2023ME00116,2023,ME,LATERAL_ENTRY,-0.1303451459872082,-0.35068152787878737,-0.229216051553592
117,REG2023ME00117,2023,ME,LATERAL_ENTRY,-1.0810633275998973,0.6159356069442637,0.5931012579683838
118,REG2022ECE00118,2022,ECE,REGULAR,-0.3095464393139903,0.3303190682426161,0.8700099075640746
119,REG2022ECE00119,2022,ECE,LATERAL_ENTRY,-1.4986594015069548,1.1391575728616767,-0.45851184752647606
120,REG2020CE00120,2020,CE,REGULAR,1.0885402776225443,1.246694736529587,-2.1698776870408585
121,REG2022ECE00121,2022,ECE,LATERAL_ENTRY,0.9718226901727355,-0.03095825063657335,-0.3357150728865709
122,REG2020ME00122,2020,ME,REGULAR,1.3460442074647174,2.155239538433073,0.6722572844137722
123,REG2022CSE00123,2022,CSE,REGULAR,-1.0444947463998786,-0.2223947198878423,0.29730697884982243
124,REG2021EEE00124,2021,EEE,REGULAR,0.6227998314639218,1.3467459786409957,0.1267931596804698
125,REG2020CSE00125,2020,CSE,REGULAR,-0.06898066034579202,-2.578215429662492,-0.5613668590956585
126,REG2022EEE00126,2022,EEE,REGULAR,0.3142037329504508,0.25602973431387566,0.9826909839455139
127,REG2020CE00127,2020,CE,REGULAR,-1.8408742313316453,-1.2795769667357015,-0.6248185776956788
128,REG2020CE00128,2020,CE,LATERAL_ENTRY,0.026091050210833786,0.18676676447707832,-0.7553829323533225
129,REG2022ECE00129,2022,ECE,REGULAR,-0.9232332461109043,-1.3516846056163336,-0.9758732529773327
130,REG2022ME00130,2022,ME,LATERAL_ENTRY,1.0536417966078395,0.4933179008808892,0.1848361236948739
131,REG2021EEE00131,2021,EEE,REGULAR,-0.5756378262377739,0.12200981464536144,2.5600845382687947
132,REG2021ECE00132,2021,ECE,REGULAR,-0.09605989972464987,-0.0349884904969617,1.77080063563551
133,REG2020ME00133,2020,ME,REGULAR,0.7077519354554754,-0.5624667758942676,0.6324077390555208
134,REG2020ECE00134,2020,ECE,REGULAR,0.9725544496267297,-1.3193478891374055,-0.22624521900867614
135,REG2020ME00135,2020,ME,REGULAR,0.8048031787338052,0.9302533459535411,0.039741695910427206
136,REG2022ECE00136,2022,ECE,REGULAR,0.011348478976219248,-0.2833153158326134,0.12205393450300478
137,REG2021ECE00137,2021,ECE,REGULAR,-1.250996330981847,2.6059774669595184,-0.7329401187788761
138,REG2023CSE00138,2023,CSE,REGULAR,-0.36146072475943114,1.1290694375351427,-0.08041577370899264
139,REG2021ME00139,2021,ME,REGULAR,1.3478557813290364,1.2974061148626241,0.9022546733891916
140,REG2020EEE00140,2020,EEE,REGULAR,-2.0119180032037716,-2.52933743992466,1.298177707834696
141,REG2023CE00141,2023,CE,REGULAR,1.4469778843537329,0.19655477651157463,1.0318445394686349
142,REG2021EEE00142,2021,EEE,REGULAR,-1.485560373036972,-1.094104100498447,-2.371615664765494
143,REG2022ECE00143,2022,ECE,REGULAR,-0.4376656698027051,-1.1863350952213718,2.5977046432343838
144,REG2021CE00144,2021,CE,LATERAL_ENTRY,-0.6503709440700268,-0.2663173285227033,-0.6645349296422126
145,REG2021CE00145,2021,CE,REGULAR,-0.008864022656377504,-0.13467275408259782,0.7861749201892024
146,REG2020ECE00146,2020,ECE,REGULAR,-0.45232816563450073,0.4600750102996468,-0.24973128282513507
147,REG2020CSE00147,2020,CSE,REGULAR,-1.0705780796771676,0.6826232364571463,-0.16572305314661517
148,REG2021ME00148,2021,ME,LATERAL_ENTRY,-0.8255848430174614,1.167102914383636,1.6211085577877153
149,REG2022EEE00149,2022,EEE,REGULAR,-0.5175336509082242,-0.5989243965593358,0.5553768168069079
150,REG2022EEE00150,2022,EEE,REGULAR,-0.6228704964232835,0.09654526353877511,-1.4998369113235444
151,REG2020CE00151,2020,CE,LATERAL_ENTRY,0.10866883106735042,-1.7087676391795794,0.16965288947085122
152,REG2021ME00152,2021,ME,REGULAR,-0.0030126031838392403,1.378274786335724,0.6835857452010828
153,REG2021CSE00153,2021,CSE,REGULAR,-0.13305808467106847,1.12567878436963,-1.4938296412142407
154,REG2020EEE00154,2020,EEE,LATERAL_ENTRY,-0.7160561207339946,0.5067346624868376,-0.20071294833728373
155,REG2023ME00155,2023,ME,REGULAR,-0.2354567222046942,0.10212892087103381,0.5510677454759079
156,REG2020EEE00156,2020,EEE,LATERAL_ENTRY,0.038877607922946866,-0.016422896072752075,1.188393273448084
157,REG2022EEE00157,2022,EEE,LATERAL_ENTRY,1.3238748037872132,-1.1318161421326958,-1.6393962676640563
158,REG2023ME00158,2023,ME,LATERAL_ENTRY,0.4625485526475405,0.8204821811973643,0.5072740311072979
159,REG2023CSE00159,2023,CSE,LATERAL_ENTRY,1.3821589910375272,0.6487098875896427,-0.16711808031685435
160,REG2022ME00160,2022,ME,REGULAR,0.14671368643332283,0.3686733088729012,-0.3933388123273607
161,REG2022EEE00161,2022,EEE,REGULAR,0.6525346937594791,-1.8925459853039637,-0.28310900123525357
162,REG2021EEE00162,2021,EEE,REGULAR,-0.8820273412074283,1.186387412215288,-0.23635283392435927
163,REG2021CE00163,2021,CE,REGULAR,0.7704252171166425,0.676770270716955,0.518639647613567
164,REG2020CE00164,2020,CE,REGULAR,-0.6247067231621034,0.7519026180326984,0.9768990780370659
165,REG2023CSE00165,2023,CSE,REGULAR,-0.5589218472715883,0.37721187506452086,1.5655240292343404
166,REG2021ECE00166,2021,ECE,REGULAR,-0.0657502610729878,-1.448013900416244,-2.198805956620082
167,REG2023EEE00167,2023,EEE,REGULAR,0.46372385739043204,0.5778168908811395,-0.4843091805863683
168,REG2023ME00168,2023,ME,LATERAL_ENTRY,-0.35462418293349435,-1.8467724344714016,-0.5666694125101056
169,REG2022ECE00169,2022,ECE,LATERAL_ENTRY,-0.7803016538569048,0.6401898237071239,0.40276829199309355
170,REG2023ECE00170,2023,ECE,LATERAL_ENTRY,0.6898632497963005,-1.2157533741672504,0.1542473137340681
171,REG2020CSE00171,2020,CSE,LATERAL_ENTRY,-0.1586554958685864,-1.1866415173650475,-0.37020942281324987
172,REG2020EEE00172,2020,EEE,REGULAR,0.023307600885869615,-0.16162574546247113,-1.3412746710182866
173,REG2023CSE00173,2023,CSE,REGULAR,-1.3582711967233527,-0.316097868436527,-0.7408324079677024
174,REG2023EEE00174,2023,EEE,REGULAR,-0.014289031389968827,0.29645893399855866,-0.04085793359600863
175,REG2021CSE00175,2021,CSE,REGULAR,-0.9370220043999258,1.618802025020598,1.2151550088717538
176,REG2023CE00176,2023,CE,REGULAR,0.7420845885237987,0.9398481035296877,0.8460135446712688
177,REG2020CSE00177,2020,CSE,REGULAR,-0.32335621228620876,0.04760355181435132,-1.4725083780410089
178,REG2023CSE00178,2023,CSE,REGULAR,-0.08969562680752617,1.0231412046872264,0.09158573869376306
179,REG2021CSE00179,2021,CSE,REGULAR,-1.0016200098949155,-0.2811002928859549,1.7976865268495226
180,REG2021ECE00180,2021,ECE,REGULAR,0.6408428612670098,1.3993554365860021,0.9246336829127688
181,REG2022CSE00181,2022,CSE,LATERAL_ENTRY,-1.5337487257098361,0.861127668958601,1.265197251623699
182,REG2022ME00182,2022,ME,REGULAR,0.5593592087283311,0.11453336621546392,0.9501454709988315
183,REG2022ECE00183,2022,ECE,REGULAR,0.4013436270247898,2.182507024177087,-0.36952161682223
184,REG2020CE00184,2020,CE,REGULAR,0.2045493960907455,2.368559127979192,-0.42403858199949895
185,REG2023ME00185,2023,ME,LATERAL_ENTRY,0.5711939205679624,0.37525125561871847,-0.5629936715356667
186,REG2021CE00186,2021,CE,REGULAR,-0.08185073148805803,-1.3112210101751152,1.198444952831686
187,REG2023CSE00187,2023,CSE,REGULAR,0.6135179727304166,-1.0227925651984056,-0.25737653742334515
188,REG2020EEE00188,2020,EEE,REGULAR,-1.66858407387759,0.38354400747392153,1.0313399942643104
189,REG2023CE00189,2023,CE,REGULAR,3.1048674284667217,0.3474026366423288,2.5935715038588616
190,REG2023ECE00190,2023,ECE,REGULAR,0.41221840224393347,1.5097257984484294,1.640503392887938
191,REG2021CE00191,2021,CE,REGULAR,-1.2772204659230832,-1.5487798225122118,1.2463268857974537
192,REG2023CSE00192,2023,CSE,REGULAR,-0.12681149790302182,1.6569884697047754,-1.5404186718890363
193,REG2021ECE00193,2021,ECE,REGULAR,-2.6098417929829005,0.3785688680949161,-0.10732599559657675
194,REG2021CE00194,2021,CE,REGULAR,-0.73595191920003,-2.2344264423142026,0.235199828854701
195,REG2020ECE00195,2020,ECE,REGULAR,0.37428005557730587,-0.0868447771301917,0.8072931248110842
196,REG2023CSE00196,2023,CSE,REGULAR,-1.245766059099699,-1.4062846285832822,-0.5526279949062014
197,REG2021ME00197,2021,ME,LATERAL_ENTRY,0.07682189106025536,-1.2829922241885696,0.99626681944714
198,REG2023CSE00198,2023,CSE,REGULAR,-0.4937565831613125,1.5007597906343109,0.8502217421134929
199,REG2022CE00199,2022,CE,REGULAR,0.8470790099850345,1.2225009148868804,1.214509285305348
200,REG2022CE00200,2022,CE,REGULAR,-0.08952261024790559,-0.30330846193594846,0.37972618694012367
201,REG2021EEE00201,2021,EEE,REGULAR,0.04838511828580344,-0.6875434513395914,-0.13091597276974928
202,REG2020EEE00202,2020,EEE,REGULAR,-1.0349548645321327,-0.5887635362067958,0.009291752530912675
203,REG2021ECE00203,2021,ECE,REGULAR,0.13934259362126433,0.4525348918213347,-0.1335798413052158
204,REG2023ME00204,2023,ME,REGULAR,1.0858663418678058,-1.0655637248650256,0.09180577458067339
205,REG2021EEE00205,2021,EEE,REGULAR,0.6127739050625697,-1.0534155631736561,-0.6237689606958051
206,REG2022EEE00206,2022,EEE,LATERAL_ENTRY,1.9140313538667861,0.8700677306887539,0.4956818879726045
207,REG2021ECE00207,2021,ECE,REGULAR,2.403415585238275,-0.05761879703358539,0.2010990467149675
208,REG2020CE00208,2020,CE,REGULAR,1.050654396007612,1.1055259329579838,1.1870303055603801
209,REG2021ME00209,2021,ME,LATERAL_ENTRY,1.633431532301096,-1.146345393018688,0.30263546523903323
210,REG2022ECE00210,2022,ECE,REGULAR,-0.7542758500193579,-0.06413834659299263,0.32876241030348075
211,REG2020EEE00211,2020,EEE,REGULAR,-0.6043385694466396,-0.3267039949778252,1.2231901054266583
212,REG2021CE00212,2021,CE,REGULAR,0.6942334104859834,0.789900080037874,-0.39142551668673525
213,REG2021CSE00213,2021,CSE,REGULAR,-1.340528603382517,1.1644346459929071,1.338115216447681
214,REG2020EEE00214,2020,EEE,REGULAR,1.5863738801590164,-1.5527270678160376,-0.30353598557719785
215,REG2021CSE00215,2021,CSE,REGULAR,0.1696937923520195,-0.7001158732050082,1.0896648650164613
216,REG2021CSE00216,2021,CSE,REGULAR,1.5339781208495669,-1.6306733674152643,0.17097097156821917
217,REG2023CE00217,2023,CE,REGULAR,1.624382058600212,0.32513364863177135,0.17941681283126878
218,REG2022EEE00218,2022,EEE,REGULAR,1.8207803767153563,0.1293069751663404,0.38004746345902624
219,REG2020ME00219,2020,ME,REGULAR,-1.3975182328438736,-0.09524507822534518,0.3904023439162669
220,REG2022EEE00220,2022,EEE,REGULAR,-1.110038105091452,0.05779558558521928,0.7696577513456252
221,REG2021ECE00221,2021,ECE,REGULAR,0.31620007620456086,-0.06639040409313654,0.09143412755899637
222,REG2020CE00222,2020,CE,REGULAR,1.3144024247694728,-0.5812351730828322,-0.8955094021450978
223,REG2021CSE00223,2021,CSE,REGULAR,-0.14384577091196363,0.7962088084525215,0.47700371939507313
224,REG2021ME00224,2021,ME,REGULAR,-2.2769126980996073,0.04886007032570433,0.04059169120388238
225,REG2022CSE00225,2022,CSE,REGULAR,-1.4026052717996935,1.7495767431869393,-1.243863235391285
226,REG2023EEE00226,2023,EEE,REGULAR,-0.6929051977959073,-0.2949496782920278,1.2477420726737338
227,REG2022ECE00227,2022,ECE,REGULAR,-0.8353470532597573,2.1451491277733883,-1.1875984190295128
228,REG2020ME00228,2020,ME,LATERAL_ENTRY,0.3098207102270275,-0.1852876588777083,-0.12982069973342616
229,REG2023EEE00229,2023,EEE,REGULAR,0.5587407526118416,-1.1899450533656992,0.7342442897029785
230,REG2021CSE00230,2021,CSE,REGULAR,-1.352164446624725,0.66698040343816,-1.549531269578512
231,REG2021ECE00231,2021,ECE,REGULAR,1.7085463697668863,-0.4125246525171453,0.38996058602990147
232,REG2020ECE00232,2020,ECE,LATERAL_ENTRY,1.2040680188848842,-1.100779282836685,-0.7112986247605377
233,REG2020CSE00233,2020,CSE,REGULAR,-0.7590404472086483,0.033458770992302565,-0.6218183005063913
234,REG2023EEE00234,2023,EEE,REGULAR,0.7013730648392228,0.4626263353811024,2.11785594962589
235,REG2021EEE00235,2021,EEE,REGULAR,0.6949979007768748,1.9465428375147655,-0.2604985619387227
236,REG2020CE00236,2020,CE,REGULAR,1.7268338422187606,0.5387559924463692,-0.9206735930793662
237,REG2021CSE00237,2021,CSE,REGULAR,-0.11122606134870032,-0.9039076414647897,-0.7355299425897666
238,REG2022CE00238,2022,CE,LATERAL_ENTRY,1.2360931752104374,-1.092312764672579,-0.3164084496948019
239,REG2023EEE00239,2023,EEE,REGULAR,1.2130976999791834,0.14171691363990474,2.319329539981694
240,REG2023ECE00240,2023,ECE,REGULAR,0.39331783939437187,0.13354090478228192,-0.15246983638054348
241,REG2021CE00241,2021,CE,REGULAR,-0.2908060801440377,-0.4078230860685443,-1.156749670336056
242,REG2020ECE00242,2020,ECE,LATERAL_ENTRY,-1.5378473259288705,1.3100730944378527,0.03916390436185879
243,REG2022ECE00243,2022,ECE,REGULAR,0.44901096341893587,-0.530507622938157,1.6896904133587238
244,REG2022CE00244,2022,CE,REGULAR,1.8930364139116609,0.8864481970162597,-2.2939763400335855
245,REG2023EEE00245,2023,EEE,REGULAR,1.7742125041380208,0.26026555836772675,-0.36138576718183796
246,REG2022CSE00246,2022,CSE,REGULAR,-0.4501011336902239,0.5365098435704035,-0.8984679817910373
247,REG2021ECE00247,2021,ECE,LATERAL_ENTRY,1.085895565831578,0.4746982328799528,-0.025026958745143917
248,REG2022EEE00248,2022,EEE,REGULAR,0.8177662992002871,-1.0651136630753726,-0.30522470435466764
249,REG2020EEE00249,2020,EEE,REGULAR,0.056649924897107164,0.5296927543567308,-0.07049877805909122
250,REG2023EEE00250,2023,EEE,LATERAL_ENTRY,0.4865016438262019,-0.9393353938187543,-0.14408755572161547
251,REG2021EEE00251,2021,EEE,REGULAR,-0.966517025934993,0.41719046438256424,-0.6886667549629432
252,REG2022ME00252,2022,ME,REGULAR,-0.06265695620244455,-0.5636490274263425,-0.41093115629918403
253,REG2021CSE00253,2021,CSE,REGULAR,0.302449714360124,-0.6279284867539493,0.015686713795602138
254,REG2023CSE00254,2023,CSE,REGULAR,-0.7287316813744033,0.9495541354413237,-1.4848979684499035
255,REG2021CE00255,2021,CE,REGULAR,-1.366878698415421,-0.22476540189268354,-1.1701130260593595
256,REG2020EEE00256,2020,EEE,REGULAR,-1.8019804375800197,-0.029890473902299677,-0.17431370503474794
257,REG2021ME00257,2021,ME,REGULAR,0.863100226170631,-0.7964401810595795,0.10884563020912037
258,REG2021CSE00258,2021,CSE,REGULAR,-1.1186314281988077,-0.9941062330421927,-0.030938997155624107
259,REG2020CE00259,2020,CE,REGULAR,-1.1930599549102363,-0.04008851265655339,1.1682177218168646
260,REG2023ME00260,2023,ME,REGULAR,-0.8629053387504985,-0.3070948847111013,1.0261542813968656
261,REG2020ECE00261,2020,ECE,LATERAL_ENTRY,0.29144992321180635,-0.7306819638037808,-0.19780468589650635
262,REG2023ECE00262,2023,ECE,REGULAR,-0.3797573399802421,0.5881999349718571,0.5086682495871356
263,REG2021ECE00263,2021,ECE,REGULAR,1.301741289398798,1.5615111967268527,0.032004149065766624
264,REG2023ME00264,2023,ME,REGULAR,-0.7534178703461835,2.013387247526623,0.13653533108273744
265,REG2022EEE00265,2022,EEE,REGULAR,-0.3653215513121087,0.1846803058649084,-1.3471262895296965
266,REG2022ME00266,2022,ME,LATERAL_ENTRY,-0.9716140385106515,-1.0469109826819396,0.5366527525272862
267,REG2020ME00267,2020,ME,REGULAR,1.185704154662997,0.7189533106650667,0.9960476858058164
268,REG2022CSE00268,2022,CSE,LATERAL_ENTRY,-0.7567950885694608,-0.32267983884213575,-0.25083301645504735
269,REG2020CE00269,2020,CE,REGULAR,-0.02715843340407619,0.5743084408384839,-0.3085496016737873
270,REG2023CE00270,2023,CE,REGULAR,0.6869464926472221,-0.03677630569544812,-1.015213403145215
271,REG2021CE00271,2021,CE,REGULAR,0.5568208407749982,-0.21037015856104574,-0.5947762545556623
272,REG2021ME00272,2021,ME,REGULAR,-1.2812976734768549,0.5794425728672615,0.1476993252267769
273,REG2023CE00273,2023,CE,REGULAR,-0.32077483290627873,-0.0026016676090183624,0.746187407314403
274,REG2021CE00274,2021,CE,LATERAL_ENTRY,-0.36019359460994765,-1.2413189984277486,0.6055397780804037
275,REG2023CE00275,2023,CE,REGULAR,0.32627467084668543,0.030311657494342222,-0.09437175003538116
276,REG2022CE00276,2022,CE,REGULAR,-0.08589324971779164,-1.1960972318243799,-0.039738904806174535
277,REG2022CE00277,2022,CE,REGULAR,0.8034458123655823,0.852166788251833,-0.8588387729530945
278,REG2023EEE00278,2023,EEE,REGULAR,0.2439643212792443,1.2897527540827458,0.6731813512699585
279,REG2023ECE00279,2023,ECE,REGULAR,0.8284545156951065,-0.9267131024921815,1.2879824738019383
280,REG2020ME00280,2020,ME,REGULAR,-0.4228119610855433,0.7198372908713905,1.4465039359465777
281,REG2023ME00281,2023,ME,REGULAR,0.2779830647427085,1.4548106449917426,-1.449856565480906
282,REG2021ME00282,2021,ME,REGULAR,-1.106308181228342,-0.8171854666089954,-2.094120627663777
283,REG2021CE00283,2021,CE,REGULAR,-1.6988491998036455,1.4571957599562464,1.6810923149304875
284,REG2021EEE00284,2021,EEE,REGULAR,-0.7509055497801141,1.166548590977006,-0.5729978049909459
285,REG2022CE00285,2022,CE,REGULAR,2.2142515234622757,-0.2960172273298979,0.12644902282346232
286,REG2021CE00286,2021,CE,REGULAR,-0.687937387463827,2.512407576578319,-0.3388596700993594
287,REG2023ME00287,2023,ME,REGULAR,1.0902745063442603,-1.4209845610727792,0.45509273690964525
288,REG2021CE00288,2021,CE,REGULAR,-0.817425176021162,0.553272688950949,-0.49375994236045617
289,REG2023ME00289,2023,ME,REGULAR,0.36114477034686865,-0.5790803084794298,-0.6383438601430024
290,REG2022CSE00290,2022,CSE,REGULAR,-1.3113727250876526,0.7730999415388713,0.8822157824668078
291,REG2021EEE00291,2021,EEE,REGULAR,1.221033695525353,0.5820977034686158,-0.22648409884983187
292,REG2020CE00292,2020,CE,REGULAR,-0.9594392367234795,0.3561668772248425,0.04867483832682586
293,REG2020ME00293,2020,ME,REGULAR,1.6869878630253918,1.673938418122521,0.4288123146206977
294,REG2021ME00294,2021,ME,LATERAL_ENTRY,0.197300419992852,-0.41142097265937017,0.5287488457996607
295,REG2020EEE00295,2020,EEE,REGULAR,-2.7141073004910865,-0.7994983331634866,0.1563781229182778
296,REG2022ECE00296,2022,ECE,REGULAR,0.3319717339534831,-0.27422835705453114,-0.9993127576501377
297,REG2023CE00297,2023,CE,REGULAR,-0.954061747746322,-0.9536046130196978,-1.0692505939521582
298,REG2023CSE00298,2023,CSE,REGULAR,-1.9365187345081158,0.1739160838337627,-0.16925088405630662
299,REG2021ME00299,2021,ME,REGULAR,-1.9478866372634722,0.7837187818145658,1.071124573784651
300,REG2022ECE00300,2022,ECE,REGULAR,-0.7281567760677872,0.06699071722487192,0.5159392177040995
301,REG2023EEE00301,2023,EEE,REGULAR,0.542463861500237,1.2543568685727127,0.408345164394778
302,REG2021EEE00302,2021,EEE,REGULAR,-0.004699404440172449,-0.557281124104081,-1.0640342352010974
303,REG2023ME00303,2023,ME,LATERAL_ENTRY,-0.8231180613480796,-0.16417941162050506,0.46999826076317
304,REG2023EEE00304,2023,EEE,REGULAR,1.914712305997992,-0.2955412401465491,0.1523155135766242
305,REG2021CSE00305,2021,CSE,REGULAR,0.5513197247610424,-0.435204328616967,-1.0953455638569167
306,REG2021CSE00306,2021,CSE,REGULAR,-0.21773098448844722,-0.12317821481004923,1.1192629447752624
307,REG2023CE00307,2023,CE,REGULAR,-0.3024668382073511,-0.814963984565443,-2.1331330350705104
308,REG2022EEE00308,2022,EEE,REGULAR,-0.0365333499186106,0.7954382526692877,0.8089528990389954
309,REG2023EEE00309,2023,EEE,REGULAR,-0.36047340420459595,0.5114155009299537,0.31747193473109014
310,REG2021ECE00310,2021,ECE,REGULAR,-0.031918494643361994,-0.06104342546999568,-0.735858449322835
311,REG2023CE00311,2023,CE,REGULAR,-0.5184028994155219,1.2076654497562465,-2.20403757525124
312,REG2022ME00312,2022,ME,REGULAR,-1.0374534007137464,-0.5272859442402201,-0.5123296744223035
313,REG2023CE00313,2023,CE,REGULAR,-0.9433830493699357,-1.123901466865093,-1.1417640925158004
314,REG2023ECE00314,2023,ECE,REGULAR,0.5355774468884291,-1.2288004185521375,0.21274483845973985
315,REG2022ME00315,2022,ME,REGULAR,-0.33477533210654087,-0.4036484632419967,-0.955122579349353
316,REG2021CE00316,2021,CE,REGULAR,0.42359906559346105,0.02421945667275807,1.4122205554154292
317,REG2022CSE00317,2022,CSE,REGULAR,0.36752230250937057,-0.616220553406608,0.38988681947239506
318,REG2020ME00318,2020,ME,REGULAR,-0.7723697843143,-0.5021030040988799,0.5586909660332754
319,REG2023EEE00319,2023,EEE,LATERAL_ENTRY,0.2709745388461927,0.3041929195534216,1.8078761587991903
320,REG2021CE00320,2021,CE,LATERAL_ENTRY,0.3507851757548093,-0.1653990181435119,1.3059699173271888
321,REG2021EEE00321,2021,EEE,REGULAR,-0.49836239219244655,0.9926885389127922,0.5458171745620152
322,REG2020ECE00322,2020,ECE,REGULAR,-0.8398808965107355,0.8570919969870224,-0.1689007803074379
323,REG2021ME00323,2021,ME,REGULAR,-1.1421306494313468,2.0148785611242137,1.5824963635802025
324,REG2022CE00324,2022,CE,REGULAR,0.5134954769210153,-0.4890947859189071,0.2973096456808423
325,REG2023ME00325,2023,ME,REGULAR,-0.9231326104578483,0.5038184184401812,0.8678469430312954
326,REG2020EEE00326,2020,EEE,REGULAR,-0.3780861009833345,1.4579552335656911,-0.5156640338422114
327,REG2022CE00327,2022,CE,LATERAL_ENTRY,0.2822076428899345,0.7465600956810696,-0.3793299198383287
328,REG2021CE00328,2021,CE,REGULAR,-1.138667938470913,0.2529368142650801,-0.06344606394414584
329,REG2020ME00329,2020,ME,REGULAR,-0.4056249912120662,-0.067391235718194,0.5408692224813465
330,REG2022CE00330,2022,CE,REGULAR,0.884751054763314,1.003213199739024,2.0568522207310203
331,REG2023CE00331,2023,CE,REGULAR,-0.7764818080596431,2.091284902424585,-0.3803760542195899
332,REG2021CE00332,2021,CE,REGULAR,-0.2820189307630352,0.08584039672650311,-0.580028002488439
333,REG2022CE00333,2022,CE,REGULAR,0.6556103982528916,1.5277236195237645,-0.3571023698077398
334,REG2022CSE00334,2022,CSE,LATERAL_ENTRY,0.7943834179791774,-0.1044492185374715,-0.16882172319001063
335,REG2023CSE00335,2023,CSE,REGULAR,0.07005216311318137,1.1618783026081902,-0.9273531341905741
336,REG2020EEE00336,2020,EEE,REGULAR,0.23836898273478513,0.9751976297824295,0.501094169939845
337,REG2022CSE00337,2022,CSE,REGULAR,-1.8100324032725792,-0.6879338668371778,1.4740560524880801
338,REG2023CSE00338,2023,CSE,REGULAR,-0.35201307485347394,2.1052024012080106,-1.113054427063712
339,REG2020ME00339,2020,ME,REGULAR,-1.0144188771679998,0.7828702435813465,-0.9654979858290557
340,REG2021CE00340,2021,CE,REGULAR,0.0301615725351249,-0.895998806814502,-0.9308811941934042
341,REG2020ME00341,2020,ME,REGULAR,-0.6236054349292066,-1.5487629221232788,0.10617876782221188
342,REG2023ME00342,2023,ME,REGULAR,-0.4695521790613335,-2.5018028613878633,-1.5332746037091247
343,REG2023EEE00343,2023,EEE,REGULAR,-2.517433102397529,-1.4499401795162525,2.4844673686414334
344,REG2021EEE00344,2021,EEE,REGULAR,-0.70299746026984,-0.4849670374989711,0.7754454707630927
345,REG2023EEE00345,2023,EEE,REGULAR,-1.8751724696457446,0.11502607914741717,-0.16013279556664034
346,REG2020EEE00346,2020,EEE,REGULAR,0.6713400764504653,-0.31905393566661816,-0.796025856803489
347,REG2023CSE00347,2023,CSE,REGULAR,-0.3991118522027499,-0.6528967724115621,-1.3777007731168525
348,REG2020CE00348,2020,CE,LATERAL_ENTRY,-1.8579920416244045,0.7720215620034229,1.5313237445794692
349,REG2022CSE00349,2022,CSE,REGULAR,0.8107036553499937,0.535173471049099,0.8186306617798985
350,REG2021CSE00350,2021,CSE,REGULAR,-1.2050035210990275,0.19339578316174064,-0.8186166796045768
351,REG2023CE00351,2023,CE,LATERAL_ENTRY,-0.22485598180807856,-0.6500025808234597,0.16865467196672768
352,REG2022CSE00352,2022,CSE,REGULAR,0.44194064956940904,-0.09858813228426173,0.018849622944847662
353,REG2020ECE00353,2020,ECE,REGULAR,0.9531366339132451,0.2871241652018242,-0.6124373746404379
354,REG2022ECE00354,2022,ECE,REGULAR,0.36150352520610163,-1.1437262073206618,0.10855970577652314
355,REG2023CSE00355,2023,CSE,REGULAR,-0.12853751143893075,-1.881849045497639,-0.5487249077409615
356,REG2022EEE00356,2022,EEE,REGULAR,0.09284490114111471,1.2657078408647005,-0.8661748482145006
357,REG2020CSE00357,2020,CSE,REGULAR,-0.6462273098438029,1.7753108926095116,-1.19363683175648
358,REG2021EEE00358,2021,EEE,LATERAL_ENTRY,0.9191541736100015,1.3924653000643288,-0.2500465145989528
359,REG2023ME00359,2023,ME,REGULAR,-0.1343087414705478,0.8108082731597821,0.793488720552213
360,REG2021ECE00360,2021,ECE,REGULAR,-1.7485319732381808,1.0325462043416573,1.1267051368275833
361,REG2020ECE00361,2020,ECE,REGULAR,-0.40421701197361,0.12941125827559766,0.2276532826313042
362,REG2022ECE00362,2022,ECE,REGULAR,-2.115919995470992,1.2736403321516463,-0.4982678831003497
363,REG2021ME00363,2021,ME,REGULAR,0.10716022778224317,1.1966908176546378,0.2718731627700169
364,REG2020CSE00364,2020,CSE,REGULAR,1.1581108480243003,-0.0459700079171452,-1.1466647145209037
365,REG2020ME00365,2020,ME,REGULAR,-0.4363858905265686,-0.10960980392583083,-0.08836295920533539
366,REG2021ECE00366,2021,ECE,REGULAR,-0.37001102988212803,-0.25879606266710237,1.598647170504717
367,REG2020ECE00367,2020,ECE,LATERAL_ENTRY,-1.4037566450525831,-1.4531651462542776,-2.6237882355492657
368,REG2020ECE00368,2020,ECE,REGULAR,-1.220670049681913,0.20189955962845085,-0.7779188126673809
369,REG2023CE00369,2023,CE,REGULAR,0.5289579363925203,-2.038961277005416,0.18330021210499314
370,REG2020ECE00370,2020,ECE,REGULAR,-1.1802929395898938,-0.21915601971306176,1.2277208771391783
371,REG2020ECE00371,2020,ECE,REGULAR,-1.261454833655109,-0.865039226348993,0.061115609367387795
372,REG2022ME00372,2022,ME,REGULAR,0.49395187199372015,-0.17186298646329173,-1.1081645311908017
373,REG2022ECE00373,2022,ECE,REGULAR,0.7103324962386257,0.855108632154688,-1.048524113205193
374,REG2022ECE00374,2022,ECE,REGULAR,-1.201030166076925,-0.46531045678005334,-0.10594835430413566
375,REG2021CSE00375,2021,CSE,REGULAR,0.25373966149457344,0.4676931717654332,1.0857863249393471
376,REG2022EEE00376,2022,EEE,REGULAR,0.09798315347089544,0.26912694124510733,-0.3431922754974105
377,REG2021CE00377,2021,CE,REGULAR,0.37710039390218647,-0.029262813684978354,1.1260502507721681
378,REG2022ECE00378,2022,ECE,REGULAR,-0.05139372358848624,0.6397873317955374,-0.7252689779610715
379,REG2020ME00379,2020,ME,REGULAR,1.3626738623670578,-0.8315019429560967,-0.10659476091465178
380,REG2022CE00380,2022,CE,REGULAR,0.9551541169008232,1.2807344585603944,0.3818390608409839
381,REG2020ME00381,2020,ME,REGULAR,-1.3846466206946033,0.9630889982130323,-0.7822690203263281
382,REG2020ME00382,2020,ME,REGULAR,-1.0796907025023472,0.885458958900338,0.7891340251466785
383,REG2022EEE00383,2022,EEE,REGULAR,-0.7728776678236091,0.4070522871245351,-0.9716567345412859
384,REG2022ECE00384,2022,ECE,REGULAR,-1.3796181647889303,0.9531250453760867,0.513085420097293
385,REG2020ME00385,2020,ME,REGULAR,-0.6137968768428766,0.18928789423555545,0.4667254675921039
386,REG2021CSE00386,2021,CSE,REGULAR,0.48596228292727106,-0.22254183591439808,-0.8725153155918711
387,REG2023ECE00387,2023,ECE,REGULAR,0.4703223105282899,-1.855837770950324,1.0967534267999408
388,REG2022ECE00388,2022,ECE,REGULAR,1.8804351464026552,-1.8936146669537857,0.21329370737293857
389,REG2021CSE00389,2021,CSE,REGULAR,-0.1364474633541715,-1.6178339055583222,0.4473993464667924
390,REG2022CE00390,2022,CE,LATERAL_ENTRY,-0.7555033345997547,0.8294748419317485,-0.19382613877280352
391,REG2022EEE00391,2022,EEE,REGULAR,0.6354180302092264,-1.2392583948534726,0.059932630266328335
392,REG2020EEE00392,2020,EEE,REGULAR,0.27737693795819207,-3.0195121558208253,0.18384954475369486
393,REG2021ECE00393,2021,ECE,REGULAR,0.20965941527462578,-0.49163618563204736,0.8071225966373103
394,REG2022CE00394,2022,CE,REGULAR,-0.9735461997044687,1.0602099074988798,2.7596600389110777
395,REG2023EEE00395,2023,EEE,LATERAL_ENTRY,-0.025574312191994436,-1.7690759048891183,-0.6947131310890582
396,REG2020ECE00396,2020,ECE,REGULAR,-0.409282438113104,-0.8224199323822006,1.1210306673244714
397,REG2021CSE00397,2021,CSE,REGULAR,0.6938784449806538,1.5960797355331489,0.18971172872552527
398,REG2023CSE00398,2023,CSE,REGULAR,0.9016109145684069,-0.8584499403746859,1.125587771040344
399,REG2022ME00399,2022,ME,REGULAR,0.7286847972169158,-0.48819699723224685,1.027421535338774
400,REG2020ME00400,2020,ME,REGULAR,-0.6637203769797122,0.6032860336737964,-0.16963411909515508
401,REG2021ME00401,2021,ME,REGULAR,0.0783486689625938,-0.5548717127707574,-0.8424004825367968
402,REG2020EEE00402,2020,EEE,REGULAR,0.41047584389445624,-0.5799370359129257,-0.8302551890371905
403,REG2022ME00403,2022,ME,LATERAL_ENTRY,2.2411345690207307,-0.41028143597099703,-2.425214277872601
404,REG2023CSE00404,2023,CSE,REGULAR,-0.030171666629134817,-0.5505368494915835,-1.2207124259141586
405,REG2022CE00405,2022,CE,REGULAR,-0.4532484090230134,1.4524675344707454,0.32674476460232005
406,REG2022CSE00406,2022,CSE,REGULAR,0.30047435961082836,0.8375078724832392,1.3068740958752738
407,REG2020CE00407,2020,CE,REGULAR,-0.09843898615563221,-0.43396614207281087,0.13829868978581025
408,REG2023CSE00408,2023,CSE,LATERAL_ENTRY,-0.33991450576921695,0.11346903671547612,-0.3107544717807992
409,REG2021CSE00409,2021,CSE,REGULAR,-0.9258191831475792,0.10135671154655138,-1.082367338772357
410,REG2023ECE00410,2023,ECE,REGULAR,0.788548618317301,-0.8590879423640695,1.1953361180028157
411,REG2023CE00411,2023,CE,REGULAR,0.6170301703206962,0.3673886906306303,-0.10910851765256908
412,REG2023CSE00412,2023,CSE,REGULAR,-0.48859758199266423,-0.8658664371290591,-0.7192433379629661
413,REG2022CE00413,2022,CE,LATERAL_ENTRY,-0.7631488231437142,0.13575387991766508,-1.5247054499878059
414,REG2023EEE00414,2023,EEE,REGULAR,-1.3535598561343933,-1.2062713092828017,-1.2802684093629393
415,REG2020ECE00415,2020,ECE,REGULAR,0.9886691693580026,-1.3514457648919713,0.6702198972773387
416,REG2023EEE00416,2023,EEE,REGULAR,0.6769663873395375,0.2978949164786898,0.5662808797173705
417,REG2023EEE00417,2023,EEE,REGULAR,-0.7068571340601965,-0.04270379472328346,0.8490854504508708
418,REG2023CSE00418,2023,CSE,REGULAR,1.772791176436716,0.020886488295961788,0.23070090571868349
419,REG2020CE00419,2020,CE,REGULAR,-0.662130845467599,-0.5978083864853595,0.3388146008107369
420,REG2022ECE00420,2022,ECE,REGULAR,-0.9941800924017872,0.32570735781319976,-0.36958552891713703
421,REG2023CE00421,2023,CE,REGULAR,1.1228639537338077,0.5175437758122711,-0.15141323011028388
422,REG2022CE00422,2022,CE,REGULAR,0.416461444756141,-0.31984752325484395,0.15175799224874037
423,REG2023CSE00423,2023,CSE,LATERAL_ENTRY,-0.835142901630023,2.0895387216947734,-1.6076610271180587
424,REG2021EEE00424,2021,EEE,LATERAL_ENTRY,0.18474057889572446,-0.19003903500149447,-0.3574454228104272
425,REG2021ECE00425,2021,ECE,REGULAR,-0.563700175057901,-0.0830336034927732,-0.20074916355286412
426,REG2023CE00426,2023,CE,LATERAL_ENTRY,-1.2321423298148326,0.44786174775179377,0.37109405131392204
427,REG2020CE00427,2020,CE,REGULAR,0.04796144598154671,0.33184386325851556,-0.4237764114480308
428,REG2021ME00428,2021,ME,REGULAR,-1.6173629501085678,0.16274441484639593,0.041379052585847835
429,REG2020CE00429,2020,CE,REGULAR,0.026681057110535956,0.5720927784049213,-0.08488981850235336
430,REG2020CE00430,2020,CE,REGULAR,-1.2433239284060988,1.485868275517684,-0.22057246748084
431,REG2021CE00431,2021,CE,REGULAR,0.3060143980178964,1.0546663120431858,0.46344307236081883
432,REG2021CE00432,2021,CE,LATERAL_ENTRY,0.5465226309720393,-0.48995015516053475,0.4686057964995918
433,REG2022ME00433,2022,ME,REGULAR,-0.019749093534627345,-0.48657989067380747,-0.7961707046937445
434,REG2022CSE00434,2022,CSE,REGULAR,0.33899368530924634,-1.3441144703631869,-1.6032604668159496
435,REG2022EEE00435,2022,EEE,REGULAR,0.10052009450816196,0.5877316524799424,1.1919588561171166
436,REG2020CE00436,2020,CE,REGULAR,-0.5922665308251153,1.3787097462633506,-1.244831238218157
437,REG2021ECE00437,2021,ECE,LATERAL_ENTRY,-1.5262709967222121,0.03257557740856184,0.21390386820148202
438,REG2023EEE00438,2023,EEE,REGULAR,-0.18941367098155001,-1.5402476320310767,1.9833862348517115
439,REG2023ME00439,2023,ME,REGULAR,-0.8051092398862927,0.9578822281769768,0.7792738873941635
440,REG2020ECE00440,2020,ECE,LATERAL_ENTRY,-0.29057510309736223,0.6619955670633052,0.5389779757010986
441,REG2023CE00441,2023,CE,REGULAR,-0.6563093912302665,-0.7926942821860782,0.7461009868693242
442,REG2022CE00442,2022,CE,REGULAR,-1.6250359692469085,-2.6042138566271342,0.19894814679649453
443,REG2020ME00443,2020,ME,REGULAR,0.8994350407557219,0.7445840271996791,1.058504300451178
444,REG2022ECE00444,2022,ECE,LATERAL_ENTRY,-0.48037749098032195,-0.16719614307235198,0.666166065471662
445,REG2020EEE00445,2020,EEE,REGULAR,-0.6498214781408206,0.1339599071656446,1.366836460605446
446,REG2022EEE00446,2022,EEE,REGULAR,-0.8442790185229958,-0.5937953222563244,-0.9657574156062592
447,REG2022ME00447,2022,ME,REGULAR,1.4827147941724148,-0.48107355738448426,0.8537246722572774
448,REG2022EEE00448,2022,EEE,REGULAR,0.23632590272777546,-0.6166050540454969,-0.37617660278168846
449,REG2023ME00449,2023,ME,LATERAL_ENTRY,1.4597318750379402,-1.7201025509478183,-0.5984259353435604
450,REG2022ECE00450,2022,ECE,REGULAR,0.22857652751789734,0.13325723386127772,-1.74922004301021
451,REG2021CSE00451,2021,CSE,LATERAL_ENTRY,-2.2406737864197477,-0.2937966501407942,0.14459450329648443
452,REG2021ME00452,2021,ME,REGULAR,0.4914750636819405,0.7130611809266041,0.9601385064797462
453,REG2020ME00453,2020,ME,REGULAR,-1.2057621284555387,-0.18100613865961387,-0.2744400271090196
454,REG2021ECE00454,2021,ECE,REGULAR,0.22038158278803383,-0.20492379177410888,-0.06787777207297674
455,REG2020CSE00455,2020,CSE,REGULAR,0.641815530241691,-1.1138530996011333,0.737373135260824
456,REG2020EEE00456,2020,EEE,LATERAL_ENTRY,1.1411327315312507,-0.18290165711521805,-1.9651005743535892
457,REG2023CE00457,2023,CE,REGULAR,-0.39915179285036195,0.29985095177074667,0.48612769008731577
458,REG2023ECE00458,2023,ECE,REGULAR,1.2478959581079205,0.053920425305779944,2.9233556173190878
459,REG2023CSE00459,2023,CSE,REGULAR,0.007063158628176452,-0.6603211394734471,0.6988284202025348
460,REG2021EEE00460,2021,EEE,LATERAL_ENTRY,0.4209729443893898,-2.1533429198712444,1.0971527117536957
461,REG2020ME00461,2020,ME,LATERAL_ENTRY,-0.47883745600840416,-0.8627757640431206,0.6934789119139937
462,REG2023ME00462,2023,ME,REGULAR,-0.3920126399191296,0.6835693232004776,-1.3659557112005343
463,REG2022ME00463,2022,ME,LATERAL_ENTRY,-0.36927713924620315,0.14338846734225108,-1.77623523289832
464,REG2023ME00464,2023,ME,REGULAR,0.40865281148067084,-1.5223591862178911,1.1126883749899252
465,REG2020CSE00465,2020,CSE,LATERAL_ENTRY,-0.5358014630522978,-1.7073579575929467,-1.1165244399486591
466,REG2022ECE00466,2022,ECE,REGULAR,1.2358116200069387,0.1600182258527877,0.501782736167545
467,REG2020ME00467,2020,ME,REGULAR,-0.2942648717935566,-0.5280369978529553,-0.5070756155235058
468,REG2021CSE00468,2021,CSE,REGULAR,-1.668451551911048,-1.3283149514650507,0.07747371873722987
469,REG2021ECE00469,2021,ECE,REGULAR,-1.3377094239177991,0.23933080039748134,-1.346762408763764
470,REG2022CSE00470,2022,CSE,REGULAR,0.37448064640844547,0.3905939061992364,2.4539033459435706
471,REG2023ME00471,2023,ME,REGULAR,1.8717478186939245,0.4892559169994446,0.2856898002671991
472,REG2021ME00472,2021,ME,REGULAR,-1.0667211088262158,-0.11662993240039445,-0.7230877296358624
473,REG2023CE00473,2023,CE,REGULAR,0.11462150919998967,-0.8758995777161087,1.3745334546913044
474,REG2020ME00474,2020,ME,REGULAR,0.9552754762374489,0.856450680015159,1.763557440006718
475,REG2023ME00475,2023,ME,REGULAR,-0.13388892656571572,-1.006979473446641,-1.2960236202513922
476,REG2022ME00476,2022,ME,LATERAL_ENTRY,0.5070812587595488,0.597731708113624,1.2999740467257528
477,REG2020CSE00477,2020,CSE,REGULAR,0.0437797627138891,-0.25584113690309174,-0.3271181965888122
478,REG2020CSE00478,2020,CSE,REGULAR,-1.6235552380231333,-0.3853833275252156,0.4204524772475582
479,REG2022CSE00479,2022,CSE,REGULAR,-0.8643910709141808,-0.1409279142776198,0.3165403266086322
480,REG2023CE00480,2023,CE,LATERAL_ENTRY,0.189660877063421,1.677462930312606,-0.4924460743305178
481,REG2023ECE00481,2023,ECE,LATERAL_ENTRY,1.5682397589196513,1.2903681221946703,0.8075309998188095
482,REG2022CSE00482,2022,CSE,REGULAR,-0.9732423133725336,-0.7837656655863965,-0.6905410523162594
483,REG2021EEE00483,2021,EEE,REGULAR,-0.06717829004935526,-0.7157599891107518,0.6820520657126199
484,REG2021ME00484,2021,ME,REGULAR,1.4872461553359273,0.499685110302934,0.4720022709192745
485,REG2023ME00485,2023,ME,REGULAR,0.4822489526806572,-1.2376624223272978,0.8691560643892732
486,REG2020ME00486,2020,ME,REGULAR,0.8872908372667421,0.153831916078257,0.766467368111596
487,REG2023CSE00487,2023,CSE,REGULAR,0.8103450155363101,-0.2696416252968609,1.1069647663026418
488,REG2021EEE00488,2021,EEE,REGULAR,0.6411866624110703,0.8307098504960893,-1.0173239077974046
489,REG2021ECE00489,2021,ECE,REGULAR,0.5383240223969266,0.18424791394410256,-0.4790510573617538
490,REG2021CSE00490,2021,CSE,REGULAR,-1.773504333949613,-0.6903866261386762,0.004093007675456265
491,REG2020CE00491,2020,CE,REGULAR,-0.493122822399772,1.4436320034688142,-1.2565068942792563
492,REG2020EEE00492,2020,EEE,REGULAR,0.8132051867479773,0.8560592234970398,0.9577897351368669
493,REG2023CE00493,2023,CE,REGULAR,-1.0078138987374312,-1.117074142461746,0.09960575652144064
494,REG2022CSE00494,2022,CSE,REGULAR,-1.6597555854780628,-0.4927495527799525,0.5694142669010354
495,REG2021EEE00495,2021,EEE,REGULAR,-1.4101410049803234,-0.7805400982293256,-0.7385354255011861
496,REG2022EEE00496,2022,EEE,REGULAR,-1.0920457994509594,-0.4746977696370589,1.0331185153998403
497,REG2021CSE00497,2021,CSE,LATERAL_ENTRY,-0.32423601084820036,0.80292396908066,-2.36396849425218
498,REG2020CSE00498,2020,CSE,REGULAR,-1.0551784721031583,1.594734007316916,-0.638861527944373
499,REG2022CE00499,2022,CE,REGULAR,1.5948553486982073,-0.4665499317340561,0.09846281707420244
500,REG2021CE00500,2021,CE,REGULAR,1.1207374448166514,-2.061325455941142,0.5509866575713133
501,REG2022ME00501,2022,ME,REGULAR,-0.7095798547491726,-1.2585049106753345,-0.21701705042437042
502,REG2022CSE00502,2022,CSE,REGULAR,-0.3084827884558197,-1.3776175007542373,-0.5647740041709423
503,REG2022CE00503,2022,CE,REGULAR,-2.092107229625224,1.412834056769892,1.3417007629419926
504,REG2021ECE00504,2021,ECE,REGULAR,-2.3306547635468995,0.0004454941875451166,-1.2971686218848764
505,REG2020ME00505,2020,ME,REGULAR,0.5488788438189564,2.2192012719617784,0.2518367506236188
506,REG2023EEE00506,2023,EEE,REGULAR,-0.9168846917185619,0.01017190172272063,0.3978054517504711
507,REG2020EEE00507,2020,EEE,REGULAR,1.092498538085353,0.715952417683901,1.0276945935014785
508,REG2022ME00508,2022,ME,REGULAR,0.3202271854993461,-0.26255623356742575,0.3640670285684146
509,REG2020ECE00509,2020,ECE,REGULAR,0.9154170212302742,1.0733779223164983,-0.22483350304724792
510,REG2022CSE00510,2022,CSE,REGULAR,1.625467341955647,0.26628373044863035,-1.8087470156422527
511,REG2021EEE00511,2021,EEE,REGULAR,-0.41500158233511925,-2.5297162106054607,-0.036813506178282614
512,REG2022CSE00512,2022,CSE,REGULAR,-0.19847651507575567,-0.897046430645255,-0.6730468451270122
513,REG2023CE00513,2023,CE,REGULAR,-0.6067002947652964,0.2112836922794726,1.2000789564268612
514,REG2022CE00514,2022,CE,LATERAL_ENTRY,-0.49190244750620515,-0.06700714194351028,-0.5713742214499119
515,REG2023ME00515,2023,ME,REGULAR,1.546090168234707,0.8111432591099114,-1.452795895888346
516,REG2022ME00516,2022,ME,REGULAR,-1.3971579982180775,-0.18319391822192532,0.6511614606523132
517,REG2020ECE00517,2020,ECE,REGULAR,1.4461946654953934,-1.388891554173079,0.10393883414889918
518,REG2020CSE00518,2020,CSE,REGULAR,-0.579052547947254,-2.1654815857130014,0.3046362963480508
519,REG2022ECE00519,2022,ECE,REGULAR,1.0742472339446603,1.5261863173616617,-0.7206396718319498
520,REG2021CSE00520,2021,CSE,REGULAR,0.5288313018130198,0.35600262922502623,0.21799741066613734
521,REG2021ME00521,2021,ME,REGULAR,0.19063559126502438,0.9413105807674834,-1.0325239035275395
522,REG2022ECE00522,2022,ECE,REGULAR,0.39792704994680894,-0.8476339286190848,-0.6520888885930607
523,REG2020ME00523,2020,ME,REGULAR,-0.370508098590029,-1.405567019178642,0.015618333949603047
524,REG2021CSE00524,2021,CSE,REGULAR,0.9022771737866472,1.1558850841927,-0.42093888569228466
525,REG2020ECE00525,2020,ECE,LATERAL_ENTRY,0.9266055080444071,-1.0985508408063949,0.09831019223810258
526,REG2020EEE00526,2020,EEE,REGULAR,-0.05282800457476905,-0.14603660574179833,1.2903767512582258
527,REG2022EEE00527,2022,EEE,REGULAR,0.8481742126666681,-1.232523314768509,0.5522999376795235
528,REG2023CE00528,2023,CE,REGULAR,0.6256309336460011,-1.008554684076208,-1.962625691672579
529,REG2021CSE00529,2021,CSE,REGULAR,0.3496500472996937,-1.5648027713620551,0.0953441994413082
530,REG2022CSE00530,2022,CSE,LATERAL_ENTRY,-0.2634482160822491,1.726626506496595,0.10379718109609347
531,REG2021EEE00531,2021,EEE,REGULAR,0.7438766245146383,0.5899484845549426,2.4494597989581
532,REG2022EEE00532,2022,EEE,REGULAR,-1.1763032569232688,-0.039307287627631186,-0.1344967844017327
533,REG2021ME00533,2021,ME,REGULAR,1.0817667276728287,-1.3122191934314063,0.6220699903060487
534,REG2022CE00534,2022,CE,REGULAR,1.3289333195354096,-0.20462175126486848,0.004813307376784878
535,REG2020ME00535,2020,ME,REGULAR,-1.6523670157038093,-1.475037198340117,0.19356939925357766
536,REG2021ME00536,2021,ME,REGULAR,-0.6026858478277886,0.23374717642291024,-1.0719749162741792
537,REG2022ME00537,2022,ME,LATERAL_ENTRY,-0.20648098517684707,0.5604813988049354,-1.4708050816732672
538,REG2021ME00538,2021,ME,REGULAR,0.1411692986915413,1.118457644847877,0.5493156445582286
539,REG2021CE00539,2021,CE,LATERAL_ENTRY,-0.06614328487366697,-0.6530916613503364,1.189515042665042
540,REG2022ECE00540,2022,ECE,REGULAR,1.171120631033927,0.0013796510079850618,-1.2767729521310867
541,REG2020CSE00541,2020,CSE,REGULAR,-1.3116827504667838,0.8676320839061359,0.4041016550090086
542,REG2023CE00542,2023,CE,REGULAR,-1.0219741103907967,-0.3977041139069179,1.8199488505496704
543,REG2021CSE00543,2021,CSE,REGULAR,0.169072529455187,-0.4007093074830735,-1.9932188234106147
544,REG2022CE00544,2022,CE,LATERAL_ENTRY,-2.0503483215624496,0.4386622063510846,0.1344728420629131
545,REG2020EEE00545,2020,EEE,REGULAR,0.44461937240141236,1.0409093503061129,0.17146184122659722
546,REG2021CE00546,2021,CE,REGULAR,-0.300381740519771,-0.3798469289119089,0.17757130864003692
547,REG2023ECE00547,2023,ECE,REGULAR,-1.3881847101742066,0.6364095464207143,0.8342284065995492
548,REG2023EEE00548,2023,EEE,LATERAL_ENTRY,1.6436904952522386,0.6295295842218108,-0.8043157596599924
549,REG2023CSE00549,2023,CSE,LATERAL_ENTRY,0.6882667340508467,-1.021440622658592,1.6254318591587802
550,REG2023EEE00550,2023,EEE,REGULAR,1.407526457538372,-0.8201217200962095,-1.9357655472112385
551,REG2023CE00551,2023,CE,REGULAR,-0.32483237366931933,0.6563574506292909,1.4344668693460538
552,REG2022CE00552,2022,CE,REGULAR,0.25713065241862126,-1.729897831726847,-0.23091025368155538
553,REG2022ECE00553,2022,ECE,REGULAR,-1.7022132660800113,-0.4628156863395111,-0.6126946458776085
554,REG2023EEE00554,2023,EEE,REGULAR,1.0518950572656043,-0.44871656866509885,1.090434341399109
555,REG2023CE00555,2023,CE,REGULAR,0.19929730999206402,0.28672983908379135,-0.48884984274276966
556,REG2023ME00556,2023,ME,REGULAR,-0.27843288263885,-0.07609676861195927,-1.217396118989266
557,REG2021ECE00557,2021,ECE,REGULAR,0.11643824066339366,-0.1010387768819228,0.31304970991314623
558,REG2021ECE00558,2021,ECE,REGULAR,-0.03765994352544069,-0.8639591168352135,-1.383453518068656
559,REG2021EEE00559,2021,EEE,REGULAR,1.1294735893439463,0.6816906899038048,-0.4141211679455457
560,REG2020EEE00560,2020,EEE,LATERAL_ENTRY,0.8058902285478261,-2.5434981829554735,1.9871309706701052
561,REG2023CSE00561,2023,CSE,REGULAR,1.0907235861498341,1.290515418870559,0.20526689360108463
562,REG2023CE00562,2023,CE,REGULAR,-0.2622960121898327,-0.24338397937501807,-0.29983819627488056
563,REG2021CSE00563,2021,CSE,REGULAR,1.904136589573007,1.6259589153620633,2.218780233448134
564,REG2023CE00564,2023,CE,LATERAL_ENTRY,-0.1590452104000513,1.4769344261182744,-1.167779551267935
565,REG2022CE00565,2022,CE,REGULAR,-0.6078752606758179,-0.5391227031489786,-0.5482687949250771
566,REG2022EEE00566,2022,EEE,REGULAR,0.8333339117803071,-1.10486279306252,0.22054142701386686
567,REG2023ME00567,2023,ME,LATERAL_ENTRY,0.11617308407654969,-0.8448984534104736,0.4015606083877186
568,REG2020CE00568,2020,CE,REGULAR,0.4683155849391383,0.1354024824836114,-1.6684387539026282
569,REG2021CE00569,2021,CE,REGULAR,0.6701000401251523,1.3658177525620485,-0.580823952846502
570,REG2021CE00570,2021,CE,REGULAR,0.1304541120886768,0.3856600004692377,-1.6652846671324522
571,REG2021EEE00571,2021,EEE,REGULAR,0.14209224562034495,0.5747012616653486,0.742152804376457
572,REG2022ECE00572,2022,ECE,REGULAR,0.9988166447781508,-0.5262478565174211,1.3883377782084478
573,REG2020ECE00573,2020,ECE,REGULAR,-1.2181079715493222,0.6535019520558623,-0.37732151011826054
574,REG2022CE00574,2022,CE,REGULAR,2.0258070919112505,-1.425593315478103,0.8129142448974712
575,REG2021CSE00575,2021,CSE,REGULAR,-0.7773900758589046,0.6933246903326009,-0.42834523970586175
576,REG2020EEE00576,2020,EEE,REGULAR,-2.0469346867227993,0.8810715736226135,1.5560005718392043
577,REG2022ECE00577,2022,ECE,REGULAR,1.9124094099167985,0.864154213470886,0.27861919206591823
578,REG2022EEE00578,2022,EEE,REGULAR,-1.4273335895154653,-0.198640259656028,0.6329676506008086
579,REG2022EEE00579,2022,EEE,REGULAR,1.533854941032175,0.13784450488078345,-0.7027280159126388
580,REG2021CSE00580,2021,CSE,REGULAR,-1.2046932828281127,0.5054042734309971,0.19584524701068554
581,REG2021CE00581,2021,CE,REGULAR,-1.1722604528915002,1.1468791992518994,0.3313416467793406
582,REG2023ECE00582,2023,ECE,LATERAL_ENTRY,0.5334008512375619,0.9912586581920885,1.0383776547651486
583,REG2021CE00583,2021,CE,LATERAL_ENTRY,-0.705037480139661,-0.43725940537769936,0.8502053671312348
584,REG2023ECE00584,2023,ECE,REGULAR,-0.45446094128498044,0.32876030034284537,0.027802915739940044
585,REG2023ECE00585,2023,ECE,LATERAL_ENTRY,-0.4972676139223384,-0.6409043492480827,-1.0170366693914479
586,REG2021EEE00586,2021,EEE,REGULAR,0.9412578547947976,-1.3136151460790664,0.8538085623090685
587,REG2020ME00587,2020,ME,LATERAL_ENTRY,-0.19567855887695199,1.4787236094678915,-0.3949621964965703
588,REG2021ECE00588,2021,ECE,LATERAL_ENTRY,0.5753388641155845,1.1356201471829441,-1.1062935124116342
589,REG2021CSE00589,2021,CSE,REGULAR,-0.5289777080640152,-1.0565576427602528,1.223083067095325
590,REG2020EEE00590,2020,EEE,REGULAR,-0.25885440036983165,0.3482893300997584,-0.7324684570116541
591,REG2023ECE00591,2023,ECE,REGULAR,0.7757672174031766,1.3720614239496856,-1.8055572614170154
592,REG2023CSE00592,2023,CSE,REGULAR,1.3738078274271044,0.8521788848080184,1.2514564218142645
593,REG2022ECE00593,2022,ECE,REGULAR,1.9094186522934937,0.8098893216611167,-0.2167365144042404
594,REG2023CSE00594,2023,CSE,LATERAL_ENTRY,0.8593137911229725,0.4667162340051821,0.5063669775262545
595,REG2020EEE00595,2020,EEE,REGULAR,-1.0280964078219301,-0.09711820107514263,0.14891007584637195
596,REG2022CSE00596,2022,CSE,REGULAR,-0.679440922931713,0.4233419486085754,2.0807659040391893
597,REG2020CE00597,2020,CE,LATERAL_ENTRY,-1.7443307192782576,0.5822444775637607,-0.0659746208908102
598,REG2023ECE00598,2023,ECE,REGULAR,0.4506555553346548,0.023329508647177154,-0.46759934049499635
599,REG2020EEE00599,2020,EEE,REGULAR,0.415976621217802,-0.7979934021814765,0.27319919902204376
600,REG2023ME00600,2023,ME,REGULAR,0.44319865991572976,-1.1843049510191201,0.19732635061487788
601,REG2020CSE00601,2020,CSE,REGULAR,-0.4511588584089988,0.5517407999109204,1.2002617497388293
602,REG2020EEE00602,2020,EEE,REGULAR,-0.463161362085399,-0.8699801924749085,-0.6596263010599115
603,REG2021CE00603,2021,CE,REGULAR,-0.14200761302952686,-0.7588521310376378,0.6403971849116776
604,REG2021ECE00604,2021,ECE,REGULAR,0.1489719493272099,1.187719177166401,1.535562377915415
605,REG2021CE00605,2021,CE,REGULAR,-0.4399629124065766,0.5496994183110051,0.07592053425948668
606,REG2022ME00606,2022,ME,REGULAR,-1.6100714474143767,-0.21645222277144752,-0.6302864440651417
607,REG2021CE00607,2021,CE,REGULAR,0.4033003902452816,0.4276172815847823,-1.5613523357772998
608,REG2022ME00608,2022,ME,LATERAL_ENTRY,1.3798386997400571,-1.0692868554188253,-1.7869457313398482
609,REG2020ECE00609,2020,ECE,REGULAR,-0.16552815135332732,-0.67938456980635,-0.3770441691342582
610,REG2023CE00610,2023,CE,LATERAL_ENTRY,-0.3496149900355497,-1.1998597221795984,-0.29225521544384025
611,REG2022EEE00611,2022,EEE,REGULAR,0.01424416401371203,-1.5763517088994359,0.35354786319867676
612,REG2021CE00612,2021,CE,LATERAL_ENTRY,-0.2559305616697536,-1.1496291989508136,-0.9839328831100578
613,REG2021ECE00613,2021,ECE,REGULAR,-0.7330329955239894,1.8180619225578247,0.7751554940347829
614,REG2021EEE00614,2021,EEE,REGULAR,0.5530400858523584,1.2005316584738726,0.14035986984804696
615,REG2022CE00615,2022,CE,REGULAR,-2.8434852920517755,0.020493012926024876,0.3056143612512159
616,REG2023CSE00616,2023,CSE,REGULAR,-1.6126617580402274,0.33793372063466215,-0.25039864737008577
617,REG2022ME00617,2022,ME,REGULAR,1.507633558913684,-0.6921522120768903,1.308011915661778
618,REG2023ME00618,2023,ME,LATERAL_ENTRY,-1.1788166402247968,1.488235316869476,-1.468336561534095
619,REG2022EEE00619,2022,EEE,LATERAL_ENTRY,-2.3377548334351532,-1.3667317334829063,-0.9634775377351934
620,REG2022ECE00620,2022,ECE,REGULAR,-0.6239293007827422,-0.10471325862533802,-2.7034801297615725
621,REG2020CSE00621,2020,CSE,REGULAR,-1.748746076136388,1.9810808939292175,0.6541055958566111
622,REG2022ECE00622,2022,ECE,REGULAR,0.8669902197282723,-1.1326690518768963,0.3443557692879563
623,REG2020ME00623,2020,ME,REGULAR,-0.37366207826417025,-0.5072714105938122,-0.5939031720203022
624,REG2022ME00624,2022,ME,REGULAR,-0.10622149384201134,-0.3587659360951468,-0.08152282681934891
625,REG2020ECE00625,2020,ECE,LATERAL_ENTRY,-0.6766708032480138,1.0045929091264905,0.09682817740951716
626,REG2021EEE00626,2021,EEE,REGULAR,-0.5038467528248772,-1.733826354483668,0.3409526902216264
627,REG2023ME00627,2023,ME,REGULAR,-0.24174963889344706,0.780070297391064,-0.6302185531976071
628,REG2022CE00628,2022,CE,REGULAR,0.06992926714063982,-0.5908170987358049,0.6550406137817893
629,REG2020CE00629,2020,CE,REGULAR,0.14178542046026985,-0.503919471374263,-1.007600694660031
630,REG2023ECE00630,2023,ECE,REGULAR,-0.972920885991247,-2.9069882193216414,-0.3748220566218061
631,REG2022ME00631,2022,ME,REGULAR,-1.2374266382225725,0.10940847183297006,1.3286408282482312
632,REG2020ME00632,2020,ME,LATERAL_ENTRY,0.31318447386498,-0.45909031021899177,-0.6946003691631446
633,REG2023CE00633,2023,CE,REGULAR,-0.3899237065594453,0.15805348992013185,-0.09662367001488972
634,REG2021ECE00634,2021,ECE,REGULAR,-0.4159669279473586,-1.264144135027662,-1.0934365820964118
635,REG2022CSE00635,2022,CSE,REGULAR,0.8624334095553571,0.3405080927420234,-0.4385857106846764
636,REG2020CE00636,2020,CE,REGULAR,0.35503159817083746,0.48178370786128394,-0.6958614201447756
637,REG2023EEE00637,2023,EEE,REGULAR,-0.37670042990356545,-0.20631480361932888,0.6052237010182553
638,REG2022CSE00638,2022,CSE,REGULAR,1.115433297381134,-0.28026910446356673,-1.8259842416276302
639,REG2021ECE00639,2021,ECE,REGULAR,-1.8360719875025393,-0.7844906432421096,1.1446062820500897
640,REG2023EEE00640,2023,EEE,REGULAR,0.20971329919736692,0.22228985580085406,1.2788658133133932
641,REG2022CE00641,2022,CE,REGULAR,-0.952316380738797,-0.6769951384585313,-0.772659445270824
642,REG2021CE00642,2021,CE,REGULAR,0.8301918118626102,-0.5203821202023954,-0.2714557354520736
643,REG2023ME00643,2023,ME,REGULAR,-1.006269354325485,-0.3439760714337959,-0.027715566245399007
644,REG2020ECE00644,2020,ECE,REGULAR,-0.37147149986155037,1.2386957690643992,1.3111558681125979
645,REG2020EEE00645,2020,EEE,REGULAR,1.0728867429928937,0.32543685943381034,-0.28616863668797066
646,REG2020ECE00646,2020,ECE,REGULAR,-2.1148662950169905,-0.31676510593564716,-0.022577941094418186
647,REG2023CSE00647,2023,CSE,REGULAR,1.5293668083481444,-0.09528534714500449,1.1945634311841287
648,REG2020ME00648,2020,ME,REGULAR,0.9207255128938933,0.1847104747810833,0.937915537510655
649,REG2020EEE00649,2020,EEE,REGULAR,-1.6685992588781953,1.0587285298838789,-0.17280173739646437
650,REG2021CE00650,2021,CE,LATERAL_ENTRY,0.7719201548366751,1.9015592551136702,0.2448193738945395
651,REG2023CE00651,2023,CE,REGULAR,1.182234028938315,1.1606990035971831,-0.11565356854823089
652,REG2022EEE00652,2022,EEE,REGULAR,0.25258992737909125,-0.22315963418089083,0.5436079274801299
653,REG2022ME00653,2022,ME,REGULAR,0.0864254187861911,-0.21417453713550041,-0.0833936211288835
654,REG2023EEE00654,2023,EEE,REGULAR,-3.1878114760401433,-1.3481535740182657,0.922563516848142
655,REG2022ME00655,2022,ME,REGULAR,0.5839549948781336,-1.904452240256916,1.3321891107607855
656,REG2023ECE00656,2023,ECE,REGULAR,0.22659199149281042,-0.5402530033357673,-1.345831784542422
657,REG2022CSE00657,2022,CSE,REGULAR,-0.06551450905873228,0.32786114075077594,-0.09037403111844128
658,REG2020ECE00658,2020,ECE,REGULAR,0.9773185160643294,1.676393027208203,-0.9455068799427312
659,REG2020EEE00659,2020,EEE,REGULAR,-0.9169275453299295,0.326624217565134,1.7320492913680818
660,REG2022EEE00660,2022,EEE,REGULAR,0.702881798595122,-0.0001191485590934855,1.0833404379113156
661,REG2020ME00661,2020,ME,REGULAR,1.1246958567968959,0.7303270059233291,-0.08056579831237083
662,REG2022EEE00662,2022,EEE,REGULAR,-1.9516071935401529,0.2801102610465844,-1.5032219344128614
663,REG2021ECE00663,2021,ECE,REGULAR,-1.057057167715776,-0.960796460837577,0.672607728782654
664,REG2022ME00664,2022,ME,REGULAR,1.202238780415674,0.380198369153394,-0.17960649778617563
665,REG2023ECE00665,2023,ECE,REGULAR,1.5730603660641642,-1.6087686632045235,-0.9657850201389447
666,REG2022ME00666,2022,ME,REGULAR,0.4268269747660109,-0.699318207827662,1.162458286592306
667,REG2021ME00667,2021,ME,LATERAL_ENTRY,0.3202774109710964,0.17549496796099265,0.6268336570281299
668,REG2021ECE00668,2021,ECE,REGULAR,0.18648795396695048,1.434132723233584,0.24958456178916924
669,REG2022ECE00669,2022,ECE,REGULAR,1.0666831087145028,-0.5214856453557676,-0.8062181668090445
670,REG2020ME00670,2020,ME,REGULAR,-0.06337316763198636,0.30808566075914057,-0.030385489509986232
671,REG2020ECE00671,2020,ECE,REGULAR,1.9928326252700297,-0.7792955995214319,0.17252678292308982
672,REG2021ECE00672,2021,ECE,REGULAR,0.5108629891483177,2.444582752582506,-0.5422823377626642
673,REG2022EEE00673,2022,EEE,REGULAR,-0.8333735587954346,-0.3615885805755928,-1.1177496539261753
674,REG2021CSE00674,2021,CSE,REGULAR,-0.35870377304891893,0.08079162972197933,-0.6810551606146789
675,REG2022ECE00675,2022,ECE,LATERAL_ENTRY,-0.32943913709212347,-0.5141525165207437,0.27251582582090983
676,REG2021ME00676,2021,ME,REGULAR,-1.8597795529709078,-0.26984054067181684,-0.2893644251178287
677,REG2022EEE00677,2022,EEE,REGULAR,-0.3242937168172423,0.9339451661017365,0.4884946724532427
678,REG2020ECE00678,2020,ECE,REGULAR,2.36161144400469,2.271449745422796,-0.40439742318396127
679,REG2020CE00679,2020,CE,REGULAR,0.5957878015993596,-1.0174050212897083,-0.9831221345818416
680,REG2021CE00680,2021,CE,REGULAR,-1.618805308857679,-2.492356202902901,-0.9822400792231865
681,REG2021EEE00681,2021,EEE,REGULAR,1.3791625881974978,-0.08338014443846556,-0.5899092978657563
682,REG2023EEE00682,2023,EEE,REGULAR,0.8442832280974177,-0.22048615416741135,-0.2646147033721289
683,REG2020ECE00683,2020,ECE,REGULAR,-0.26464268630072496,-1.3630783448976937,-0.6403976790586057
684,REG2021ECE00684,2021,ECE,REGULAR,-0.8172954608806424,-2.4341763858425924,-1.5102302454168977
685,REG2023EEE00685,2023,EEE,REGULAR,-0.11101887360715423,0.12125468310393112,-0.23343279864389554
686,REG2020CSE00686,2020,CSE,REGULAR,-0.04079448978496107,0.43414222026221605,0.42713372868766064
687,REG2023EEE00687,2023,EEE,REGULAR,0.15710869450331952,1.2322139563397692,1.4328724312670815
688,REG2022ME00688,2022,ME,REGULAR,-1.4427267213732458,-0.8590275388687091,0.8135480399705504
689,REG2022ME00689,2022,ME,REGULAR,-0.34388219481266263,0.5750330351090183,-0.11639066286077632
690,REG2020ME00690,2020,ME,REGULAR,-1.392389527783687,1.0555446021319752,2.75072303053733
691,REG2023ME00691,2023,ME,LATERAL_ENTRY,-0.5150082763556918,-0.3223585508452425,-2.6490995432670594
692,REG2021ECE00692,2021,ECE,LATERAL_ENTRY,1.351502903456121,-2.0648854620468864,-1.9492312831652652
693,REG2020ECE00693,2020,ECE,REGULAR,0.6451691253728181,0.744991419614082,-0.9233339443687882
694,REG2020ME00694,2020,ME,REGULAR,0.4992600313827984,0.9778155496862003,-2.1056469418403245
695,REG2022ECE00695,2022,ECE,REGULAR,1.153590343316926,1.3863493972628438,-0.3021805869826214
696,REG2023CE00696,2023,CE,REGULAR,-2.6031370878272986,0.11038963910769706,0.5074209278332887
697,REG2020EEE00697,2020,EEE,REGULAR,0.13813170640272096,-0.5277382240281268,0.4040586174594176
698,REG2022EEE00698,2022,EEE,REGULAR,-1.346369913487781,-0.32343092954901903,1.4470354599212032
699,REG2022CSE00699,2022,CSE,REGULAR,0.04522270899998256,0.05119790188108534,-0.5017841928115321
700,REG2021ME00700,2021,ME,REGULAR,-1.372465547884101,0.5002404694365699,-0.5336003064391669
701,REG2023ECE00701,2023,ECE,REGULAR,1.7120402840178925,-1.7476365098282616,0.43477006455689116
702,REG2020EEE00702,2020,EEE,REGULAR,0.47543068252662346,-0.7955570679408823,0.4243939378610126
703,REG2021ME00703,2021,ME,REGULAR,0.5027448074908146,-2.4932708203300775,-0.965664803523208
704,REG2021CE00704,2021,CE,REGULAR,1.6291663649009451,1.3680984817638127,-1.1687410284931263
705,REG2023ME00705,2023,ME,REGULAR,1.142699916235183,-1.7325440243543537,-1.1802836038228717
706,REG2022CSE00706,2022,CSE,REGULAR,0.2635467405781687,-1.396934091467959,0.33869836883918525
707,REG2022ME00707,2022,ME,REGULAR,1.2046744399937044,-0.6240987123257102,-1.621394156122169
708,REG2020CSE00708,2020,CSE,REGULAR,0.43374922088634593,0.6569471123242788,0.8280660763723794
709,REG2022EEE00709,2022,EEE,REGULAR,0.5893493773781527,-0.2613627823268664,0.16321025502735403
710,REG2021ECE00710,2021,ECE,REGULAR,-0.3693531100465625,0.8362229368215294,-0.17315310179969787
711,REG2020EEE00711,2020,EEE,REGULAR,-0.6788617934857746,-0.31135142677602534,0.20562981469348762
712,REG2021CSE00712,2021,CSE,REGULAR,-1.034136999056765,-0.8893519930792078,1.3782840936226737
713,REG2020EEE00713,2020,EEE,REGULAR,0.22907468820570262,1.0743180127155618,0.2243396567780826
714,REG2020ME00714,2020,ME,REGULAR,0.9040175547613144,0.3207857259326839,0.19405194360587402
715,REG2020CSE00715,2020,CSE,REGULAR,-0.8319549174944512,-0.6382827265284942,-0.8153756283161213
716,REG2020EEE00716,2020,EEE,REGULAR,-1.0662349318992252,1.9203675021442612,-1.222895019555564
717,REG2021ME00717,2021,ME,REGULAR,0.7477021151316467,0.9487069174930662,-0.2542481314127337
718,REG2022EEE00718,2022,EEE,REGULAR,0.04136854399889045,0.998422823122174,-0.3091538113565132
719,REG2023EEE00719,2023,EEE,REGULAR,-0.8647221345190883,-1.210070720101203,1.7713889743890159
720,REG2021EEE00720,2021,EEE,REGULAR,0.4912029385010012,0.06122760847017254,0.07475532336563119
721,REG2021CE00721,2021,CE,LATERAL_ENTRY,-0.3975126389098622,-0.3157823764401705,-1.4081033738128916
722,REG2022CSE00722,2022,CSE,REGULAR,1.0818261510402631,-0.47386487015952894,-0.3657996727935024
723,REG2020EEE00723,2020,EEE,REGULAR,-1.1326637535596478,0.759178502705261,0.7917964128034704
724,REG2023ECE00724,2023,ECE,REGULAR,0.785812009296809,0.5597004724114222,0.187538784413962
725,REG2022ECE00725,2022,ECE,REGULAR,-0.17171756659622076,-0.1719716062926747,-0.40160771065712936
726,REG2020EEE00726,2020,EEE,REGULAR,-0.1545389942298694,1.9262075627325776,-1.0478220541276921
727,REG2021ME00727,2021,ME,REGULAR,-0.6469451712496146,-1.0165608790123495,-1.2441751126778324
728,REG2022CE00728,2022,CE,REGULAR,1.6643123877245405,0.48425756659430164,0.5337461037415729
729,REG2022CE00729,2022,CE,LATERAL_ENTRY,0.4027222168728204,-0.9111739763508288,-0.19015794373872816
730,REG2022CSE00730,2022,CSE,REGULAR,0.0567425671620541,0.8018309825449195,-0.596988390975772
731,REG2023ECE00731,2023,ECE,REGULAR,2.920752565885881,-0.9128643177636298,-0.7006526543445547
732,REG2020ECE00732,2020,ECE,LATERAL_ENTRY,0.8826480770131198,-0.3943272992351749,-0.1518533617264932
733,REG2022ME00733,2022,ME,REGULAR,-0.39232100251274205,-0.17439631834479785,-0.8318812434238743
734,REG2023ME00734,2023,ME,REGULAR,-0.10923243018654473,0.9473623994599645,-0.7043251902085312
735,REG2020CSE00735,2020,CSE,LATERAL_ENTRY,0.8455260998852114,1.1512196407856137,0.5533635687726226
736,REG2022EEE00736,2022,EEE,REGULAR,-0.36741058679481536,0.5391441179501503,0.9783699377697719
737,REG2023CSE00737,2023,CSE,REGULAR,-1.7393876111557947,0.7046058197090751,1.4532823062524691
738,REG2021ME00738,2021,ME,REGULAR,-0.11306346402703085,-0.765280061943342,-2.397498871129658
739,REG2022EEE00739,2022,EEE,LATERAL_ENTRY,0.36141552377197955,0.6082288953073121,-0.22094226150476054
740,REG2021ECE00740,2021,ECE,REGULAR,-0.9281426382790505,0.9096211314190062,-0.3769103244098489
741,REG2020ME00741,2020,ME,REGULAR,0.9965246338965807,-0.7296646238211267,-1.0225853502720914
742,REG2020CE00742,2020,CE,REGULAR,-0.302961376874301,-1.2867612946527365,0.10800074394696996
743,REG2020ECE00743,2020,ECE,REGULAR,-0.6710754269065439,-0.12924525795251812,-0.6072921849478414
744,REG2023EEE00744,2023,EEE,REGULAR,-2.412113905050417,-2.273950209236545,2.134962939679395
745,REG2022EEE00745,2022,EEE,REGULAR,-0.842497491366701,0.40319121076052195,0.20232681488414134
746,REG2020CSE00746,2020,CSE,LATERAL_ENTRY,0.5420899248003737,1.1136942376836785,-1.9450687328637115
747,REG2020CSE00747,2020,CSE,REGULAR,0.12893419124781488,-0.9452526580774773,-1.8140263481081507
748,REG2021ECE00748,2021,ECE,REGULAR,0.10770414779173078,0.5947785958245864,0.3681616950534575
749,REG2020CSE00749,2020,CSE,REGULAR,0.033900784125459965,-1.0418475454405285,-1.2334975839449034
750,REG2020CSE00750,2020,CSE,REGULAR,-1.4896374214361092,0.28304482013647975,0.16892899137085413
751,REG2021ECE00751,2021,ECE,REGULAR,0.7879014017276592,-1.4251631960622646,-0.09368006193836467
752,REG2022CSE00752,2022,CSE,REGULAR,-0.8208911395056712,0.19899651379193264,0.16610914393788453
753,REG2022ECE00753,2022,ECE,LATERAL_ENTRY,0.03731117466216155,-0.49967532494798017,0.6472674864404881
754,REG2021ECE00754,2021,ECE,REGULAR,-1.8587273710936716,1.0244989488654865,-0.28612359004294735
755,REG2021EEE00755,2021,EEE,REGULAR,-0.4153168821352231,0.8557364311752241,-1.3391617355364818
756,REG2022CSE00756,2022,CSE,REGULAR,0.1597433670507449,-0.8987672245273985,-2.0029490206721623
757,REG2020ME00757,2020,ME,LATERAL_ENTRY,0.2639281535048868,1.6916021653774134,-0.45610573514057096
758,REG2020ECE00758,2020,ECE,REGULAR,0.9651335905723796,1.125692816016916,-1.1991372343482705
759,REG2022ME00759,2022,ME,REGULAR,-0.0923413629918523,-1.2907888661505926,-0.6368595869286072
760,REG2023ME00760,2023,ME,LATERAL_ENTRY,0.4196602448120655,-0.32201317720783634,-0.24099319385519619
761,REG2022CE00761,2022,CE,LATERAL_ENTRY,0.053522797899045245,0.24293735442570713,1.0555369736494193
762,REG2021EEE00762,2021,EEE,REGULAR,0.010344015835761961,2.136520745290102,-1.2637082939790019
763,REG2020ECE00763,2020,ECE,REGULAR,1.2543135329386388,-0.20079499686862437,-1.0106211707894057
764,REG2020CSE00764,2020,CSE,REGULAR,1.7609895852253519,1.3141518113477852,-0.441605223421021
765,REG2022EEE00765,2022,EEE,REGULAR,-0.13415564209226424,0.4121091610202864,0.5573042937804867
766,REG2021EEE00766,2021,EEE,REGULAR,-0.13414517626645758,1.3147798255965035,-0.5655112882176463
767,REG2022ECE00767,2022,ECE,REGULAR,-0.38040725741084613,-0.3309781736136056,0.2789917947484741
768,REG2020ECE00768,2020,ECE,LATERAL_ENTRY,0.8618168032188239,-1.249395203059528,-1.1079830420429075
769,REG2021ECE00769,2021,ECE,REGULAR,0.5135684273533802,1.8670371088112274,-0.43448071254964726
770,REG2021ME00770,2021,ME,REGULAR,-1.5157103384012425,0.7215290294571908,0.10731591466196098
771,REG2021CSE00771,2021,CSE,REGULAR,-0.4873894162901052,0.5336479953688869,1.410213804814408
772,REG2021ECE00772,2021,ECE,REGULAR,-0.14507659570363216,-0.3279419202673591,0.8010809637881857
773,REG2022CE00773,2022,CE,REGULAR,1.1128701407684969,0.23848081136393096,-0.8393204017794592
774,REG2020EEE00774,2020,EEE,REGULAR,1.354441072784276,-1.428857236544191,0.22188350877209947
775,REG2020CSE00775,2020,CSE,REGULAR,-0.3186274038925976,1.0822379115263678,0.7206894711942295
776,REG2020CE00776,2020,CE,LATERAL_ENTRY,-0.5871393319916629,1.8755714600343396,1.6190684811080807
777,REG2020ECE00777,2020,ECE,REGULAR,-1.7314314288972656,-0.4473424610573652,-0.9275643528624586
778,REG2020EEE00778,2020,EEE,REGULAR,1.0692794575724411,0.0007101215659635721,-0.17544882972951026
779,REG2020ME00779,2020,ME,REGULAR,-0.24032823743301487,-1.6698676666737307,0.7439016768802931
780,REG2021CE00780,2021,CE,REGULAR,-0.8327052186054525,0.297394853531108,-0.10172002555304499
781,REG2022ECE00781,2022,ECE,REGULAR,0.6983208157562021,-0.25295169922576405,1.5133362783557256
782,REG2022CSE00782,2022,CSE,REGULAR,0.3980280299618697,1.1511294059581902,-0.21903181435247787
783,REG2023ME00783,2023,ME,LATERAL_ENTRY,0.15964776940790298,0.5714083877187804,0.7847815840141892
784,REG2020EEE00784,2020,EEE,REGULAR,0.62152184861589,-0.12442732310641852,-0.5690273622751935
785,REG2022ECE00785,2022,ECE,REGULAR,1.3254321090950785,-1.4068150094975382,0.5859042011646491
786,REG2021ME00786,2021,ME,REGULAR,-0.736770135947622,1.0094717885959688,-0.8449414385934964
787,REG2022EEE00787,2022,EEE,REGULAR,-0.08743532877718112,0.548319627554499,0.9495945713644882
788,REG2021CE00788,2021,CE,REGULAR,-0.059415181272494094,-0.3464265060068996,-1.611567359102828
789,REG2023ECE00789,2023,ECE,REGULAR,0.9603047962814704,0.46248362406685406,-1.1793691216326172
790,REG2022ME00790,2022,ME,LATERAL_ENTRY,0.1722543864110375,0.8875039674140593,0.7608466543114778
791,REG2022CE00791,2022,CE,REGULAR,1.2495049007061587,-1.3327773974796497,-0.349439327216956
792,REG2020ME00792,2020,ME,REGULAR,-0.7725687487562409,-0.5969742867210739,-2.390304367469438
793,REG2022ME00793,2022,ME,REGULAR,1.3747989145631654,-1.096785837449347,0.7866041086160771
794,REG2020EEE00794,2020,EEE,REGULAR,-0.5422377180278297,0.1552998414824395,-1.834391306280583
795,REG2021EEE00795,2021,EEE,REGULAR,0.41053201440925186,0.880285078983781,0.5886526793824348
796,REG2023ECE00796,2023,ECE,LATERAL_ENTRY,-0.08392725487267538,0.07089065282206512,-0.8960315637655879
797,REG2020ECE00797,2020,ECE,REGULAR,0.5800988416352069,0.543456460954106,-0.6949659912993648
798,REG2021ECE00798,2021,ECE,REGULAR,-0.027827544629273795,0.5662267648959507,0.30102360416356155
799,REG2021ECE00799,2021,ECE,REGULAR,0.36564858665590444,-0.626001126138799,-0.5472836498662091
800,REG2022ME00800,2022,ME,REGULAR,-1.0084199309311899,-0.5445221586943206,-1.4848878982438871
801,REG2020ECE00801,2020,ECE,REGULAR,0.8168387096322518,0.5947649147769306,0.8362210788750023
802,REG2021ECE00802,2021,ECE,REGULAR,-0.7390188969989682,0.4289203981809886,0.6108976739007975
803,REG2021EEE00803,2021,EEE,REGULAR,-2.0650830462563206,0.02845758118315888,-2.077811819856197
804,REG2022ECE00804,2022,ECE,REGULAR,-0.3202978045366419,-0.10611951556933184,1.7046510059281352
805,REG2020ECE00805,2020,ECE,REGULAR,2.390766164767724,0.3770920937424761,-0.09996977981690322
806,REG2023ME00806,2023,ME,REGULAR,-1.595636760889683,-0.715063220637426,-0.6099007628719222
807,REG2023CSE00807,2023,CSE,REGULAR,-0.026515248728958104,0.37807079600140253,-0.44200683196040363
808,REG2022EEE00808,2022,EEE,REGULAR,1.3208479062207072,1.177544724769586,-0.21257862798856803
809,REG2020ECE00809,2020,ECE,REGULAR,-0.061101913751366144,-0.5520580017774018,1.6845797460168992
810,REG2020EEE00810,2020,EEE,LATERAL_ENTRY,1.8438986920019504,0.2174165756867133,-0.32662348908556715
811,REG2021ME00811,2021,ME,LATERAL_ENTRY,0.2805323405552585,1.0160935216469669,-1.0642215103355075
812,REG2021ME00812,2021,ME,REGULAR,0.9952112224773986,1.6209759662493883,-0.11308033588623528
813,REG2021CSE00813,2021,CSE,REGULAR,-0.02230028371805306,-0.6888855425754058,0.20475888240178416
814,REG2022EEE00814,2022,EEE,REGULAR,0.7658782794806148,0.19256023453262594,1.1447596114522973
815,REG2021ECE00815,2021,ECE,REGULAR,1.37004366117099,-1.6328778384903724,0.2353179614390996
816,REG2023ECE00816,2023,ECE,LATERAL_ENTRY,-0.5401030935987851,0.22080850788809117,-1.0102224021118547
817,REG2022CE00817,2022,CE,REGULAR,0.32893289392409836,0.8403191275848486,0.2502953101830424
818,REG2022EEE00818,2022,EEE,REGULAR,0.8091160682419203,0.7636977158480469,1.127374010445556
819,REG2020CE00819,2020,CE,REGULAR,0.6649554577357163,-0.9881633476704091,-1.6211194770561796
820,REG2023CSE00820,2023,CSE,LATERAL_ENTRY,-0.3257257767370883,0.39844386335668186,0.4372310975470408
821,REG2023ECE00821,2023,ECE,REGULAR,-1.5122755927410747,-0.8993741271546539,0.006464187197597223
822,REG2021EEE00822,2021,EEE,LATERAL_ENTRY,-0.5573549836553883,-0.9092601032328502,0.29054425947974594
823,REG2020ECE00823,2020,ECE,LATERAL_ENTRY,-0.6278933377832893,-2.8918325989502063,1.9346812294138171
824,REG2023CSE00824,2023,CSE,REGULAR,-1.074305386226487,-0.7640457815938431,-1.0649988251091498
825,REG2022EEE00825,2022,EEE,REGULAR,-1.005853564748964,-1.7093096952910454,0.6513450123530484
826,REG2021CSE00826,2021,CSE,LATERAL_ENTRY,-1.3190638614849677,0.29434118761839906,1.6653090460600914
827,REG2020CSE00827,2020,CSE,REGULAR,-0.29764257302142966,2.57107015662954,-0.3807944311392093
828,REG2023CE00828,2023,CE,REGULAR,-0.5423083361256181,-0.7584629622998692,-0.9702767839358374
829,REG2021CSE00829,2021,CSE,REGULAR,0.22308756038049984,1.0561841396260951,1.1044949854426334
830,REG2020CE00830,2020,CE,REGULAR,-0.60165240218144,-1.535018762665875,0.5375173830201151
831,REG2022CSE00831,2022,CSE,REGULAR,0.03850364563480881,1.440585080601879,-0.8232050973014229
832,REG2023ME00832,2023,ME,REGULAR,1.0886965586176958,-2.170861570833669,-0.5125676574442902
833,REG2022CSE00833,2022,CSE,REGULAR,0.6933997058718859,-0.08916658163496832,-0.22344290986312845
834,REG2021ME00834,2021,ME,REGULAR,-1.8673445686995063,-0.9508622854666883,-0.17885512150830743
835,REG2022EEE00835,2022,EEE,REGULAR,-0.31374127735429075,0.4201532939862862,-0.5443635815090949
836,REG2021EEE00836,2021,EEE,REGULAR,0.9313409231830024,0.44272027519264323,0.9963509875907843
837,REG2021EEE00837,2021,EEE,REGULAR,1.82995966975421,0.11206637517823875,1.1416288643294894
838,REG2020ECE00838,2020,ECE,REGULAR,-0.44215497023652023,1.813407698515423,-0.3428788615575641
839,REG2020CE00839,2020,CE,REGULAR,0.2783486346446696,-0.5092133625991345,-0.8463597198869729
840,REG2020EEE00840,2020,EEE,REGULAR,-0.5849076534177698,-0.4787585715216887,0.35947579754712566
841,REG2021CE00841,2021,CE,REGULAR,-1.8045131792870404,-0.3694316894606993,-0.9692776873321504
842,REG2022CSE00842,2022,CSE,REGULAR,0.15469674934532343,-1.7081193946081297,2.6376948879639013
843,REG2020ECE00843,2020,ECE,REGULAR,-0.30616585785550987,0.7345981283029958,0.677181686725047
844,REG2021CE00844,2021,CE,REGULAR,0.18252928039743874,-0.3119019831088788,0.5132324268151828
845,REG2021EEE00845,2021,EEE,REGULAR,0.6878999679959102,1.6407289410055337,-0.39833644413023683
846,REG2020ME00846,2020,ME,REGULAR,1.1853697808237873,-1.704868601730616,0.07393278703050211
847,REG2021CE00847,2021,CE,REGULAR,-0.1596851874882997,0.4300656871753184,0.8469465017699129
848,REG2022CSE00848,2022,CSE,REGULAR,0.14650920095844308,-0.32046254975964383,0.024763538095802742
849,REG2023ECE00849,2023,ECE,REGULAR,-0.7929474973316006,0.6874652897694855,0.4474555421329706
850,REG2020EEE00850,2020,EEE,REGULAR,-0.3079023422705998,-0.005560293648070566,1.1785126897984228
851,REG2022EEE00851,2022,EEE,REGULAR,-0.31036878358129494,-0.6011481365959824,0.26519863594830195
852,REG2023ECE00852,2023,ECE,REGULAR,-0.6463152957693442,0.17737917091446778,-2.0998732322190468
853,REG2023ME00853,2023,ME,REGULAR,-0.9004292254644897,0.5921019610431432,-0.8172837500330771
854,REG2021ME00854,2021,ME,REGULAR,0.7757856567932201,0.05435147854701664,-1.3434269671216956
855,REG2022ME00855,2022,ME,REGULAR,0.20953423026279433,-1.0916251721591026,0.23384802578959837
856,REG2021ECE00856,2021,ECE,REGULAR,1.0354434164169448,-0.3925217049287987,-0.6091347692138098
857,REG2021CSE00857,2021,CSE,LATERAL_ENTRY,0.2574300760580134,-0.9707606634025506,0.8028040582132207
858,REG2023CE00858,2023,CE,REGULAR,2.896518605519746,-1.887531903008126,-0.5964175185933182
859,REG2022ME00859,2022,ME,REGULAR,0.939579412355179,-0.9000542326642493,-1.5734497601022186
860,REG2021CSE00860,2021,CSE,REGULAR,-1.2210774640880675,-1.0065904164097708,-0.5863606859712936
861,REG2021CE00861,2021,CE,LATERAL_ENTRY,0.12214071407404775,1.5167422881217778,1.202056601065949
862,REG2023CSE00862,2023,CSE,REGULAR,0.5920402367006328,-0.07952726770819862,-2.3936841517341287
863,REG2021ECE00863,2021,ECE,REGULAR,1.6065473862883348,-0.8975666850003668,-0.33265481807827224
864,REG2021ME00864,2021,ME,LATERAL_ENTRY,1.2676393760604587,-0.5665109952314721,-1.1201834386872052
865,REG2023EEE00865,2023,EEE,REGULAR,0.25582964843439365,-0.48755188204447686,0.9091963516995217
866,REG2020ECE00866,2020,ECE,REGULAR,-0.7992857138662711,-1.307369782230964,-1.5978721344948377
867,REG2022CE00867,2022,CE,LATERAL_ENTRY,-0.6300249795338944,0.7319555025098458,-0.19692180799688963
868,REG2020CE00868,2020,CE,REGULAR,-0.4645810781156185,0.10168539544729768,0.10565382502606138
869,REG2023ME00869,2023,ME,REGULAR,-0.3963955201764545,-0.16896520666251094,-1.7211758252897242
870,REG2021ME00870,2021,ME,LATERAL_ENTRY,-0.9161415165813434,0.9370668751020312,-0.5890902225314012
871,REG2023ME00871,2023,ME,REGULAR,0.9319345423163097,1.096652268766096,1.0839209665356082
872,REG2023ECE00872,2023,ECE,REGULAR,1.6040912534772398,1.8140091810749837,-1.8007003177768348
873,REG2020ME00873,2020,ME,REGULAR,1.7912650641707064,0.14735127314324467,0.18413277302254438
874,REG2023CE00874,2023,CE,REGULAR,-1.2797979861194704,-0.047683135241226755,-0.44449902821020504
875,REG2020EEE00875,2020,EEE,REGULAR,0.345151149806441,-0.8497413321599213,-0.07715264860810528
876,REG2020CE00876,2020,CE,REGULAR,-0.6410762654407186,-1.2337728415555556,-0.16474093010410207
877,REG2021ME00877,2021,ME,REGULAR,0.5914421517518549,0.6802203604766911,0.3074035697196884
878,REG2020EEE00878,2020,EEE,REGULAR,-0.8246122504347609,-0.5966290586117302,2.0979393391324312
879,REG2021EEE00879,2021,EEE,REGULAR,-1.8964223760596726,-0.007582887921041749,-0.470303142603962
880,REG2020CE00880,2020,CE,REGULAR,-1.6247813593972622,0.19149285167317387,-0.8935264849533213
881,REG2021ECE00881,2021,ECE,LATERAL_ENTRY,-1.2129249424501396,0.8695511066477908,-0.13302188064008896
882,REG2020EEE00882,2020,EEE,REGULAR,0.8492023092622182,-0.4062424488695278,-0.6168308771222708
883,REG2021EEE00883,2021,EEE,LATERAL_ENTRY,-0.047110115631033025,0.48005026800500145,2.766139919811899
884,REG2021EEE00884,2021,EEE,LATERAL_ENTRY,0.2682749397895262,-0.9006713825124801,-0.9642000714232447
885,REG2021CE00885,2021,CE,REGULAR,1.0800560591393102,0.9427885141400756,0.48730523704499484
886,REG2022CSE00886,2022,CSE,REGULAR,1.0719298652117972,-0.12517442838316423,0.8468821038849139
887,REG2021ME00887,2021,ME,REGULAR,0.54090851856099,0.8761691671912328,-0.6683451948468017
888,REG2021ECE00888,2021,ECE,REGULAR,-0.0610756713523761,0.200459631413729,0.6089053562546319
889,REG2020CE00889,2020,CE,REGULAR,-0.35084943007647457,-2.2183477600510813,1.369701107654185
890,REG2022EEE00890,2022,EEE,REGULAR,-1.0860545821180863,-0.9005903525360619,-1.1327849512677453
891,REG2023ME00891,2023,ME,REGULAR,1.0013664562908624,0.26458453602911114,-0.12613176032384463
892,REG2021ME00892,2021,ME,REGULAR,0.9673112330382152,0.007593935378123897,1.7288798873966862
893,REG2020ME00893,2020,ME,REGULAR,-0.3405987069098616,0.500143033113884,-1.3569355696995753
894,REG2021EEE00894,2021,EEE,REGULAR,0.223153054747697,0.551885971822154,0.6802302084176292
895,REG2021CE00895,2021,CE,REGULAR,-1.936752702502465,-0.7613552698089406,-0.8782632528234666
896,REG2021ECE00896,2021,ECE,REGULAR,0.09988695440921298,-0.4949654803680733,-0.4975724983092141
897,REG2022EEE00897,2022,EEE,REGULAR,-0.965419509715553,-0.2661304013086679,-0.9879326079059207
898,REG2020EEE00898,2020,EEE,REGULAR,0.06437257087223061,-0.062354641968780086,0.4909153489266592
899,REG2023CSE00899,2023,CSE,REGULAR,0.9811211880125139,1.1316381196683123,0.3203019330485454
900,REG2021CSE00900,2021,CSE,REGULAR,0.6647502719530682,1.054731334981796,-0.7900608725979532
901,REG2021ME00901,2021,ME,LATERAL_ENTRY,-2.1440401256746693,0.17562030822576033,0.9817809469558025
902,REG2021ECE00902,2021,ECE,REGULAR,-1.6459238464460166,0.20686178049280077,-0.553574507005462
903,REG2020ECE00903,2020,ECE,REGULAR,0.6470103643824976,-0.003981149493700086,-0.47585533659342516
904,REG2022EEE00904,2022,EEE,REGULAR,-0.06930202937111309,0.6559714649596418,0.6902663991729188
905,REG2020CE00905,2020,CE,REGULAR,-0.4608323397967628,-0.37342969501618045,0.0038806166804070605
906,REG2021ME00906,2021,ME,REGULAR,1.6221749188698538,0.17188483425132942,0.9185508237936642
907,REG2022ECE00907,2022,ECE,REGULAR,0.8815849843885636,-0.01412072193343282,-0.158673505479252
908,REG2021CE00908,2021,CE,REGULAR,1.2523670966607754,0.48879331552664823,-1.2657126521695894
909,REG2020CE00909,2020,CE,REGULAR,0.15087187127547017,0.3803068424015443,-0.9279212994516468
910,REG2020CE00910,2020,CE,REGULAR,-0.590674561884852,2.39849860669323,2.6741038924860177
911,REG2021EEE00911,2021,EEE,REGULAR,1.686303574202864,-0.3437901374402593,0.161039507812854
912,REG2020CE00912,2020,CE,LATERAL_ENTRY,1.2172897339227675,-1.2723949772052185,-0.6305430957380155
913,REG2022CE00913,2022,CE,REGULAR,-0.2607698462560682,-1.2385631890346671,-1.1479358182093777
914,REG2023CSE00914,2023,CSE,REGULAR,0.03360131664398963,-0.014339709973157937,-0.21441186170669335
915,REG2022CSE00915,2022,CSE,LATERAL_ENTRY,-0.9026039868604906,-0.7347062559261178,0.2844917858945168
916,REG2022CE00916,2022,CE,REGULAR,0.3203685642927417,-0.8854908865878482,0.16188818624025636
917,REG2020ECE00917,2020,ECE,LATERAL_ENTRY,0.37021188994174087,0.5843141664353096,-0.10047572057170599
918,REG2020CSE00918,2020,CSE,REGULAR,-0.057390703001542885,1.3931812579349059,0.8393491142316022
919,REG2020ECE00919,2020,ECE,REGULAR,-0.3897168901934041,-1.8486356916305207,-0.1675573394012255
920,REG2021EEE00920,2021,EEE,REGULAR,0.18940590077956157,0.7918593103880676,-0.5706404302001128
921,REG2020CSE00921,2020,CSE,REGULAR,0.8524686434329506,-1.2291835978004162,1.4521176991825604
922,REG2020EEE00922,2020,EEE,LATERAL_ENTRY,0.014149264965758293,0.07361650962869719,-0.13766383036028432
923,REG2023ME00923,2023,ME,REGULAR,-0.6503000099964535,0.6184363105987696,-0.4096841892180281
924,REG2021ECE00924,2021,ECE,LATERAL_ENTRY,-0.24063805437007116,1.8609870401836113,0.129683909565276
925,REG2022CE00925,2022,CE,REGULAR,-0.3386843240985971,-0.1721442737084734,0.7255283730379855
926,REG2020ECE00926,2020,ECE,REGULAR,0.1366718711628826,1.7760872803800642,-0.46077501373165286
927,REG2021ME00927,2021,ME,REGULAR,-0.6135876053627944,0.19624094066672046,0.5457867135323555
928,REG2020EEE00928,2020,EEE,REGULAR,-2.1715714047604475,-0.2775442563155516,1.2912738390158789
929,REG2020ME00929,2020,ME,REGULAR,-0.21596052035023222,0.9374774925069249,1.6350663945275195
930,REG2023ECE00930,2023,ECE,REGULAR,1.311693449272661,-0.3451647054497966,0.4892545350763279
931,REG2020ECE00931,2020,ECE,REGULAR,0.06783851391693768,-2.0199273321561364,1.44194500580189
932,REG2023ME00932,2023,ME,REGULAR,-0.5123742406766936,-0.9729939966852104,1.9866712645733091
933,REG2021ME00933,2021,ME,REGULAR,0.8327990035453819,0.8467375775313379,-1.1550890904393236
934,REG2020EEE00934,2020,EEE,REGULAR,-0.41990300286759047,-0.3070583189087121,1.200758961536907
935,REG2022EEE00935,2022,EEE,REGULAR,-0.6792306531929551,-2.914255989816941,0.5232231857370332
936,REG2021EEE00936,2021,EEE,LATERAL_ENTRY,-1.2203206899439758,-1.0647561553476776,-0.16864186864827352
937,REG2021ECE00937,2021,ECE,LATERAL_ENTRY,1.5805418406083696,0.6784591530118383,-0.7188904151696235
938,REG2021EEE00938,2021,EEE,REGULAR,0.20406870227498228,0.36709584173386034,-0.13359779332776944
939,REG2021CE00939,2021,CE,REGULAR,-0.10186351009803027,0.9337462088379921,-1.3201902358324924
940,REG2023ME00940,2023,ME,REGULAR,-0.1712389564550487,0.718417423471641,-0.15774698323148525
941,REG2022ME00941,2022,ME,LATERAL_ENTRY,-0.8561698406617501,0.03556607403299353,0.6523061516102304
942,REG2020ME00942,2020,ME,REGULAR,-1.6313351104170732,0.4802605014059249,-1.0551076754804494
943,REG2023ME00943,2023,ME,REGULAR,0.6927690318488607,1.105833066294713,0.8614365256328049
944,REG2020EEE00944,2020,EEE,REGULAR,0.2513166482381024,1.471034690817104,-0.6994952201676432
945,REG2022ECE00945,2022,ECE,REGULAR,-0.40710696875416463,0.12011888307512211,-0.7999930946950367
946,REG2022ME00946,2022,ME,REGULAR,-0.27022831902728783,0.29289256915471507,-0.05614513198520448
947,REG2020ECE00947,2020,ECE,REGULAR,0.7887849831273013,0.26308080171222237,-0.9621989493216646
948,REG2021CSE00948,2021,CSE,REGULAR,0.32533929597499167,0.06385316502822268,-1.1383813885557479
949,REG2020CE00949,2020,CE,REGULAR,1.2099492585587117,1.1022893749291518,-1.1441491444170604
950,REG2021CE00950,2021,CE,REGULAR,-0.6377949051165285,0.4096361186839935,0.356972759266926
951,REG2020CSE00951,2020,CSE,LATERAL_ENTRY,2.3883719928704386,1.184256645196173,0.7228268949855121
952,REG2020EEE00952,2020,EEE,REGULAR,0.11179915820338826,0.856095854230007,0.575060767550441
953,REG2021CE00953,2021,CE,REGULAR,-0.7233451687434653,0.6627818860209612,0.9826569072723415
954,REG2020CSE00954,2020,CSE,REGULAR,-0.5434727588295352,0.4918732124419854,-1.3096333636908042
955,REG2023CSE00955,2023,CSE,LATERAL_ENTRY,0.4746334540141737,1.4671626696512623,0.2895202093163524
956,REG2023CE00956,2023,CE,REGULAR,-0.9008549064331837,0.6264660917775864,0.4017887457877164
957,REG2023ECE00957,2023,ECE,REGULAR,-0.16512292222183975,-0.8265151712460557,0.584683281917922
958,REG2022CSE00958,2022,CSE,REGULAR,-0.37022559186635445,0.2506924160227523,-0.8119741522934762
959,REG2022ME00959,2022,ME,LATERAL_ENTRY,0.6611025357349691,-1.264767283185519,0.781173856610691
960,REG2022ECE00960,2022,ECE,REGULAR,-0.9663840692682004,-0.5470242510096599,-0.09861764364055983
961,REG2021ME00961,2021,ME,REGULAR,1.154349574765506,-0.15274456781252005,-0.7693610487280315
962,REG2020EEE00962,2020,EEE,LATERAL_ENTRY,0.14858622908306054,-1.3750628849187112,-1.3481975021152934
963,REG2022EEE00963,2022,EEE,REGULAR,-0.5937160585353624,1.1082668228289316,-0.568056287661465
964,REG2021CSE00964,2021,CSE,REGULAR,1.0751803969737295,0.6798203458289699,0.1375195727236849
965,REG2021CSE00965,2021,CSE,LATERAL_ENTRY,-0.0668909415947264,1.454656478829222,-0.7332686838041768
966,REG2022ECE00966,2022,ECE,REGULAR,-0.30950076200379456,-0.8845030730600199,-0.5205941776804528
967,REG2020EEE00967,2020,EEE,REGULAR,-0.0518688637699017,-0.13633084246568322,2.1495532637328094
968,REG2020CE00968,2020,CE,REGULAR,1.8334845771769812,-0.0992003529315567,0.3765101381706205
969,REG2021CSE00969,2021,CSE,REGULAR,1.5825549693125323,-0.25755157114530397,0.6622501856957386
970,REG2023EEE00970,2023,EEE,REGULAR,-0.9303056978544451,-0.675373238803288,1.1553004115216927
971,REG2020CSE00971,2020,CSE,LATERAL_ENTRY,-0.3551216554904988,0.41482448203587435,-0.3415766322183575
972,REG2022ECE00972,2022,ECE,REGULAR,0.8671930619189393,-0.028802694674421554,-1.3285025290151236
973,REG2020ECE00973,2020,ECE,REGULAR,1.573412147525846,0.5581367230264489,-0.1057903878517124
974,REG2020ECE00974,2020,ECE,LATERAL_ENTRY,-0.04057187281015166,0.868772500590771,-1.1863364271098544
975,REG2023ME00975,2023,ME,REGULAR,0.5878558881377351,0.6197387847028688,-1.911316891662504
976,REG2022CE00976,2022,CE,REGULAR,0.09297924652940966,1.3508523306990055,-0.6536791406374189
977,REG2023ECE00977,2023,ECE,REGULAR,0.6855897462984164,-0.1416485860101269,1.1663705456692521
978,REG2021ME00978,2021,ME,REGULAR,0.5309756619640905,-0.5618420993516988,0.4793609534294221
979,REG2021ECE00979,2021,ECE,REGULAR,0.53102609489421,0.1488768039176911,1.1815677164191463
980,REG2023EEE00980,2023,EEE,REGULAR,2.343654052812625,0.8707466445884032,0.94881309647162
981,REG2020ME00981,2020,ME,REGULAR,-0.47579544400490115,-0.8261119917145421,-0.6870140996994973
982,REG2023CE00982,2023,CE,REGULAR,-1.3505559643429832,0.1909165241437107,-0.03633060804234174
983,REG2021EEE00983,2021,EEE,REGULAR,0.14693529838668778,-0.5221315700199924,3.0768603701805035
984,REG2023ME00984,2023,ME,LATERAL_ENTRY,1.360115900180313,-0.6080061429373236,-1.014479726707414
985,REG2022EEE00985,2022,EEE,REGULAR,-0.2500146859353622,-0.8822107959959048,-0.7158007627414388
986,REG2020ME00986,2020,ME,REGULAR,-0.24413991630933043,-0.02142655372656402,-0.028407862293164363
987,REG2023ME00987,2023,ME,REGULAR,0.6324542166423008,-0.47417817510396487,-0.7717719573928751
988,REG2021ECE00988,2021,ECE,REGULAR,1.6095206657759729,-0.8220760118279274,-1.2192844665221938
989,REG2023ECE00989,2023,ECE,REGULAR,-1.0642200068173489,-0.009844808650383004,-1.6885051880685
990,REG2021EEE00990,2021,EEE,REGULAR,-1.1200474224698722,-0.3918767653868664,-1.017764309076953
991,REG2021ECE00991,2021,ECE,REGULAR,-1.1729838514653932,-1.7346639215329904,-0.4650694490635756
992,REG2023EEE00992,2023,EEE,REGULAR,1.1918685063086654,-0.20008056580668063,-0.5925018938019225
993,REG2023CSE00993,2023,CSE,REGULAR,0.00041796377814229066,-0.17831011192907578,0.3251691300519507
994,REG2022ME00994,2022,ME,REGULAR,-0.08005774853408995,-1.8386127764956959,-1.3543789299543936
995,REG2021EEE00995,2021,EEE,REGULAR,1.6637328321434735,0.30524312653135294,0.5873916998060122
996,REG2023EEE00996,2023,EEE,REGULAR,1.41418728833109,0.12086187902639821,-0.8687917471595057
997,REG2022ME00997,2022,ME,REGULAR,-0.4313539269192858,-0.10380668113433723,0.24315171462324214
998,REG2022CSE00998,2022,CSE,LATERAL_ENTRY,0.5865607681068786,-0.18386929981662092,0.18823327270113427
999,REG2023CSE00999,2023,CSE,REGULAR,0.38916981022344826,0.0007086276805219297,-0.2905984773431331
1000,REG2021EEE01000,2021,EEE,LATERAL_ENTRY,-0.5941156304879844,2.205529568265414,1.199336780928251
1001,REG2020EEE01001,2020,EEE,REGULAR,-0.3856726309778482,0.43450264609130573,0.240205843946223
1002,REG2023ME01002,2023,ME,REGULAR,1.2531328247682434,0.3268554006104374,-1.3892987302109905
1003,REG2023EEE01003,2023,EEE,REGULAR,-0.05152292852464606,0.5030903686237468,-0.3187483152461331
1004,REG2021EEE01004,2021,EEE,LATERAL_ENTRY,-1.029811848541845,-0.32659082745082735,0.8311199979939045
1005,REG2022ECE01005,2022,ECE,REGULAR,-1.0631733557393501,0.4146328952413382,0.1696317061856208
1006,REG2023CE01006,2023,CE,REGULAR,2.8439473965256803,1.087102362015743,0.31524492657085446
1007,REG2023CSE01007,2023,CSE,REGULAR,-0.9157386703805219,1.1396378120140314,-1.087143500237299
1008,REG2020EEE01008,2020,EEE,REGULAR,-0.5615238572147315,0.2499290262631895,-0.5614830247660241
1009,REG2020ME01009,2020,ME,REGULAR,-0.1336039376031704,-0.7672953745205758,1.9219329636180247
1010,REG2023CSE01010,2023,CSE,REGULAR,-0.6570629191417124,-0.3549462302069728,0.5022912253823866
1011,REG2021CSE01011,2021,CSE,REGULAR,-0.5388348460240047,-1.5977961518995942,1.4655763843647105
1012,REG2023EEE01012,2023,EEE,REGULAR,-0.47782837737406914,0.3087582043113931,-0.7085912669382154
1013,REG2023ME01013,2023,ME,REGULAR,-0.17318383939617413,-0.3266627584501871,0.057117840551174894
1014,REG2022EEE01014,2022,EEE,LATERAL_ENTRY,0.2848252786236364,-0.5554447928650015,0.02186574218222265
1015,REG2021ECE01015,2021,ECE,REGULAR,-2.1047495057190146,2.042177910534731,0.15532499919940146
1016,REG2023CE01016,2023,CE,REGULAR,0.3981472651225371,-0.18592448094877073,-1.5993947621943112
1017,REG2023EEE01017,2023,EEE,REGULAR,-1.0319662838471795,-0.4402592043864004,1.2880757248523775
1018,REG2022CE01018,2022,CE,REGULAR,0.014508999262654136,0.7310006267854814,0.5384349572164524
1019,REG2020ECE01019,2020,ECE,LATERAL_ENTRY,0.5333455591395808,-0.9152064123034229,0.7923484089436821
1020,REG2022ME01020,2022,ME,LATERAL_ENTRY,0.2942483127670564,0.4990958161377494,-1.6922708316433286
1021,REG2020CSE01021,2020,CSE,REGULAR,-0.014686414391873468,-1.8015029965080767,-0.6642043439462315
1022,REG2023ECE01022,2023,ECE,REGULAR,-1.9062723220007058,-0.22163488657080457,0.28588696725679236
1023,REG2023CE01023,2023,CE,LATERAL_ENTRY,-0.3257304552504472,0.7405453658744364,0.12946193512519885
1024,REG2022CSE01024,2022,CSE,REGULAR,-1.9856633558035592,0.9399808180928202,-0.3895427945831535
1025,REG2022CSE01025,2022,CSE,REGULAR,-1.9020696485464397,-1.2498893112390432,0.14294961011538898
1026,REG2023ECE01026,2023,ECE,LATERAL_ENTRY,0.2267116863405666,-1.1789234912983253,-0.21966945235096014
1027,REG2020ECE01027,2020,ECE,REGULAR,0.6095260452086012,-1.5553737338412423,0.20084509311570958
1028,REG2023CSE01028,2023,CSE,REGULAR,0.1007910726448063,1.5458104271641642,1.0985286222141364
1029,REG2020CSE01029,2020,CSE,LATERAL_ENTRY,-1.733469498036188,0.22149330713283266,0.08643018908754228
1030,REG2021ECE01030,2021,ECE,LATERAL_ENTRY,-0.42410381558409904,-0.7354489203920433,-0.026605105036981547
1031,REG2022CE01031,2022,CE,REGULAR,2.5323876002383434,-0.02089627660473875,0.1265144545696673
1032,REG2021ME01032,2021,ME,REGULAR,-0.250210272764142,1.896037495153939,-0.12415920746681924
1033,REG2022EEE01033,2022,EEE,REGULAR,-0.8909225920448536,0.7192509830553334,1.4051700555953608
1034,REG2021CSE01034,2021,CSE,REGULAR,-0.24134277240300922,0.6566942596644293,1.3658653351859897
1035,REG2022CE01035,2022,CE,REGULAR,-1.4389146943361546,1.332818794356268,0.3984973503055624
1036,REG2022ECE01036,2022,ECE,REGULAR,-0.07978434543267753,1.6733639461525236,-0.5894523999387185
1037,REG2022CE01037,2022,CE,REGULAR,-1.3805987058996512,-0.43615544150748503,-0.25762048551099404
1038,REG2021ECE01038,2021,ECE,REGULAR,-0.06963345330010817,0.19099374777060965,0.0425482579903094
1039,REG2022ME01039,2022,ME,REGULAR,0.588500786261195,0.6668723450757911,-0.3370574860446252
1040,REG2022CSE01040,2022,CSE,REGULAR,0.13791652091806014,1.3483863719881566,0.7120317209883875
1041,REG2022CSE01041,2022,CSE,REGULAR,-0.5031042244214121,2.2632328390855356,0.08870623904475719
1042,REG2023EEE01042,2023,EEE,LATERAL_ENTRY,0.231529903802877,-0.33887494544898544,0.18999086070417107
1043,REG2020EEE01043,2020,EEE,LATERAL_ENTRY,0.7980598733523421,-1.1766718290700633,-0.10213305824070133
1044,REG2021ME01044,2021,ME,REGULAR,0.9899490399685423,-0.039236473698743904,-1.754788742122387
1045,REG2020CSE01045,2020,CSE,REGULAR,-1.167651782116426,0.009140675822632775,-1.9308529392530067
1046,REG2020EEE01046,2020,EEE,REGULAR,-0.6742902925848823,-0.8814249061673531,1.4041659401003963
1047,REG2021EEE01047,2021,EEE,REGULAR,-0.7661208306106709,-1.128062554807694,0.30989477938063453
1048,REG2021EEE01048,2021,EEE,REGULAR,-1.2735855485965992,0.5496831862902597,1.801430099266488
1049,REG2021EEE01049,2021,EEE,REGULAR,-0.1248868853500674,0.01569779595775838,0.21865930675729758
1050,REG2023CE01050,2023,CE,REGULAR,-0.44632051523434463,0.9917503454465558,0.17907053145719495
1051,REG2021CSE01051,2021,CSE,LATERAL_ENTRY,0.25442645742672076,-0.6217693528332011,-0.8019092044499574
1052,REG2020CSE01052,2020,CSE,REGULAR,-2.454973541273946,-0.2280280297848792,1.4388263794542229
1053,REG2022ME01053,2022,ME,REGULAR,-2.4242503239372004,-0.37845465357745733,0.30269799437673234
1054,REG2022CSE01054,2022,CSE,REGULAR,0.20267836338519052,1.1598399663883443,-0.5059661989878553
1055,REG2021CSE01055,2021,CSE,REGULAR,0.10716991525959621,-1.0785127413645972,-0.17529452990401284
1056,REG2020ME01056,2020,ME,REGULAR,0.3993176017191309,0.16319845949635756,-0.41823278555492294
1057,REG2023ECE01057,2023,ECE,REGULAR,-1.5606069870329287,1.8205151002195816,-0.6331490039572499
1058,REG2022EEE01058,2022,EEE,REGULAR,-0.9747369907801692,1.3207501278261604,0.1693750512716112
1059,REG2021CE01059,2021,CE,REGULAR,0.5314896881466579,1.8348201445867027,-0.7350729836273577
1060,REG2020CE01060,2020,CE,REGULAR,1.6670127053570707,2.2123906375910085,0.39164023988893254
1061,REG2022CSE01061,2022,CSE,LATERAL_ENTRY,-0.5732826225769339,-1.506125477688831,-1.096757167029321
1062,REG2022ME01062,2022,ME,REGULAR,0.7131281076945163,-0.005391499726866356,-0.8936145016560537
1063,REG2021EEE01063,2021,EEE,LATERAL_ENTRY,-1.3489517343057593,-0.3084693332099046,-2.033940616888496
1064,REG2021ECE01064,2021,ECE,REGULAR,-1.3813848745522488,-1.1881483810458113,0.07183290770666434
1065,REG2020ECE01065,2020,ECE,REGULAR,-1.6270049208667487,2.0225902305694814,1.2525407310292307
1066,REG2022EEE01066,2022,EEE,REGULAR,-0.7790194215199856,-0.16119802232713018,0.6613694631861476
1067,REG2020CSE01067,2020,CSE,REGULAR,0.8747440830314708,0.34296353244448485,1.9396119086074448
1068,REG2021EEE01068,2021,EEE,REGULAR,1.2873926486583085,0.35176613781432575,0.5238073630877538
1069,REG2020ME01069,2020,ME,REGULAR,-2.405712742876312,0.7177654091248232,1.0414472168833544
1070,REG2022ME01070,2022,ME,REGULAR,-1.1611188561568362,-0.3665291824070732,1.3107605273633538
1071,REG2023ECE01071,2023,ECE,REGULAR,1.804834365643998,-0.14555669853638353,1.2465455932310676
1072,REG2021ECE01072,2021,ECE,REGULAR,-1.5987028618289345,-0.48146077653268887,-1.403286596653112
1073,REG2023CSE01073,2023,CSE,REGULAR,2.0136989173313573,0.5622502831697198,0.7644782203057904
1074,REG2022CE01074,2022,CE,REGULAR,-0.9804695349218977,-0.8214848566236752,-0.1698196855231585
1075,REG2022EEE01075,2022,EEE,REGULAR,1.9072978364265534,-1.4360915125350566,-0.26017534979559415
1076,REG2021EEE01076,2021,EEE,REGULAR,-0.6564299636141256,-0.18018083137286922,1.3714747821409223
1077,REG2021ECE01077,2021,ECE,REGULAR,-0.9844554964640968,-0.45127053092953,0.6545057527231394
1078,REG2023ECE01078,2023,ECE,LATERAL_ENTRY,0.09315877991765241,0.1751749493090029,-0.9652763395995575
1079,REG2021CSE01079,2021,CSE,LATERAL_ENTRY,-1.6095209830809794,-0.6973091506990274,-1.8155416295253364
1080,REG2020CE01080,2020,CE,REGULAR,0.5369756969437411,-0.7241862659418522,-0.05768560289735612
1081,REG2021CSE01081,2021,CSE,REGULAR,2.2240447786882998,1.6376525083991211,2.40301819178549
1082,REG2020ECE01082,2020,ECE,REGULAR,0.43652966781256114,0.33653838187097995,0.9149333898817024
1083,REG2023CE01083,2023,CE,REGULAR,0.7998062928201565,-1.6994189450976827,-0.22041692749820854
1084,REG2023EEE01084,2023,EEE,REGULAR,-1.079196944894296,-0.680967783285462,-1.5366389009496022
1085,REG2021CSE01085,2021,CSE,LATERAL_ENTRY,0.16757010580099035,1.162259597505667,-0.5395912207371316
1086,REG2020CSE01086,2020,CSE,REGULAR,0.8949105560268252,-1.8070413949318163,-0.27484530066979224
1087,REG2020EEE01087,2020,EEE,REGULAR,0.17465468063896764,-0.8782808123290141,-1.4436867367275648
1088,REG2022EEE01088,2022,EEE,REGULAR,1.369685162360285,0.2521555056676198,1.261013976580008
1089,REG2021ECE01089,2021,ECE,REGULAR,0.15665355660374003,-0.41907790594364563,0.03933912677746303
1090,REG2021CSE01090,2021,CSE,REGULAR,1.3931686371674727,0.14700204928509752,0.6562231375357641
1091,REG2022CE01091,2022,CE,REGULAR,0.752922665287831,0.8214006469917601,-1.066682703305863
1092,REG2023CSE01092,2023,CSE,REGULAR,0.04998603535667909,-0.33235447351896474,1.0438459948070786
1093,REG2021CE01093,2021,CE,LATERAL_ENTRY,-1.2818514034426631,-1.596908332120541,0.31034261994495355
1094,REG2020ME01094,2020,ME,LATERAL_ENTRY,-0.71721267723346,1.5929511982088904,0.6638640899316747
1095,REG2020ECE01095,2020,ECE,REGULAR,0.9484179342211362,-0.47500323861704385,0.07757630977832912
1096,REG2023CE01096,2023,CE,REGULAR,-1.9642742998147456,1.5479870536747384,-0.9288460170127683
1097,REG2022ME01097,2022,ME,REGULAR,1.7337626915215416,0.060144677283016076,-1.2791614153543305
1098,REG2021CSE01098,2021,CSE,LATERAL_ENTRY,-0.6058684461632928,-0.7040876355923735,-0.625790693779622
1099,REG2021EEE01099,2021,EEE,REGULAR,0.5343648986363834,0.09109360625591317,-0.8515399797793188
1100,REG2021EEE01100,2021,EEE,REGULAR,0.006273156184418285,-0.2052840194962513,1.1185499442553262
1101,REG2021ECE01101,2021,ECE,REGULAR,-0.7641867866378464,0.8761739316930753,-0.7094311573284761
1102,REG2021CE01102,2021,CE,REGULAR,0.6445954324151768,2.1210236015324435,-0.22820057950221062
1103,REG2021CSE01103,2021,CSE,LATERAL_ENTRY,0.5019231584770683,0.6569078789606734,-1.0025835897440492
1104,REG2021ECE01104,2021,ECE,REGULAR,-0.04284805559538902,-1.4566814413240818,-0.4215940625576031
1105,REG2023ME01105,2023,ME,LATERAL_ENTRY,-1.314170759104837,0.7933493236860584,0.41857288599115444
1106,REG2023EEE01106,2023,EEE,REGULAR,0.35953594351786894,-0.601944441935177,-0.6332313967149771
1107,REG2023ME01107,2023,ME,REGULAR,0.215220732950218,0.7665513543377717,0.6803837384236716
1108,REG2023ME01108,2023,ME,REGULAR,-0.1379112517114806,0.13520708106365942,1.033563955065187
1109,REG2023EEE01109,2023,EEE,REGULAR,0.9818989563684475,-0.9652018926833332,0.3838360434553217
1110,REG2023CE01110,2023,CE,REGULAR,0.9014987761580449,-0.03658997434293117,0.6596499980823705
1111,REG2021ECE01111,2021,ECE,REGULAR,-1.9673250642259945,-0.021244779276242128,0.2935375299686405
1112,REG2022EEE01112,2022,EEE,REGULAR,0.24941768768504166,1.5154448083522476,0.3817341689625093
1113,REG2022EEE01113,2022,EEE,REGULAR,-2.6191522050533393,-1.2905227272912905,0.6196889216121123
1114,REG2021EEE01114,2021,EEE,REGULAR,-2.1308379973558758,0.04109638193320571,0.5979310342286075
1115,REG2023CSE01115,2023,CSE,LATERAL_ENTRY,-1.37388911758857,0.9672729750616863,1.4072300113836351
1116,REG2023CE01116,2023,CE,REGULAR,-1.2085905242423423,-0.12854629325195685,-0.6516751221564157
1117,REG2022CE01117,2022,CE,REGULAR,-1.5167696963903192,-1.253340895534836,0.3875983282123617
1118,REG2020CE01118,2020,CE,REGULAR,-0.8268645560698289,0.29556060178674576,0.2890220506054031
1119,REG2020EEE01119,2020,EEE,REGULAR,-0.5057260029303379,1.1766969931676907,0.3446695193292357
1120,REG2021CSE01120,2021,CSE,REGULAR,0.4044511986639567,-1.0517504300922502,-2.263728609296424
1121,REG2022ECE01121,2022,ECE,REGULAR,0.7239665195911141,-1.1830112240567807,-1.6042489559198527
1122,REG2020ME01122,2020,ME,REGULAR,-1.3196183084333326,1.0001267237825018,-0.45822064062032025
1123,REG2020CE01123,2020,CE,REGULAR,0.7534194635024309,-0.6145387836910952,-0.856348518281204
1124,REG2020ME01124,2020,ME,LATERAL_ENTRY,-0.6116337366945591,-0.23619221661645762,0.3424984669104141
1125,REG2022CE01125,2022,CE,REGULAR,0.4320289399825326,0.773197782016463,-0.7275357018597756
1126,REG2020CE01126,2020,CE,LATERAL_ENTRY,-0.1685971868686465,-0.6080997594485846,0.7804519071708194
1127,REG2022CSE01127,2022,CSE,REGULAR,-0.510120739478876,0.7295193509862021,1.6982903924269561
1128,REG2020CE01128,2020,CE,REGULAR,-2.314456078778476,1.6403972809330398,-1.1815231616646271
1129,REG2020ECE01129,2020,ECE,LATERAL_ENTRY,1.0302992136185285,0.6804110639374826,-0.39247703761741703
1130,REG2020ME01130,2020,ME,LATERAL_ENTRY,0.31794775732338165,-0.3088649604353075,-1.8897046427529125
1131,REG2021CSE01131,2021,CSE,REGULAR,-0.11433467903320715,0.988135143242747,-2.1196394750468155
1132,REG2021CSE01132,2021,CSE,LATERAL_ENTRY,1.2342088246207903,-0.5024197801385417,-1.7132368825486592
1133,REG2022EEE01133,2022,EEE,REGULAR,-1.0960454962534516,-1.5885423617255503,0.1412910274071029
1134,REG2022CSE01134,2022,CSE,REGULAR,-0.08577651517231642,-0.6681430483277668,0.19337945192415906
1135,REG2023ECE01135,2023,ECE,REGULAR,1.9002684243109647,1.0230565552522393,1.6435415091205292
1136,REG2023CE01136,2023,CE,REGULAR,0.3911278769327262,0.6708084920959161,2.502962575602973
1137,REG2023ECE01137,2023,ECE,REGULAR,1.629304882904314,-0.1146465135111478,-0.5795305775760826
1138,REG2021ECE01138,2021,ECE,REGULAR,-0.060494040243519155,0.45141408809463646,0.9903215290323324
1139,REG2023CSE01139,2023,CSE,LATERAL_ENTRY,-1.4435570341837254,0.6868752232028936,0.4861685979665005
1140,REG2022CE01140,2022,CE,REGULAR,-0.3252989243235641,0.3145789837867244,-0.6593798316399324
1141,REG2023EEE01141,2023,EEE,REGULAR,-1.10449536010853,-1.2056672543521232,0.2700586209629788
1142,REG2022CE01142,2022,CE,REGULAR,-0.3827309299284444,-0.5109891701957271,-2.5535495960558983
1143,REG2021CSE01143,2021,CSE,REGULAR,-0.08485904498935258,0.17380116487733835,1.9938629392325948
1144,REG2020ECE01144,2020,ECE,LATERAL_ENTRY,-0.455460383846209,1.4883946776914283,1.1116221515087088
1145,REG2022EEE01145,2022,EEE,REGULAR,0.35140666884228294,-0.47007149958870037,0.2046684378900608
1146,REG2023ME01146,2023,ME,REGULAR,-0.11101346213176125,-0.2964154436547553,-1.4619937798268778
1147,REG2022CSE01147,2022,CSE,REGULAR,-0.319490070572669,0.5428733481036709,0.07486130625002908
1148,REG2023CE01148,2023,CE,REGULAR,1.3186179262194737,-0.6075687917795559,1.5681824295273261
1149,REG2022CE01149,2022,CE,REGULAR,-0.17611243395986265,0.08298741881250997,-0.13092580512612648
1150,REG2020CE01150,2020,CE,REGULAR,1.1282397832688371,1.0102745868360157,-0.044361455511561634
1151,REG2021ME01151,2021,ME,REGULAR,-0.0547783603388251,-0.9224129848439533,0.007362681423567135
1152,REG2020CSE01152,2020,CSE,LATERAL_ENTRY,-1.478546936998799,0.6939232331912584,0.7165893397596519
1153,REG2022ECE01153,2022,ECE,REGULAR,-1.730262730484345,1.3338857455005728,2.497415126419854
1154,REG2021ME01154,2021,ME,REGULAR,0.04600638673634095,-1.3189684983025107,0.020106466869098387
1155,REG2020ME01155,2020,ME,REGULAR,-0.1906459359486694,-1.5223259153931055,0.9044966413826214
1156,REG2021ECE01156,2021,ECE,LATERAL_ENTRY,-0.9068160465984293,-0.576601776742971,-0.7379585563250161
1157,REG2021ME01157,2021,ME,REGULAR,0.39293346092141807,0.49425542288060725,0.4423283109989927
1158,REG2020EEE01158,2020,EEE,REGULAR,0.04544273233222131,0.1462104087154179,1.129802851639563
1159,REG2021CSE01159,2021,CSE,LATERAL_ENTRY,-0.7611632412653166,0.10981592884204117,-0.7803593809454269
1160,REG2023ME01160,2023,ME,REGULAR,0.9591516765490223,0.4353298362643412,-0.7937924840588386
1161,REG2021ECE01161,2021,ECE,REGULAR,0.08701648039238656,-1.036143571975197,0.8567374214704584
1162,REG2023ECE01162,2023,ECE,REGULAR,0.3980482165092625,0.4504957237780347,-0.26175829022109454
1163,REG2020ECE01163,2020,ECE,REGULAR,-0.4338734629791891,1.7221550978081948,-0.7670674554003002
1164,REG2022EEE01164,2022,EEE,REGULAR,-0.6038382974931864,-0.32010047635008365,-2.4050695499102095
1165,REG2023ECE01165,2023,ECE,REGULAR,-0.8086615039557069,1.8896344255575415,-0.4105620749225392
1166,REG2020EEE01166,2020,EEE,REGULAR,0.14524395007345442,1.30333686620339,0.11032136311168815
1167,REG2023CSE01167,2023,CSE,REGULAR,0.07589103852077479,0.6226631939451467,0.2889697555099871
1168,REG2020CSE01168,2020,CSE,REGULAR,-0.09946710500348493,-0.045254301964336476,-1.2331013050148552
1169,REG2020EEE01169,2020,EEE,LATERAL_ENTRY,-0.19578527096858125,-1.0422715880472482,0.5704211733607956
1170,REG2021CE01170,2021,CE,REGULAR,-0.33143137128150285,-0.5186667196212101,0.8532015450515544
1171,REG2020CE01171,2020,CE,REGULAR,0.029430591677552183,0.5166444459359673,-0.9813259365174648
1172,REG2023EEE01172,2023,EEE,LATERAL_ENTRY,-1.404816943927507,-0.7298695864625924,1.974396744480029
1173,REG2020CSE01173,2020,CSE,REGULAR,-1.4913202113412167,1.6501702598320112,0.5748584956824029
1174,REG2022ECE01174,2022,ECE,REGULAR,-0.5358801042907151,0.3080099022173409,-1.3028447635247453
1175,REG2022CSE01175,2022,CSE,REGULAR,-2.184492735051809,0.2735287711417637,0.8491426059321912
1176,REG2023ME01176,2023,ME,LATERAL_ENTRY,-1.2745191073073694,-0.4706021549245582,1.0330157444692005
1177,REG2021CSE01177,2021,CSE,REGULAR,0.29258488143162964,-0.9227146864076674,1.096434561876077
1178,REG2020ME01178,2020,ME,REGULAR,0.6939675152043746,-0.9608896355660381,0.5303690609091913
1179,REG2021ECE01179,2021,ECE,REGULAR,-0.7768421478907361,-0.8963377023554749,-1.1396371191090116
1180,REG2021ECE01180,2021,ECE,REGULAR,1.6047319941388665,0.12718893875712056,-0.12368731340102396
1181,REG2023ME01181,2023,ME,REGULAR,0.19069528772043906,1.9312530946518993,-0.6556875257662731
1182,REG2022EEE01182,2022,EEE,REGULAR,-1.7093993241953382,-0.4269271760328953,-1.0465037291271424
1183,REG2020EEE01183,2020,EEE,REGULAR,0.02001796829923024,2.0001921835221745,0.5535682717636239
1184,REG2022ECE01184,2022,ECE,REGULAR,0.4507570117123593,0.5651243673526033,-0.31072684994446886
1185,REG2023ME01185,2023,ME,REGULAR,-0.40142554757210847,0.21203651188292444,0.35074769704765607
1186,REG2023CE01186,2023,CE,REGULAR,-1.2446284671582257,-1.1031843812330935,0.820553502887897
1187,REG2023ECE01187,2023,ECE,REGULAR,-1.9046746934654637,1.4444121950550874,-1.2276799644560572
1188,REG2023CE01188,2023,CE,REGULAR,-0.5912780093697056,0.35834451107600324,-1.1965579286166865
1189,REG2020ECE01189,2020,ECE,REGULAR,0.7209969529056355,-0.5451862447263217,2.92727009247333
1190,REG2020CE01190,2020,CE,REGULAR,-0.9943550656308734,0.2431346551384891,-0.47020333878531134
1191,REG2023EEE01191,2023,EEE,REGULAR,-0.9009700184262551,-2.4619797058899167,-0.7888492497413011
1192,REG2021ME01192,2021,ME,REGULAR,-0.26130011056889496,-1.2386461271140756,0.9605779037089842
1193,REG2021ME01193,2021,ME,REGULAR,-0.1586511834690122,0.21757953634296223,-0.7498482103826004
1194,REG2021EEE01194,2021,EEE,LATERAL_ENTRY,-0.9269943866745627,-1.3599691901191746,1.2277999878516854
1195,REG2020ME01195,2020,ME,REGULAR,0.7839676512169459,-1.2681436516314983,0.09636924005999573
1196,REG2021CSE01196,2021,CSE,REGULAR,-1.015628254718246,0.9815328752991211,0.27491271078750706
1197,REG2023CE01197,2023,CE,LATERAL_ENTRY,-0.7373799034979588,-0.834184848732624,-2.2660520941492828
1198,REG2023CSE01198,2023,CSE,REGULAR,-0.35077820560155415,-1.3990784281844755,-1.5202867922406096
1199,REG2022CSE01199,2022,CSE,REGULAR,-1.571152351117883,1.0815140862997412,0.03754184148682146
1200,REG2021CSE01200,2021,CSE,REGULAR,1.0918053390746458,0.13820138707069232,-1.1255339959720507
1201,REG2021EEE01201,2021,EEE,REGULAR,0.026560104863402045,-0.0525114691214164,0.22218673690217014
1202,REG2020EEE01202,2020,EEE,REGULAR,-0.4300380054276382,0.4291134651291122,0.796047574085751
1203,REG2023CE01203,2023,CE,LATERAL_ENTRY,0.08762192344175125,2.507331899615652,0.17146613335480934
1204,REG2020EEE01204,2020,EEE,REGULAR,-2.568800879667569,-0.6425013833607506,0.6837291122205739
1205,REG2021CSE01205,2021,CSE,REGULAR,0.1588205747650297,0.9913271925907758,-0.5588541092509973
1206,REG2022EEE01206,2022,EEE,REGULAR,-0.6367839149327159,-0.06802281178627427,1.568969868949063
1207,REG2020CE01207,2020,CE,REGULAR,0.10291739052323721,-2.3140440660001054,1.6734418856229851
1208,REG2020EEE01208,2020,EEE,REGULAR,0.44174673637755724,0.7311085310125639,-0.4775049474164276
1209,REG2022ECE01209,2022,ECE,REGULAR,1.104936977001354,-0.3810108360945716,-0.14545905110735596
1210,REG2023EEE01210,2023,EEE,REGULAR,-1.165784933146445,0.38364914491877,0.37898069052202576
1211,REG2021CSE01211,2021,CSE,REGULAR,-0.4350517323819072,1.4403217728014912,-1.575404685821716
1212,REG2022CE01212,2022,CE,REGULAR,-0.24711779366764014,0.1697671824043187,-0.9219926384615591
1213,REG2020CE01213,2020,CE,LATERAL_ENTRY,-0.8125457701219856,2.1052974294583118,0.034887947089408566
1214,REG2021ECE01214,2021,ECE,REGULAR,-1.3755108895687427,-0.7695934645023071,0.3260443763658592
1215,REG2020CSE01215,2020,CSE,REGULAR,-0.10868771658665245,-0.37827654457740845,-1.1647993973691224
1216,REG2023ECE01216,2023,ECE,REGULAR,0.14001448687561519,0.292951833518835,-1.2015881881405177
1217,REG2022EEE01217,2022,EEE,REGULAR,1.013445759883764,1.2123681179019035,0.09427929361427935
1218,REG2023CSE01218,2023,CSE,REGULAR,-1.0363648841320956,0.16548939312256028,1.7461537795510573
1219,REG2020CSE01219,2020,CSE,REGULAR,0.4986048184872299,0.7537356371784484,0.9387236162381593
1220,REG2022ECE01220,2022,ECE,REGULAR,-1.2231388144094233,-0.28491234787746483,0.6401696361230503
1221,REG2022CSE01221,2022,CSE,REGULAR,-1.498368985465836,1.143319823961569,-0.6644371821053475
1222,REG2021CSE01222,2021,CSE,REGULAR,-1.0271174242187837,-0.32115903870570245,-1.5856257067695927
1223,REG2023CE01223,2023,CE,REGULAR,-0.631138342130036,0.27303810816624713,-0.8548568025455762
1224,REG2020ECE01224,2020,ECE,REGULAR,1.2847954238343064,0.9050665483595475,-0.13438106818006249
1225,REG2020ME01225,2020,ME,REGULAR,1.0080720278241542,0.07127960568427447,0.16235456081647734
1226,REG2023ECE01226,2023,ECE,REGULAR,-1.0573226028120997,-0.13405955381512966,-0.4217544716093974
1227,REG2023EEE01227,2023,EEE,REGULAR,-0.8606555925112334,0.31742919714734863,1.980103054372939
1228,REG2021ECE01228,2021,ECE,REGULAR,-0.1759486239746632,1.3065395843025491,0.2902091184213066
1229,REG2023CSE01229,2023,CSE,REGULAR,0.3263292234415817,-0.5748736918460347,0.19863858384740612
1230,REG2021EEE01230,2021,EEE,REGULAR,-0.19502588882204647,-1.3450144839306688,-0.8610496721655755
1231,REG2023EEE01231,2023,EEE,REGULAR,1.4586856432127424,-0.46719346427542985,-0.5242860694272069
1232,REG2023ME01232,2023,ME,LATERAL_ENTRY,-0.9598140056450439,1.5383304390525525,0.4805186781082244
1233,REG2020EEE01233,2020,EEE,REGULAR,2.3210039960618047,0.6034780416679837,-0.9079457135226163
1234,REG2020ECE01234,2020,ECE,REGULAR,-0.03927330695157529,1.4574875117453714,0.8041065286233584
1235,REG2020EEE01235,2020,EEE,REGULAR,-1.012546076514275,0.22357735750267665,1.2020025384680104
1236,REG2020CE01236,2020,CE,REGULAR,-0.1327352026461722,-1.33656850031492,1.336657357758983
1237,REG2022CE01237,2022,CE,REGULAR,1.5486392950240366,0.3202165779488289,1.221294945685148
1238,REG2022EEE01238,2022,EEE,REGULAR,0.13395838058023532,-0.3103909913775655,-1.5478015563090313
1239,REG2021EEE01239,2021,EEE,REGULAR,-0.13552626897887088,0.7723145844407059,0.03372310292137513
1240,REG2023ME01240,2023,ME,REGULAR,0.3028832767193024,0.39844804551200075,0.24540406120581154
1241,REG2022ME01241,2022,ME,REGULAR,1.6463683960749977,2.5416198467187923,0.7062309747670698
1242,REG2023ME01242,2023,ME,REGULAR,0.22799116370906097,0.18010546746541492,-0.7313246069486086
1243,REG2022EEE01243,2022,EEE,REGULAR,-0.34477744535889615,-1.8719709055230525,-1.173245689947668
1244,REG2021CE01244,2021,CE,REGULAR,0.3548738029360466,-0.9538890884133122,0.4532545012857709
1245,REG2022CSE01245,2022,CSE,REGULAR,-1.5347873290951395,-0.4531829756295582,-0.8462132852877351
1246,REG2021EEE01246,2021,EEE,REGULAR,0.88323257530898,0.4622624644542042,-1.2325760546154823
1247,REG2023EEE01247,2023,EEE,REGULAR,1.4726440719776168,0.142359242935861,0.4353148096251014
1248,REG2020EEE01248,2020,EEE,LATERAL_ENTRY,1.0010109200318376,-1.1715044081696178,-1.2405935848407343
1249,REG2022ECE01249,2022,ECE,REGULAR,-0.3968310338695123,1.5809252429467635,0.18506783045196087
1250,REG2023CE01250,2023,CE,LATERAL_ENTRY,0.6044131625636802,-1.0048971926269248,-1.0380905170672459
1251,REG2020ME01251,2020,ME,LATERAL_ENTRY,0.06364906149651776,-0.37177901152348874,-1.4776124069194447
1252,REG2022CE01252,2022,CE,REGULAR,0.2576008573981294,-0.773029709602703,-0.8707277716437414
1253,REG2020EEE01253,2020,EEE,LATERAL_ENTRY,-0.9998780742155432,-1.5292225147265408,1.2206406986921627
1254,REG2020ECE01254,2020,ECE,REGULAR,0.022882877345902938,-0.3892509235669636,2.3814453876761115
1255,REG2020CSE01255,2020,CSE,REGULAR,1.7927839700422104,1.2489730470695228,-0.5706256682812815
1256,REG2022ECE01256,2022,ECE,REGULAR,0.20359509693530592,0.45847646472529874,1.7396593732701051
1257,REG2022ME01257,2022,ME,LATERAL_ENTRY,-0.2601024498264969,-1.3008429736229978,-1.477280707132125
1258,REG2023CE01258,2023,CE,REGULAR,-1.6772912680591505,0.03265460289427175,-0.537059540806183
1259,REG2021CSE01259,2021,CSE,REGULAR,-0.9308852437031943,1.527429386880181,0.19490720526237568
1260,REG2022ECE01260,2022,ECE,REGULAR,1.0530000272987408,1.3156318621882446,-0.1448408767357999
1261,REG2021ME01261,2021,ME,LATERAL_ENTRY,1.0829999385168687,-1.0763811874020586,-0.6737901056594764
1262,REG2021ME01262,2021,ME,REGULAR,0.9575371632797675,-1.4308312016246718,-0.47655380143352466
1263,REG2022CSE01263,2022,CSE,LATERAL_ENTRY,-0.5522612521126086,-1.097143649628814,2.291911266818686
1264,REG2021ECE01264,2021,ECE,REGULAR,1.8674620041613508,-0.3994654904728529,0.12918747333171046
1265,REG2020ECE01265,2020,ECE,REGULAR,2.7989795302946594,0.5486751540456903,1.7522699998998188
1266,REG2020ME01266,2020,ME,LATERAL_ENTRY,-0.04415108637357702,-1.0859225292896342,-0.31022100724973456
1267,REG2022CSE01267,2022,CSE,REGULAR,-0.4630639442340176,-2.8843243671782015,0.4667552048385791
1268,REG2020CSE01268,2020,CSE,REGULAR,0.7900154089781791,0.19300819033204694,0.9646017573036937
1269,REG2022ME01269,2022,ME,REGULAR,-0.45649729846836173,1.2844370527773838,1.04384544217267
1270,REG2020ME01270,2020,ME,REGULAR,-0.021345302172413684,0.9656053487861097,1.5917258522555509
1271,REG2022CSE01271,2022,CSE,REGULAR,2.1795426399757756,-0.4125175333560192,-0.15416903836808607
1272,REG2020CE01272,2020,CE,REGULAR,-0.9477185024063989,0.6589541347810364,-0.4463320787671849
1273,REG2023ME01273,2023,ME,REGULAR,0.39311465605803403,-0.4045549175583959,0.5052110240856904
1274,REG2022CSE01274,2022,CSE,REGULAR,1.4063704050164938,1.9584984018789946,0.8380769680816746
1275,REG2020CSE01275,2020,CSE,REGULAR,-1.227202898658293,1.300645242266052,1.0113518079210677
1276,REG2022ECE01276,2022,ECE,LATERAL_ENTRY,0.6866022738697811,-0.36234755754610226,0.7418222943901266
1277,REG2023CE01277,2023,CE,LATERAL_ENTRY,-0.40328779191093866,0.08452698378432454,0.9102157836647453
1278,REG2020ME01278,2020,ME,REGULAR,-0.18352817215715306,-1.209198711239606,0.05674168329681941
1279,REG2020CSE01279,2020,CSE,REGULAR,0.9198715159544302,1.0189232400898984,-0.5942108723816666
1280,REG2023ME01280,2023,ME,REGULAR,-0.6161434580489434,1.4488201083377155,-0.3150819279089234
1281,REG2021EEE01281,2021,EEE,REGULAR,-0.8810183489553339,0.38773500193448995,0.5688476094684339
1282,REG2020ME01282,2020,ME,REGULAR,0.25719485222801425,0.11194194269906757,0.40517951689036846
1283,REG2020ME01283,2020,ME,REGULAR,1.033829650332728,0.901525506103358,-1.0296198741712632
1284,REG2020CSE01284,2020,CSE,LATERAL_ENTRY,-1.3082205425094726,-0.6487368046805897,-0.14137796943411074
1285,REG2023CE01285,2023,CE,REGULAR,-0.4091264084832441,0.1605148683322527,0.9170625123726055
1286,REG2021CE01286,2021,CE,REGULAR,0.4621043787549383,-1.6139030201190825,-0.7964568076460576
1287,REG2021ECE01287,2021,ECE,REGULAR,1.2334060763526695,-0.007688995721369474,-0.38787578186246957
1288,REG2021CE01288,2021,CE,REGULAR,1.306072203871629,-0.5168468831738283,0.6190329465885323
1289,REG2021ME01289,2021,ME,REGULAR,1.2423725629278541,-0.5148512657211043,-0.7312486577209044
1290,REG2022ECE01290,2022,ECE,REGULAR,0.877710283523533,-0.9258899038911499,-0.11366668908143539
1291,REG2023ME01291,2023,ME,REGULAR,0.9733659524856145,0.6238959430765768,-1.6541764402276586
1292,REG2021CE01292,2021,CE,REGULAR,-1.0344713570175377,2.0905299019716126,0.8222321820393413
1293,REG2022CE01293,2022,CE,REGULAR,-0.013332847036461874,-0.34270655361326313,-0.5996636543589989
1294,REG2022ECE01294,2022,ECE,REGULAR,-1.9640321579709097,1.573599639232585,-0.5757777549240405
1295,REG2020EEE01295,2020,EEE,REGULAR,0.624287956648842,-1.4251777645007055,-1.80817792253016
1296,REG2022EEE01296,2022,EEE,LATERAL_ENTRY,1.182594359069889,-0.3677023262177871,-0.46015096167640857
1297,REG2023CE01297,2023,CE,LATERAL_ENTRY,0.3957354624650479,0.14115541469119494,2.098732354050425
1298,REG2020ECE01298,2020,ECE,REGULAR,-1.3854093918181294,-0.1750325382934764,0.7972091195972723
1299,REG2020CE01299,2020,CE,REGULAR,0.7393460382270884,-0.6072550507937874,-0.5927535287191027
1300,REG2022ME01300,2022,ME,REGULAR,1.3693289022002109,-0.07938863977790714,0.5091387931318747
1301,REG2020CE01301,2020,CE,REGULAR,-0.760875876171995,0.37534736354002013,-2.0673148867236435
1302,REG2023ECE01302,2023,ECE,REGULAR,-0.21129761703842476,0.3461154531549492,1.191246297390677
1303,REG2020ECE01303,2020,ECE,LATERAL_ENTRY,0.3301137904709438,-0.8140106692915562,-0.3656770825305199
1304,REG2021CSE01304,2021,CSE,REGULAR,0.504270748038384,-0.08225369967145327,0.306450862963341
1305,REG2020EEE01305,2020,EEE,REGULAR,0.04481819710016778,0.5332736027835934,-0.651807378073709
1306,REG2021ECE01306,2021,ECE,REGULAR,-0.36410622138921245,0.4935160352028783,-0.13796309874315896
1307,REG2022ECE01307,2022,ECE,REGULAR,-0.23309692103714938,0.5481263287272904,0.22776700140487174
1308,REG2022EEE01308,2022,EEE,REGULAR,-1.648975837891303,0.5723852323079027,-0.8605697894225621
1309,REG2021CE01309,2021,CE,REGULAR,-0.21610437118331924,-1.0165243621826023,-2.3263615597391976
1310,REG2020ME01310,2020,ME,REGULAR,-0.35845550683681077,0.5173372946836405,-0.4996133236214773
1311,REG2022ECE01311,2022,ECE,REGULAR,0.9566228117354912,-1.3962118143750324,-0.9742905608266295
1312,REG2023ME01312,2023,ME,REGULAR,-0.7818468740233404,-0.43969995093580877,-0.5954232028760423
1313,REG2023EEE01313,2023,EEE,REGULAR,0.9026602893824857,-0.3267973428992907,-1.634693518754396
1314,REG2023ECE01314,2023,ECE,REGULAR,-1.0404099418717416,0.47724920267694665,1.492747044441036
1315,REG2022ME01315,2022,ME,REGULAR,0.6572011012960537,-0.13926870666758576,1.5125307023025507
1316,REG2022CSE01316,2022,CSE,REGULAR,-1.13156260654633,1.062099781198059,-0.09181155726357078
1317,REG2023CE01317,2023,CE,LATERAL_ENTRY,0.03757485933586561,-0.31469082878809246,0.1293680067038185
1318,REG2023ME01318,2023,ME,REGULAR,-2.380739105523497,0.3093133330163398,0.16348722250019657
1319,REG2022EEE01319,2022,EEE,REGULAR,-0.7711413565572193,-1.22300616893627,0.29498576788914377
1320,REG2021ME01320,2021,ME,REGULAR,-1.1984917375207573,0.28012400241963525,-1.9546809955987534
1321,REG2021EEE01321,2021,EEE,REGULAR,-1.6066351746176606,-0.3726722728731731,1.1850196379524112
1322,REG2021ECE01322,2021,ECE,REGULAR,-1.2703087268835558,-1.0618608630107682,1.3972233517338721
1323,REG2022EEE01323,2022,EEE,REGULAR,1.2914822314093846,-0.48509793930101935,0.6310256734034853
1324,REG2020ECE01324,2020,ECE,REGULAR,0.8845971067255877,-0.22860309564896641,-0.19731534116123953
1325,REG2022EEE01325,2022,EEE,REGULAR,0.9313063499887717,-0.0556208104417203,-0.03374562179804006
1326,REG2023ECE01326,2023,ECE,REGULAR,-0.08716662708650588,1.3507610933991867,-0.08504164425883806
1327,REG2021CE01327,2021,CE,REGULAR,-1.1156249124899373,-0.015979442883914056,0.31440042072718183
1328,REG2022ECE01328,2022,ECE,REGULAR,0.8126103038932778,0.31118274110024347,-1.0264942761895863
1329,REG2020ECE01329,2020,ECE,REGULAR,0.5390530504058212,0.5635974532399675,0.6946318880808704
1330,REG2021EEE01330,2021,EEE,LATERAL_ENTRY,0.3010358546723531,-0.1401876313396419,0.09807792046639253
1331,REG2023EEE01331,2023,EEE,REGULAR,-0.975949330859647,0.6621648077773684,-0.017251692864242715
1332,REG2023EEE01332,2023,EEE,REGULAR,-0.402054785534035,0.7443577882062753,0.6547967986509832
1333,REG2021ECE01333,2021,ECE,LATERAL_ENTRY,0.08244176663484246,-0.36931877015818887,-1.5794362987175987
1334,REG2023CSE01334,2023,CSE,REGULAR,-0.8178918421385055,-0.5307658881533568,-1.0533063258454625
1335,REG2021CSE01335,2021,CSE,REGULAR,0.644662594874602,-1.080174684765334,0.5103526458618878
1336,REG2020EEE01336,2020,EEE,REGULAR,1.7782327468718386,-1.9932690506191848,1.3006560862107532
1337,REG2022CE01337,2022,CE,LATERAL_ENTRY,1.0586190526405768,-1.6146269571095442,-1.1894026240254314
1338,REG2022EEE01338,2022,EEE,REGULAR,0.26797134382513466,0.5203804150674787,-0.07170079517415945
1339,REG2023CE01339,2023,CE,LATERAL_ENTRY,0.6363184450606509,0.5011699345275458,0.7756464927937428
1340,REG2020EEE01340,2020,EEE,REGULAR,-0.3005902746886178,1.4579210241187814,0.9021075187431092
1341,REG2023CE01341,2023,CE,REGULAR,-0.1555532971371062,1.1034435879634086,-0.03986447399988389
1342,REG2022CSE01342,2022,CSE,REGULAR,-0.727884739523087,-1.8490411958674622,-0.2795556379715752
1343,REG2022ME01343,2022,ME,REGULAR,-0.45597121798054274,-0.9713812770540661,0.8576854683508439
1344,REG2022CE01344,2022,CE,REGULAR,-1.7326473551275983,0.4472521554922508,-0.00798120435170447
1345,REG2022EEE01345,2022,EEE,REGULAR,-1.8633143983039944,1.0177298761098128,0.8437544717073701
1346,REG2021EEE01346,2021,EEE,REGULAR,-0.6167044624440465,0.17469430219952756,0.176560999854937
1347,REG2022EEE01347,2022,EEE,REGULAR,-0.7033754054943184,-0.12341885704814572,0.004261667219087788
1348,REG2022CE01348,2022,CE,LATERAL_ENTRY,-0.0911917469737109,0.7340679118558628,0.7653538394160498
1349,REG2023ECE01349,2023,ECE,REGULAR,-0.9189578346995371,-0.5002145157508775,-0.6873735332202963
1350,REG2023CE01350,2023,CE,REGULAR,1.3885257661102144,-0.16709524555688288,0.8423148311973312
1351,REG2022ECE01351,2022,ECE,REGULAR,-0.020869263062212224,-1.743739702949963,-1.3004335803716947
1352,REG2022CE01352,2022,CE,REGULAR,-0.33785406725079165,-0.5341006013079649,0.21112422678259765
1353,REG2020ME01353,2020,ME,REGULAR,-1.6687649560610078,0.29855328105764756,-1.543740086099102
1354,REG2022CSE01354,2022,CSE,REGULAR,0.5671842094617862,0.27279662453179376,0.793990509501066
1355,REG2020ME01355,2020,ME,REGULAR,0.22180220941723078,0.3823218877616619,0.44803619604850425
1356,REG2022EEE01356,2022,EEE,LATERAL_ENTRY,-0.3942810500669532,0.20202156983791666,1.600123686480218
1357,REG2020ME01357,2020,ME,LATERAL_ENTRY,0.8642483846986364,-2.707543855381177,-0.7199895332219391
1358,REG2023CE01358,2023,CE,REGULAR,-0.9240628073410654,0.3857499681816948,0.7026599984993058
1359,REG2021ECE01359,2021,ECE,REGULAR,0.36901643782516713,0.12428569485085071,0.9360561679360162
1360,REG2021EEE01360,2021,EEE,REGULAR,0.7769367029315166,0.4768135950246047,-0.48984194200640596
1361,REG2020CSE01361,2020,CSE,REGULAR,-0.4050929157369408,0.7006936528099489,-0.8090585294811226
1362,REG2020CSE01362,2020,CSE,REGULAR,-1.838452990709292,0.15703135692648132,1.0708487475682444
1363,REG2022ECE01363,2022,ECE,REGULAR,0.7745804977317415,0.17911401136846739,-0.8716021981573001
1364,REG2022ECE01364,2022,ECE,REGULAR,-0.5877659049711595,-1.1180604279818278,1.1635258596263263
1365,REG2021EEE01365,2021,EEE,LATERAL_ENTRY,-0.7983038823737114,-1.3154179088034321,-0.04039615126643553
1366,REG2022EEE01366,2022,EEE,REGULAR,-1.2536892504627546,-0.41342377063644137,0.03239621368357873
1367,REG2020CSE01367,2020,CSE,REGULAR,1.0725417995727589,1.4287601620367705,1.434309669352076
1368,REG2023CSE01368,2023,CSE,REGULAR,0.28475459338556824,1.048399887813541,-0.08106710543541713
1369,REG2021CE01369,2021,CE,REGULAR,0.2779868144772389,1.0533262394095841,1.032730447363065
1370,REG2023CE01370,2023,CE,REGULAR,-0.538413544498931,-1.0448363139030714,1.7839225952017694
1371,REG2022ECE01371,2022,ECE,REGULAR,-1.356006311712499,-0.9179613720686292,0.8177555095731914
1372,REG2020CE01372,2020,CE,LATERAL_ENTRY,-1.2105878768191187,1.030654729329831,0.6488005420966854
1373,REG2021ME01373,2021,ME,REGULAR,-1.9855378145600853,-0.13039811519272887,-1.2701487426041904
1374,REG2021ECE01374,2021,ECE,REGULAR,-0.2187063580085564,0.20451600281122595,-0.49529607088106914
1375,REG2020ECE01375,2020,ECE,REGULAR,-0.09189562541568821,-0.17516373577895686,0.4126650231818217
1376,REG2022CSE01376,2022,CSE,REGULAR,0.2876976070117176,0.3461173287977227,0.49201428056689855
1377,REG2022EEE01377,2022,EEE,REGULAR,0.8197397172580948,-0.19547264358597383,0.29722722158508635
1378,REG2020EEE01378,2020,EEE,REGULAR,1.667256841749534,2.135586730077366,0.2820342192093425
1379,REG2021ECE01379,2021,ECE,REGULAR,-0.03204749416371351,0.03352470238858753,-2.2175910793587708
1380,REG2020ME01380,2020,ME,REGULAR,-1.1681778278502002,-0.38949944226363964,-1.0313921942864983
1381,REG2021EEE01381,2021,EEE,REGULAR,-0.24969417246679382,-0.3684498753660277,0.010636268348681152
1382,REG2023ME01382,2023,ME,REGULAR,-1.3360028924349279,-1.5241469070460152,0.7142364826939283
1383,REG2023CE01383,2023,CE,REGULAR,1.118183017150708,1.1986426089954636,-1.621008284576339
1384,REG2022ME01384,2022,ME,REGULAR,-0.697829288253898,2.2494375841962904,-0.9076135332330816
1385,REG2020ECE01385,2020,ECE,REGULAR,1.278687707605658,-2.245229791402062,-0.20074065570916874
1386,REG2020EEE01386,2020,EEE,LATERAL_ENTRY,2.981793493755024,-0.9103243419282839,0.6951652483301405
1387,REG2021ME01387,2021,ME,REGULAR,0.44166256418606065,-1.4337300248102285,-0.8374057253154913
1388,REG2023CE01388,2023,CE,REGULAR,-2.106889114626081,-0.02046738553865212,0.6240452591498019
1389,REG2022ME01389,2022,ME,REGULAR,0.481006203954252,-1.026985625391968,0.06802154437905523
1390,REG2022ECE01390,2022,ECE,REGULAR,-1.5251606490390102,-0.8638659663957002,-0.42306060102577947
1391,REG2022CE01391,2022,CE,REGULAR,-0.48495442679826306,0.4615180463781133,-1.6278978465820517
1392,REG2021CE01392,2021,CE,REGULAR,1.060288640887317,-0.0809249532818035,-0.12065294273978963
1393,REG2021ECE01393,2021,ECE,REGULAR,-1.248270509868803,0.8365201560389821,0.01193678018138795
1394,REG2022CSE01394,2022,CSE,REGULAR,-0.30755673518126164,-0.7929315499398801,2.4609962258425813
1395,REG2020ME01395,2020,ME,REGULAR,-0.5136113022139397,0.9527596891941905,-0.7875678697260957
1396,REG2023EEE01396,2023,EEE,LATERAL_ENTRY,-0.8717747409692631,-0.7633491867151124,0.005685698039677293
1397,REG2023EEE01397,2023,EEE,REGULAR,0.8021645824944096,0.5233674076776007,0.669424263341311
1398,REG2023CSE01398,2023,CSE,REGULAR,0.46884554166662357,-0.0115150880766451,1.0306598082415594
1399,REG2021CSE01399,2021,CSE,REGULAR,-0.526555133136702,-1.3223474346832955,0.4090649383340571
1400,REG2023CSE01400,2023,CSE,REGULAR,0.6666278834568907,-1.3472539175813496,-0.8987998102438378
1401,REG2021EEE01401,2021,EEE,REGULAR,-0.30082595603229867,-1.6273117279473155,0.1869902097246643
1402,REG2022CE01402,2022,CE,REGULAR,-0.04427331984464883,0.1802948805034444,-0.8148681489093441
1403,REG2021CE01403,2021,CE,REGULAR,-0.6332727047102726,-0.09676010318688932,1.0108397350203135
1404,REG2020CE01404,2020,CE,REGULAR,3.529055187570484,-1.2444864498888657,0.4498272137265099
1405,REG2022CSE01405,2022,CSE,REGULAR,-1.2091768178826516,-0.5852472179680935,1.4335800635682914
1406,REG2022EEE01406,2022,EEE,REGULAR,-0.6877444656872693,0.5721257176083903,0.5959313470391664
1407,REG2020EEE01407,2020,EEE,REGULAR,-0.5282140148497824,-0.7103324902148916,0.39223067555456603
1408,REG2021CE01408,2021,CE,REGULAR,-1.651281423623733,0.7333482326890381,-0.7239081891542735
1409,REG2021CE01409,2021,CE,REGULAR,-0.43064925275382604,0.80634841107493,0.7968048330570654
1410,REG2022EEE01410,2022,EEE,REGULAR,1.9050230835354185,0.2573731064173494,-0.6308464029471887
1411,REG2023EEE01411,2023,EEE,LATERAL_ENTRY,0.43235271420033994,-0.7171819007224715,-2.0323537642983847
1412,REG2021ECE01412,2021,ECE,REGULAR,-1.321555786511051,-0.06727746491353452,-1.0746610394328626
1413,REG2021ME01413,2021,ME,REGULAR,0.24748054764010466,-0.009664421313347188,0.8789639730706512
1414,REG2021EEE01414,2021,EEE,REGULAR,0.48060859334734735,-0.25023616565707474,-0.3177902139123112
1415,REG2023ME01415,2023,ME,REGULAR,1.299987372262134,0.960305168086668,-1.7941918665494363
1416,REG2023ME01416,2023,ME,REGULAR,1.0831452126607344,1.009955496707081,-1.3316181162114358
1417,REG2023EEE01417,2023,EEE,REGULAR,-0.825800250087814,-1.251606656972313,1.5979058601964082
1418,REG2022ECE01418,2022,ECE,LATERAL_ENTRY,-0.6473772706479662,-1.1124351753597888,-1.024838162912178
1419,REG2023EEE01419,2023,EEE,REGULAR,0.5316131467885444,-1.7865843397107461,-0.19570240470299194
1420,REG2020ECE01420,2020,ECE,REGULAR,-0.2325564477778301,-0.5127111617722185,0.17835965235987816
1421,REG2022CSE01421,2022,CSE,REGULAR,0.12272790101353623,-0.014699469129002052,1.8428075583115626
1422,REG2022CSE01422,2022,CSE,REGULAR,-1.3643433934443034,0.29969555555109145,0.2632459217265814
1423,REG2021CE01423,2021,CE,REGULAR,-0.44578983385246046,0.4957254384229644,1.8687447625416218
1424,REG2020ECE01424,2020,ECE,LATERAL_ENTRY,-0.4671326496058291,-0.2663234323428476,-0.18287550117761017
1425,REG2022ME01425,2022,ME,REGULAR,-0.2768893557688036,-0.6717207892580773,-1.2541609869956039
1426,REG2020CSE01426,2020,CSE,LATERAL_ENTRY,-0.5550167015441094,-0.02243605198057349,-0.05795054176271757
1427,REG2021CE01427,2021,CE,REGULAR,-0.10941650525101054,-0.6751375045601978,-1.223779212772339
1428,REG2023ECE01428,2023,ECE,REGULAR,-0.39076436625441,-0.2793532754133253,-0.0035057267586741823
1429,REG2023CSE01429,2023,CSE,REGULAR,-0.7512555936946737,0.13894280970401568,-0.16046355181704455
1430,REG2023EEE01430,2023,EEE,REGULAR,0.5273096933995635,0.5928122348342871,1.418918071912684
1431,REG2020ME01431,2020,ME,LATERAL_ENTRY,0.8704491697413074,2.0854106220921484,0.43782376624357244
1432,REG2021ECE01432,2021,ECE,REGULAR,0.3255458153220719,2.24392127550305,-2.725968850099476
1433,REG2022CE01433,2022,CE,REGULAR,0.4469722729708663,0.9909593151244864,1.8045451176125027
1434,REG2021ECE01434,2021,ECE,REGULAR,0.018534069818371825,-0.4071890042220247,0.9885384109739317
1435,REG2023ME01435,2023,ME,REGULAR,-0.5400662529872429,0.3123295820583812,-0.4495958024108807
1436,REG2020CE01436,2020,CE,REGULAR,-0.37497524742791355,-1.027315814645204,1.435366516202812
1437,REG2023CE01437,2023,CE,REGULAR,-0.34262671968747116,-0.7115109706152397,-0.6051228066056135
1438,REG2022ME01438,2022,ME,REGULAR,0.8025259749621447,0.03231303797541985,0.2767044238524849
1439,REG2020CSE01439,2020,CSE,REGULAR,0.5150374194312444,-0.6487341639982751,0.44034835038391934
1440,REG2020ECE01440,2020,ECE,REGULAR,0.3210266422475432,-0.633928222515819,-1.138417405036224
1441,REG2022CE01441,2022,CE,REGULAR,-0.27036669676116976,-0.027384320403744018,1.953107198272574
1442,REG2023EEE01442,2023,EEE,REGULAR,0.6869566320986773,-0.7113032269494793,0.11712421614985134
1443,REG2022CSE01443,2022,CSE,REGULAR,-0.38438737659292116,-0.205766993677172,1.605619832565118
1444,REG2020CE01444,2020,CE,REGULAR,-2.0807405253909783,-1.372079187269614,1.179942130038464
1445,REG2023ME01445,2023,ME,REGULAR,0.8007019475455768,2.059845001737402,0.5587238369444854
1446,REG2022ECE01446,2022,ECE,REGULAR,-0.15647737612315848,-0.779375325260117,-0.6518885825313808
1447,REG2023EEE01447,2023,EEE,REGULAR,0.13807840841754682,-1.8861287039510257,0.053059312932619035
1448,REG2022EEE01448,2022,EEE,REGULAR,0.8652897561352498,-1.4605008994184878,1.1912606816318325
1449,REG2020CSE01449,2020,CSE,REGULAR,2.7107942990405327,-0.06374528550396617,-0.8774840221556317
1450,REG2020CSE01450,2020,CSE,REGULAR,-1.407087194784017,-0.22001802765967404,-0.12740687238995974
1451,REG2021ME01451,2021,ME,REGULAR,0.1026455285396643,-0.29779615622395983,0.6332253101150935
1452,REG2021CE01452,2021,CE,REGULAR,-0.38762983266324635,0.022221792534242994,1.0841381745872307
1453,REG2023EEE01453,2023,EEE,REGULAR,-0.9038555419523367,1.3960213653814826,-0.17115638675036388
1454,REG2021EEE01454,2021,EEE,REGULAR,1.247385291974663,0.47404231151220627,0.6960654170770493
1455,REG2021ECE01455,2021,ECE,LATERAL_ENTRY,-0.2981305792658438,-1.6524123902968042,-0.08390186326829689
1456,REG2021CE01456,2021,CE,LATERAL_ENTRY,-0.38368425507628,-0.20819576756495706,0.46296236070578256
1457,REG2021ME01457,2021,ME,REGULAR,0.5206464247290674,-0.16765898262910403,-1.0141739438272706
1458,REG2020ME01458,2020,ME,LATERAL_ENTRY,1.0477603642413795,0.5963674824173593,0.7689414500911304
1459,REG2023ECE01459,2023,ECE,REGULAR,0.3097267791360022,0.475751991831532,0.5896392313574
1460,REG2022ECE01460,2022,ECE,REGULAR,-2.651828063044949,1.0236368684889219,0.8555399492531273
1461,REG2020EEE01461,2020,EEE,REGULAR,1.6571020105521643,-0.4176686877209948,1.0094039652752418
1462,REG2020CE01462,2020,CE,REGULAR,0.3564878887747759,-0.3831175371339934,-0.09972510304127943
1463,REG2023EEE01463,2023,EEE,REGULAR,0.8640127755004468,-0.10285142408903888,0.08492916224267365
1464,REG2023ECE01464,2023,ECE,REGULAR,1.357202549927807,-0.5248145088951439,-1.0970698387946507
1465,REG2021CSE01465,2021,CSE,REGULAR,0.7297729370341954,-0.9310017116324415,0.04303097332128144
1466,REG2022ME01466,2022,ME,REGULAR,0.6868579110122561,2.4264636746069916,-0.574590030688042
1467,REG2022ME01467,2022,ME,REGULAR,2.0877459858751446,-0.42632681486826046,-0.23399757054656292
1468,REG2023EEE01468,2023,EEE,REGULAR,0.8635713591358122,1.5749486993076387,0.758800933975769
1469,REG2023CE01469,2023,CE,REGULAR,0.1415321321496996,1.6735268417175928,0.8766874758750992
1470,REG2022CSE01470,2022,CSE,REGULAR,-0.733543163097348,-0.21367676886986164,-2.0208175845859473
1471,REG2021ECE01471,2021,ECE,LATERAL_ENTRY,1.7396652519704507,0.08528406873324018,-1.7702441759754861
1472,REG2021CSE01472,2021,CSE,REGULAR,-1.0869752536506059,2.0268023689369055,2.0599179084144734
1473,REG2023CE01473,2023,CE,REGULAR,-1.2847961599318027,-0.015238046500086614,1.6393038833690963
1474,REG2021EEE01474,2021,EEE,REGULAR,1.0787190508030151,1.2619671159963644,0.646668746583331
1475,REG2020CSE01475,2020,CSE,LATERAL_ENTRY,0.275812468097975,-1.7621656504328693,-0.883853993049003
1476,REG2020CE01476,2020,CE,REGULAR,-0.36391333207900156,1.371159553538192,1.6480027900566998
1477,REG2022EEE01477,2022,EEE,REGULAR,-0.3954465387902735,-0.4126795209485751,-0.46789383617322516
1478,REG2020ME01478,2020,ME,REGULAR,1.985637686225776,0.7191686663554372,1.8197717873125976
1479,REG2023CE01479,2023,CE,REGULAR,-2.5452495496365364,0.3249845745767454,0.5007712941202096
1480,REG2021ME01480,2021,ME,REGULAR,-0.8429381928657882,-0.14713950481410695,-0.6566240707997048
1481,REG2023ME01481,2023,ME,REGULAR,-1.5992647260527804,-0.3070204976127515,0.5632765545764779
1482,REG2020ECE01482,2020,ECE,REGULAR,1.2137058800187361,0.861724640050467,-0.5570154681581301
1483,REG2023ME01483,2023,ME,LATERAL_ENTRY,-2.747980314807912,1.1085327200082544,-0.5388952289859689
1484,REG2023ME01484,2023,ME,REGULAR,-0.34621223150213903,-0.4586921335369489,0.3944890619100496
1485,REG2023CE01485,2023,CE,REGULAR,-0.23025002487435325,-1.005658500740873,-1.1402096845223317
1486,REG2020ECE01486,2020,ECE,REGULAR,0.04265188645532311,-1.3886220145349841,-0.22973533149785047
1487,REG2023CSE01487,2023,CSE,REGULAR,-1.3254989679956861,0.7038809278242576,1.028610311303378
1488,REG2021ME01488,2021,ME,REGULAR,-0.7438593891229157,0.49549866914018087,-0.5966033549083545
1489,REG2022CE01489,2022,CE,REGULAR,-1.8787239596779863,-0.7255155484803173,0.5435342274659133
1490,REG2020ME01490,2020,ME,REGULAR,-0.6582601427232297,-0.09302707779307455,0.2339601529848788
1491,REG2020ECE01491,2020,ECE,REGULAR,-0.7730492250120511,0.7261611599035471,0.03696752054910817
1492,REG2021CSE01492,2021,CSE,REGULAR,0.12175861030942946,0.033285827857349376,0.9782939689619577
1493,REG2020EEE01493,2020,EEE,REGULAR,1.2221981575557728,1.606573858074689,2.243591723768047
1494,REG2021ECE01494,2021,ECE,REGULAR,-0.5790136948152732,2.469407414008624,-1.0967729434551832
1495,REG2021CSE01495,2021,CSE,REGULAR,-0.2714050601644967,-0.4639479694844082,1.2107012531475165
1496,REG2023EEE01496,2023,EEE,REGULAR,-0.01727323804817288,0.8515910458931973,-0.9096804393124754
1497,REG2023CSE01497,2023,CSE,REGULAR,-0.8221656066894072,-1.2876052836530616,-0.9004484613780268
1498,REG2022CE01498,2022,CE,REGULAR,1.4194556807978391,-0.502868753670956,1.178865937036939
1499,REG2023ME01499,2023,ME,REGULAR,0.30613455310275506,-0.2310595368408984,-1.1918747041912499
1500,REG2023ME01500,2023,ME,REGULAR,1.9435288811221971,-0.7596730177525534,0.6636463470328414
1501,REG2020CSE01501,2020,CSE,REGULAR,-0.3472907381533582,-0.9607292638076759,-0.8052987855879996
1502,REG2022ECE01502,2022,ECE,REGULAR,0.5489445177665526,0.4704829961291065,1.9723444790822
1503,REG2022CSE01503,2022,CSE,REGULAR,0.5724453061551018,0.3970466698823999,0.9316659668680948
1504,REG2022ME01504,2022,ME,REGULAR,0.39537368118566585,-0.5569985288629022,0.8780486264631149
1505,REG2023EEE01505,2023,EEE,REGULAR,-1.2374821982493482,0.33177170510909826,-0.7952147710246502
1506,REG2020ME01506,2020,ME,REGULAR,0.6002126991480295,-0.6196364239164643,-0.8813146623227437
1507,REG2021ME01507,2021,ME,REGULAR,0.5675134612896133,0.5952277718342022,1.4072997065345885
1508,REG2020ECE01508,2020,ECE,REGULAR,0.4078100146177539,-0.03840433566908717,1.5314828975216277
1509,REG2021CE01509,2021,CE,REGULAR,-0.5046946897455464,0.12773455294429992,0.16696727910785414
1510,REG2022EEE01510,2022,EEE,REGULAR,0.2023904573091336,0.1345889759377787,-0.7222187689499412
1511,REG2021CSE01511,2021,CSE,REGULAR,0.9665960811349503,-0.7814654209824603,-1.076165855770106
1512,REG2022ME01512,2022,ME,REGULAR,0.1149257510289212,-0.2849047666215309,-0.5672617146575817
1513,REG2021CE01513,2021,CE,REGULAR,0.254205894424239,-0.5206484156682695,0.6317037077345713
1514,REG2023EEE01514,2023,EEE,REGULAR,-0.3100987933768239,0.1935853398117053,-0.2076772666399089
1515,REG2021EEE01515,2021,EEE,REGULAR,-1.7806256729074892,1.5027343263055881,0.7762285047241061
1516,REG2020ECE01516,2020,ECE,REGULAR,-0.483933444951233,-0.4580251830145565,0.4753349254274913
1517,REG2021CSE01517,2021,CSE,REGULAR,-1.0559898119268434,-1.0500547898231862,-0.9096897884083344
1518,REG2023ECE01518,2023,ECE,REGULAR,0.7595000375161222,-0.4665549688269199,-2.325631677841348
1519,REG2021CE01519,2021,CE,LATERAL_ENTRY,0.27226709880257305,0.20560931214296568,-0.4903517675118684
1520,REG2021CE01520,2021,CE,REGULAR,-1.71510014332287,0.9481429504720496,-0.3059544315315921
1521,REG2021CSE01521,2021,CSE,LATERAL_ENTRY,-0.09534109119668262,1.7303218148571686,-2.245585897565163
1522,REG2021EEE01522,2021,EEE,REGULAR,0.19540322128332027,-0.511422479978421,-0.9198122758702884
1523,REG2023ME01523,2023,ME,REGULAR,-0.72664068293268,-0.1783960368144386,1.4762267984112802
1524,REG2021ME01524,2021,ME,REGULAR,-0.9882204150615219,2.2704945602612208,0.05383155186744948
1525,REG2020CE01525,2020,CE,REGULAR,0.3610523419360335,-0.35961471185156113,1.8666250786267489
1526,REG2021ECE01526,2021,ECE,REGULAR,1.5986908444131307,0.08724143782060971,-1.493430736034726
1527,REG2021ECE01527,2021,ECE,LATERAL_ENTRY,-0.18491271887619062,0.6500889080816444,-0.8706210231258847
1528,REG2022ECE01528,2022,ECE,REGULAR,-0.07685619004705521,0.15984057716539674,-1.2192863858260627
1529,REG2021EEE01529,2021,EEE,REGULAR,0.9238650159641746,1.4795272035185179,-0.1341253790451568
1530,REG2021ECE01530,2021,ECE,REGULAR,-1.3646486738693806,-0.06403686176641572,-1.6831528060364036
1531,REG2021ME01531,2021,ME,REGULAR,0.9775452018543154,-0.098336342192499,-0.18600769429209638
1532,REG2020ME01532,2020,ME,REGULAR,0.5890241699257166,2.0267396784843514,-0.892941968129662
1533,REG2022CSE01533,2022,CSE,REGULAR,0.9442086465859959,-0.6910141872962882,-1.41711074097327
1534,REG2023ECE01534,2023,ECE,REGULAR,-1.7968585209326238,0.291325232874699,-0.5742373753190599
1535,REG2021ME01535,2021,ME,REGULAR,-1.341034792292609,0.8499944144688751,1.4925611583320504
1536,REG2023ECE01536,2023,ECE,REGULAR,0.037243962475022596,-1.5177990932003989,0.49658419083560834
1537,REG2020ME01537,2020,ME,REGULAR,1.1827193278806778,-0.20945194831866373,-1.9701485016645344
1538,REG2021CSE01538,2021,CSE,REGULAR,-0.10875562490780484,0.6471290901423451,-1.0138518969459522
1539,REG2020ECE01539,2020,ECE,REGULAR,-0.6614276383178324,-0.47722388203336225,-0.1138807667229712
1540,REG2020ME01540,2020,ME,REGULAR,0.5452424248342077,-0.2592238817854791,-1.1392051716173321
1541,REG2021CE01541,2021,CE,REGULAR,1.543838306914531,-0.25994450247258905,-0.6679693380711357
1542,REG2020ECE01542,2020,ECE,REGULAR,1.9748007996533428,1.4789309382525555,0.10271497457221027
1543,REG2020ECE01543,2020,ECE,REGULAR,0.6437753809379322,0.5619406165101333,-1.4537985507462725
1544,REG2020ECE01544,2020,ECE,LATERAL_ENTRY,-0.03202756915864482,0.3709087906352869,-0.23328856174639337
1545,REG2021ME01545,2021,ME,LATERAL_ENTRY,0.42131979423243604,0.8077734312917834,0.11583194900956444
1546,REG2022CE01546,2022,CE,REGULAR,0.22860414557842074,0.8395773748118313,-0.05842854325435377
1547,REG2022EEE01547,2022,EEE,REGULAR,-0.32160908753101564,1.3371771663549992,-1.1268816461321651
1548,REG2022EEE01548,2022,EEE,REGULAR,1.0348098433880861,1.2646569070225409,0.4298361510480887
1549,REG2020ME01549,2020,ME,REGULAR,-0.6617998452810052,0.273366852785388,-1.2518429594247726
1550,REG2022ME01550,2022,ME,REGULAR,0.029094673412294915,0.3449667063519542,-1.9651517471806146
1551,REG2021CSE01551,2021,CSE,REGULAR,1.902159644077534,-0.20460015202121157,-0.20489669719531542
1552,REG2021EEE01552,2021,EEE,REGULAR,0.6825322825294072,-0.14649271457844093,0.27483280729992227
1553,REG2022CSE01553,2022,CSE,REGULAR,1.1952601690314673,-1.679133855514616,1.603479876354825
1554,REG2021EEE01554,2021,EEE,REGULAR,-1.7881660814453333,-0.873668891922626,1.5444420988742655
1555,REG2023ECE01555,2023,ECE,REGULAR,0.6037041551226275,0.1077481346260674,0.01318026088668942
1556,REG2020ECE01556,2020,ECE,REGULAR,-0.7687182605183653,0.21876473678477085,1.2972492001860536
1557,REG2023ECE01557,2023,ECE,REGULAR,-0.8746398141480541,-1.5110540339128655,-2.052874420349235
1558,REG2021ECE01558,2021,ECE,REGULAR,-1.1808359169921354,-1.5227145097905055,0.29439275913620677
1559,REG2020CE01559,2020,CE,REGULAR,0.5710314643971474,0.6285994930303792,0.6993003997179001
1560,REG2021ME01560,2021,ME,LATERAL_ENTRY,-0.9242320153191936,-2.050799855994148,-0.6823110722071305
1561,REG2021EEE01561,2021,EEE,REGULAR,-0.4216085853111195,0.6259704749887174,-0.10899516071138145
1562,REG2022EEE01562,2022,EEE,REGULAR,-1.5460923203036723,-0.7711349672336278,-0.532633852777348
1563,REG2020ME01563,2020,ME,REGULAR,1.797733840577358,-0.3163355447400646,-0.641146634452866
1564,REG2023ECE01564,2023,ECE,REGULAR,0.41818896442890974,-0.5607944692399751,-0.5280611130257374
1565,REG2022CE01565,2022,CE,REGULAR,-0.20210159393183622,1.6527489558168793,0.7039658051286266
1566,REG2022ECE01566,2022,ECE,REGULAR,0.8088204022778498,-1.1314056101350374,0.8873823641411338
1567,REG2021ECE01567,2021,ECE,REGULAR,-0.19544187379288444,0.5463317060017513,-0.020239721297646392
1568,REG2021CE01568,2021,CE,REGULAR,-0.9780883762484497,-0.9058201794228425,-0.8115535434762642
1569,REG2020CSE01569,2020,CSE,REGULAR,0.7533844599846924,0.13378906286510542,0.5771933171877279
1570,REG2022EEE01570,2022,EEE,LATERAL_ENTRY,-1.2290179365531857,1.316478810590568,-0.09451069607983914
1571,REG2022ECE01571,2022,ECE,REGULAR,0.3618568656488565,1.9646544124099643,-1.69273284103671
1572,REG2022CE01572,2022,CE,REGULAR,0.10024196481197747,-0.08078194172861485,-0.5421968218490776
1573,REG2023CSE01573,2023,CSE,REGULAR,1.2431554118624082,1.3424938066667254,0.08813527114702299
1574,REG2020ECE01574,2020,ECE,REGULAR,-0.14114501348629094,2.710331644334893,0.5198710181019115
1575,REG2020CSE01575,2020,CSE,LATERAL_ENTRY,0.709410980586605,-0.14055348550243169,-0.6312411362407006
1576,REG2020CE01576,2020,CE,REGULAR,0.599450686321704,1.419035611367264,0.29335203632298334
1577,REG2021ECE01577,2021,ECE,REGULAR,-1.001621865490398,0.08695970203716943,-0.5322617261715757
1578,REG2020ME01578,2020,ME,REGULAR,0.7041298480492758,0.7969657955099247,1.6332295165199406
1579,REG2021ME01579,2021,ME,REGULAR,1.300248944252042,-1.4015298469325186,0.8056510328936717
1580,REG2022ME01580,2022,ME,LATERAL_ENTRY,1.1340005008147496,2.598822900074582,-1.7240618108680354
1581,REG2023CSE01581,2023,CSE,REGULAR,0.8386710488851915,-0.961390175894306,0.7588096850156215
1582,REG2020CE01582,2020,CE,REGULAR,0.18883969952362037,-0.5830020294564505,1.1917937173895472
1583,REG2021ME01583,2021,ME,REGULAR,1.0400578907933893,-1.0188699570667352,-0.22777097912363467
1584,REG2022CSE01584,2022,CSE,REGULAR,-0.9400159321237542,0.10798392072522883,2.6068591631497697
1585,REG2020CSE01585,2020,CSE,LATERAL_ENTRY,0.7192597115856167,0.5012534648602976,-2.0957533130959978
1586,REG2020EEE01586,2020,EEE,REGULAR,-0.21322411890725795,1.9233718797298098,0.6923145736406997
1587,REG2020ECE01587,2020,ECE,REGULAR,-1.3707015829729348,1.194828994627055,-0.7036975461953431
1588,REG2023CSE01588,2023,CSE,REGULAR,0.640950608333397,-0.5377297505004549,-0.7402293871800347
1589,REG2022CSE01589,2022,CSE,REGULAR,0.427962626552635,1.7230747176462498,1.639256516741752
1590,REG2022EEE01590,2022,EEE,REGULAR,-1.9227717720623363,0.7211195208758526,0.31955410121987704
1591,REG2023CE01591,2023,CE,REGULAR,1.0484848737045507,-0.9858104964754729,0.9763736729794835
1592,REG2020EEE01592,2020,EEE,REGULAR,0.9308745119372439,0.4707904439669705,-0.36361955713297156
1593,REG2022EEE01593,2022,EEE,REGULAR,-2.4891278048023238,-0.7413033689372526,-0.20378252140990608
1594,REG2021ME01594,2021,ME,REGULAR,0.559951427319347,1.1355065261031918,1.8567316041881468
1595,REG2023CSE01595,2023,CSE,REGULAR,-0.9998952922481001,2.193602615610071,-1.6808950827464908
1596,REG2020EEE01596,2020,EEE,REGULAR,-0.4998395974016641,0.646449368542261,2.311259004942879
1597,REG2021ME01597,2021,ME,REGULAR,-0.21969602421644946,-0.31997652935102444,-0.06829514729013947
1598,REG2023EEE01598,2023,EEE,REGULAR,-0.9824881228992801,-1.263880829074111,0.9680250758705841
1599,REG2021EEE01599,2021,EEE,REGULAR,-2.8500301093171823,0.5445824007936281,2.05419384125607
1600,REG2023ECE01600,2023,ECE,REGULAR,0.14782073903652695,-1.8749176944077033,-0.5902651734626709
1601,REG2020ECE01601,2020,ECE,REGULAR,0.6701223588880751,0.7116640860743736,1.3400842326805085
1602,REG2020ECE01602,2020,ECE,REGULAR,-0.7758884452947913,-1.04852468956819,-1.2609153494850058
1603,REG2021ECE01603,2021,ECE,LATERAL_ENTRY,0.028493149045086385,0.049273996765315305,-0.10613900982466534
1604,REG2022ECE01604,2022,ECE,REGULAR,1.2172406453265736,-0.9363815185879087,0.28916164773995223
1605,REG2021CE01605,2021,CE,REGULAR,-1.894382195925908,0.6296376030255896,-0.20758434514303986
1606,REG2020CSE01606,2020,CSE,REGULAR,1.3213162028034042,0.4544888475833129,-0.7697892002158454
1607,REG2023CSE01607,2023,CSE,REGULAR,1.1090486359367069,0.8543769651072106,0.4104032649251625
1608,REG2023ME01608,2023,ME,REGULAR,-0.17088041146611152,0.7817716643021212,1.0101906122357613
1609,REG2022CSE01609,2022,CSE,LATERAL_ENTRY,0.0924037757770563,-0.3469554499349021,1.4756694386095508
1610,REG2021EEE01610,2021,EEE,REGULAR,-2.0382965297622753,1.4481843198713584,0.6049233586501919
1611,REG2021CE01611,2021,CE,REGULAR,0.588084599744503,-1.6366474618212583,-0.6521262370939029
1612,REG2023EEE01612,2023,EEE,LATERAL_ENTRY,-0.8450572838086583,0.6180958404288079,0.16477500418135604
1613,REG2022ECE01613,2022,ECE,REGULAR,1.058588835815996,-0.7402742910087537,0.05815577985023775
1614,REG2022CSE01614,2022,CSE,REGULAR,1.1093634140025137,0.909326048020673,-1.4796445564500877
1615,REG2023ME01615,2023,ME,REGULAR,-0.23483667274127698,-0.06542672855191503,0.7961903002518462
1616,REG2020EEE01616,2020,EEE,REGULAR,0.2893830050020716,1.0741742051455587,-3.0560121614649476
1617,REG2020CE01617,2020,CE,REGULAR,0.4753161358948526,-0.4621039555846555,0.0758616169151219
1618,REG2020ECE01618,2020,ECE,REGULAR,0.852143076402508,1.553827823160428,0.8316154598715804
1619,REG2021EEE01619,2021,EEE,REGULAR,0.35581633527699624,0.5527838562219295,-0.2523490382872462
1620,REG2023ME01620,2023,ME,REGULAR,-0.6397888909895332,1.0997342660445182,1.868680973948168
1621,REG2023CSE01621,2023,CSE,LATERAL_ENTRY,1.9731048680819048,0.7212781292490482,-0.5147916994996568
1622,REG2022CSE01622,2022,CSE,REGULAR,-0.0032743790558235593,0.29890914004524843,-0.780132654270696
1623,REG2023CE01623,2023,CE,REGULAR,0.29519306170841997,0.31238724341164475,1.3387779704210623
1624,REG2023CSE01624,2023,CSE,REGULAR,-1.760262500580009,0.18347311871156718,0.044802456387939664
1625,REG2023CSE01625,2023,CSE,REGULAR,-0.7287293926540226,-0.8465118444436109,-2.0129080438933564
1626,REG2020CSE01626,2020,CSE,REGULAR,0.13281753341626526,-0.9134251263173027,-0.017746692418393682
1627,REG2021CSE01627,2021,CSE,REGULAR,1.0797170071942606,1.376827361965034,0.20225039552923285
1628,REG2022CSE01628,2022,CSE,REGULAR,-0.21254991342059257,-0.1818372633616389,-0.13865037219470755
1629,REG2023CE01629,2023,CE,REGULAR,0.8684443105959316,1.9278129974385718,-0.48414713088721034
1630,REG2020EEE01630,2020,EEE,REGULAR,0.05525609828667641,-0.06942308691305019,1.21323983826474
1631,REG2023EEE01631,2023,EEE,REGULAR,3.0755855315229494,-0.7986507259529114,-0.7431521541448056
1632,REG2020ME01632,2020,ME,LATERAL_ENTRY,-1.346436122360592,1.351813324120028,-0.19434867154767999
1633,REG2023ECE01633,2023,ECE,REGULAR,-0.5243965305350834,0.02114939557566584,-0.9215700652129813
1634,REG2021ECE01634,2021,ECE,REGULAR,1.6851335009525699,-0.399443281870726,-0.031839456636738726
1635,REG2021CSE01635,2021,CSE,REGULAR,1.0826674514253745,-0.2271377802443857,1.8983403760461453
1636,REG2023ME01636,2023,ME,REGULAR,0.42181571076258223,-2.146055106718261,-1.2940480543188981
1637,REG2022ECE01637,2022,ECE,REGULAR,-0.3160853416062756,0.7405399180288889,-0.038099582673961595
1638,REG2023EEE01638,2023,EEE,REGULAR,-0.24030906814483555,2.0032069492693436,0.22282263385850226
1639,REG2022CE01639,2022,CE,REGULAR,-1.1759135156696274,0.7705010183921014,0.7106959978348593
1640,REG2023CE01640,2023,CE,LATERAL_ENTRY,1.571578738949,-0.42369071691067595,-0.48915617518421617
1641,REG2022ME01641,2022,ME,REGULAR,0.07904780215027922,-0.28815603051111766,0.18301292831148205
1642,REG2020EEE01642,2020,EEE,LATERAL_ENTRY,-0.9915270411046322,-1.5030468593574806,0.995693754370362
1643,REG2022CSE01643,2022,CSE,REGULAR,1.1644117405352703,0.9256767577138694,0.03433338856883548
1644,REG2021CSE01644,2021,CSE,REGULAR,-0.36249900288206854,-0.61836502004413,-0.7948936470016904
1645,REG2023CE01645,2023,CE,REGULAR,-0.08269774501839866,1.1361913746425418,0.35905509348036657
1646,REG2023ME01646,2023,ME,REGULAR,1.3342291941726903,-0.5289163791046552,0.7775960617922721
1647,REG2022CE01647,2022,CE,REGULAR,-1.98468794144591,-0.2671374859417547,0.4403539938779136
1648,REG2021EEE01648,2021,EEE,REGULAR,-0.5209685512310958,-1.0504376287559674,0.8461184692959337
1649,REG2021EEE01649,2021,EEE,REGULAR,0.04189592115427648,2.6366691419455885,1.1535028497815438
1650,REG2022CSE01650,2022,CSE,REGULAR,1.1625736681878402,-2.3960822883304163,-0.6789803464631321
1651,REG2021ECE01651,2021,ECE,REGULAR,-1.1574157902154336,-1.980836470922634,-0.038323835697372494
1652,REG2020CE01652,2020,CE,REGULAR,0.8187659708488161,-0.963396341198569,-1.9320651585199595
1653,REG2022ECE01653,2022,ECE,LATERAL_ENTRY,-0.8888596980356747,-0.15974849799158664,-1.0141642181269683
1654,REG2022ME01654,2022,ME,REGULAR,0.3389758936682615,1.1402505526712048,-1.18023173420037
1655,REG2022ECE01655,2022,ECE,REGULAR,-0.3334862809696951,0.88525632086596,0.8790141545570074
1656,REG2022ECE01656,2022,ECE,REGULAR,-0.9464907959884281,-0.2730067480225845,0.5850213322877983
1657,REG2020CE01657,2020,CE,REGULAR,0.2811920179102754,1.8325612403560125,-1.5302791359297876
1658,REG2021CSE01658,2021,CSE,REGULAR,-0.12243598974739747,-0.6366987639755308,0.7771558744368304
1659,REG2023CSE01659,2023,CSE,REGULAR,-0.4942015491627051,-1.4819885411257956,-0.05118484564042785
1660,REG2023EEE01660,2023,EEE,REGULAR,-1.581355226130057,-0.8269805995836251,0.16089420419906206
1661,REG2023ECE01661,2023,ECE,REGULAR,-0.6886180485624596,0.7889701250469207,-1.8115918203349892
1662,REG2021ECE01662,2021,ECE,REGULAR,-1.0049759150998872,1.26586043763205,-0.17105750835929298
1663,REG2023CSE01663,2023,CSE,REGULAR,3.208768606708029,-0.8101818030595682,-0.646694126582599
1664,REG2022CSE01664,2022,CSE,REGULAR,-0.8972441146699729,1.5097706448075194,1.2119499354877503
1665,REG2021CE01665,2021,CE,REGULAR,1.1612076717580284,-0.4365660514296659,1.2632845023687043
1666,REG2022CE01666,2022,CE,REGULAR,-1.6638403732769556,0.007349575464749858,0.9208158658799955
1667,REG2022CE01667,2022,CE,LATERAL_ENTRY,-0.5060459071847999,0.15057652064562613,0.7459864966917888
1668,REG2023ECE01668,2023,ECE,REGULAR,-0.6488724534890523,-0.7929763467106745,1.912554689431941
1669,REG2022ME01669,2022,ME,LATERAL_ENTRY,-0.27402623074477794,0.2494343042140543,0.6483649563956297
1670,REG2020EEE01670,2020,EEE,REGULAR,-1.786886035147921,0.6436687530224908,2.0773434395699533
1671,REG2022CE01671,2022,CE,REGULAR,2.206468979884672,0.07964958261392499,-3.8366555484593694
1672,REG2020CSE01672,2020,CSE,LATERAL_ENTRY,1.2368324661272665,-0.3984452749893668,-0.4466430468146064
1673,REG2021ECE01673,2021,ECE,REGULAR,0.6122698101053926,-1.5594357791262254,-1.0777207457916016
1674,REG2020CE01674,2020,CE,LATERAL_ENTRY,0.3431585541974166,0.3001509512361751,-0.14482595359958514
1675,REG2023CE01675,2023,CE,REGULAR,-0.15404003002697222,-0.7873259126880789,-1.321115666827012
1676,REG2021ME01676,2021,ME,REGULAR,0.2506316743414634,-0.6584460385217168,-0.937074280147968
1677,REG2022EEE01677,2022,EEE,REGULAR,-0.371179100017682,1.0417349079187792,0.6374816048363169
1678,REG2020CSE01678,2020,CSE,REGULAR,-0.33290932998667877,-0.24657105425957435,0.7351321130540912
1679,REG2022ME01679,2022,ME,REGULAR,0.2685179158608715,-0.29606799523872984,0.18174189672707158
1680,REG2021ECE01680,2021,ECE,REGULAR,0.6346619438439383,-0.7518775255875076,1.5365341563181698
1681,REG2021CSE01681,2021,CSE,REGULAR,-0.1738738203145863,1.3385921382956065,-0.7051105201659605
1682,REG2022CSE01682,2022,CSE,REGULAR,-1.349605255711928,3.377382919082646,0.676507476439975
1683,REG2023CSE01683,2023,CSE,REGULAR,-0.4093405752186243,-1.0561115691870866,-1.8802884105687847
1684,REG2021ME01684,2021,ME,REGULAR,-1.025219085737433,1.0682437495785087,0.3862872082325942
1685,REG2022CSE01685,2022,CSE,REGULAR,0.875493636952676,-0.08156475929217741,-0.015087326074606035
1686,REG2020CE01686,2020,CE,REGULAR,-2.058870679383213,1.0357324669729413,0.7481957843941472
1687,REG2020ME01687,2020,ME,REGULAR,0.1714097959035053,0.5870979263002958,-1.131933467594333
1688,REG2023CE01688,2023,CE,REGULAR,-0.7954247917548062,0.31101507437819137,-1.0045088309328236
1689,REG2020ECE01689,2020,ECE,REGULAR,2.322053393697689,-0.8574312117286053,-0.6388338697594519
1690,REG2022CSE01690,2022,CSE,REGULAR,0.6499355504284685,-0.31667954593424946,1.3744849814275593
1691,REG2020CSE01691,2020,CSE,LATERAL_ENTRY,-1.0040796329550274,0.9443852228353897,0.15165727214501756
1692,REG2022EEE01692,2022,EEE,REGULAR,-1.0237559477078506,-1.2180364813521096,-1.1644743151728765
1693,REG2023CSE01693,2023,CSE,REGULAR,0.21564815147665914,0.19311463369002482,1.751639501573564
1694,REG2023EEE01694,2023,EEE,REGULAR,-0.4462848181559192,0.12845106724629307,-0.5913046388789457
1695,REG2020CE01695,2020,CE,REGULAR,0.1309811291970358,-0.8564566522457612,-0.964446270397466
1696,REG2020ME01696,2020,ME,REGULAR,-0.05111726347663867,0.28587178537011604,0.18848638076042118
1697,REG2020ME01697,2020,ME,REGULAR,-0.4110816176784839,0.7381939592582714,-0.22539528216232319
1698,REG2022CE01698,2022,CE,REGULAR,-1.1885974024676345,1.518322824567314,0.5064552465077627
1699,REG2021CE01699,2021,CE,REGULAR,-0.42886340069726764,0.8077257283550481,0.7879312524960529
1700,REG2023EEE01700,2023,EEE,LATERAL_ENTRY,0.4613635210800931,-0.777857258208614,-1.2342754841278012
1701,REG2023ME01701,2023,ME,REGULAR,-0.7396875640116414,-0.8907936664659649,2.0204739770927964
1702,REG2023CE01702,2023,CE,REGULAR,-0.6708776207596805,-0.4465284720744135,-1.1656735104517029
1703,REG2023CSE01703,2023,CSE,REGULAR,-1.9899462698211248,0.33237683351960967,-0.3764225545881953
1704,REG2022CE01704,2022,CE,REGULAR,0.3160678697299512,-0.07185623880239769,2.257349801192177
1705,REG2023EEE01705,2023,EEE,REGULAR,0.5582693443682882,-0.9796885393137323,0.0945498523228568
1706,REG2021ECE01706,2021,ECE,REGULAR,-0.6569166468758761,-1.2479059263278847,-1.1742237774582098
1707,REG2022ECE01707,2022,ECE,REGULAR,0.37377487490223954,0.5587188371873778,0.10798551668603056
1708,REG2020ME01708,2020,ME,REGULAR,1.0893393093166917,1.2958159129500124,0.4051852292950227
1709,REG2023CSE01709,2023,CSE,LATERAL_ENTRY,-0.22858480832683586,-0.001123160305806167,0.17670735122650705
1710,REG2021CE01710,2021,CE,LATERAL_ENTRY,-0.944216714276812,1.0847442427539598,-0.9950783093212762
1711,REG2021CE01711,2021,CE,REGULAR,-1.3766402320007247,1.702484719454923,1.0788377510284317
1712,REG2020CE01712,2020,CE,LATERAL_ENTRY,-1.1565122034058628,0.16382511349971618,0.3258219203978424
1713,REG2020CE01713,2020,CE,REGULAR,-0.4913542795811953,-2.645394145694028,0.19626597206611035
1714,REG2023ECE01714,2023,ECE,REGULAR,-1.6759493145476618,0.44329092660742553,0.18210603205732684
1715,REG2020ME01715,2020,ME,REGULAR,-1.964897282976844,1.1548911426353936,-0.11053290748678851
1716,REG2020ECE01716,2020,ECE,REGULAR,0.707586457485561,-1.1564116437728786,2.541341032030526
1717,REG2021ECE01717,2021,ECE,REGULAR,2.1192403872289507,-1.3249160194224634,0.8170366862591912
1718,REG2020CSE01718,2020,CSE,REGULAR,-1.017211857900159,-0.4008290072829459,1.5845852647706948
1719,REG2023CE01719,2023,CE,REGULAR,-0.20410912649344204,-1.820552881661241,-0.434032263769012
1720,REG2020ECE01720,2020,ECE,REGULAR,1.6604268534933473,-0.46666692701793866,0.8452213627713431
1721,REG2021CE01721,2021,CE,REGULAR,-0.33192519334705567,-0.44808162373737237,0.22004016665403928
1722,REG2022CE01722,2022,CE,REGULAR,0.18085260932256295,-0.7956551338258075,1.399417926653883
1723,REG2022ECE01723,2022,ECE,REGULAR,0.18807335699177305,-0.851180482447485,0.665334534508875
1724,REG2021CSE01724,2021,CSE,REGULAR,2.2096055760423776,-1.7555055887046276,0.4539052294413472
1725,REG2021ECE01725,2021,ECE,REGULAR,-0.7167327438221677,-1.2563024334952402,0.10304061448602145
1726,REG2020ECE01726,2020,ECE,REGULAR,0.5910487048493498,0.6917186899082688,-0.4571741471430292
1727,REG2023EEE01727,2023,EEE,REGULAR,0.387542856478548,0.01970276347787093,-0.42249514350045675
1728,REG2022ECE01728,2022,ECE,REGULAR,0.04699217031299818,0.41282207902281864,0.34564013990411424
1729,REG2022EEE01729,2022,EEE,REGULAR,-0.026122672127904784,-1.170269401121699,1.5724694915429047
1730,REG2023CSE01730,2023,CSE,REGULAR,-1.4981433951345065,0.22856360669987755,-0.6147810737085848
1731,REG2023CE01731,2023,CE,REGULAR,-0.32175270399020833,-0.032481035842094615,1.9126881343567956
1732,REG2023ECE01732,2023,ECE,REGULAR,-1.32484578093274,0.4170953244232462,-0.9846336870179557
1733,REG2022EEE01733,2022,EEE,REGULAR,1.2666612531984123,-0.9710620291077331,-0.11315849445608393
1734,REG2023EEE01734,2023,EEE,REGULAR,-0.5552730880131714,1.1962975438431387,1.7867554488303223
1735,REG2021CSE01735,2021,CSE,LATERAL_ENTRY,-0.6881370621515897,2.432636324021755,-0.5921141931896984
1736,REG2023CE01736,2023,CE,LATERAL_ENTRY,1.7710211503980606,0.7791875770008039,0.6593409950691119
1737,REG2021ECE01737,2021,ECE,REGULAR,0.852174181321905,0.004910558563553437,1.034360098014559
1738,REG2020ECE01738,2020,ECE,REGULAR,0.9615000943039684,1.1490280629982936,-0.6235590552991402
1739,REG2023EEE01739,2023,EEE,REGULAR,-0.15710122998950854,-0.17762703762329876,-0.9981039109477717
1740,REG2020CE01740,2020,CE,REGULAR,-1.7355176103597263,-1.0893099282488663,1.7684023353344187
1741,REG2022ME01741,2022,ME,LATERAL_ENTRY,-0.5156173303222645,0.1866769240975898,-0.5134591613561721
1742,REG2020ME01742,2020,ME,REGULAR,-0.8615933958867462,-1.1059796461666966,-1.3766000315388154
1743,REG2021ME01743,2021,ME,REGULAR,0.14653027802133728,0.4855567221888255,0.4844868498339508
1744,REG2023CE01744,2023,CE,REGULAR,-0.7501119871547913,0.39027847705954627,-0.7341100512387415
1745,REG2022CSE01745,2022,CSE,REGULAR,1.4072933035299422,0.23221942967536735,0.08261327279331242
1746,REG2023EEE01746,2023,EEE,REGULAR,-0.5630071514803686,-0.09390356871304721,1.163000969705304
1747,REG2020ECE01747,2020,ECE,REGULAR,0.9280156591516868,0.20849197057558072,-2.354482922696602
1748,REG2020EEE01748,2020,EEE,REGULAR,0.018252460856112946,0.4458388752292466,-1.722256933957519
1749,REG2023CSE01749,2023,CSE,REGULAR,0.41038327678689207,1.2146667801329027,-0.14486675514609437
1750,REG2021CSE01750,2021,CSE,REGULAR,0.40582408667381425,-2.2557913310947475,0.43100969213007667
1751,REG2022ECE01751,2022,ECE,REGULAR,-1.6191730565158646,0.629739514408738,-0.265920074195552
1752,REG2022ME01752,2022,ME,REGULAR,0.5568747223681456,-0.6996008087023639,-0.20937561331191326
1753,REG2023CE01753,2023,CE,REGULAR,1.9358610256806046,0.1358559015662905,-0.09600066173385824
1754,REG2021ECE01754,2021,ECE,REGULAR,-0.19805976321890642,-0.4362630321800288,1.0481167592691547
1755,REG2020CE01755,2020,CE,REGULAR,-1.1068993218836423,-0.016187609248809052,0.4577622368572799
1756,REG2021CE01756,2021,CE,REGULAR,2.013168973928341,-0.8404981867490057,-0.4950200629834768
1757,REG2022EEE01757,2022,EEE,REGULAR,-0.2649786635224417,-1.277049634596047,-0.6127045293578621
1758,REG2023ECE01758,2023,ECE,REGULAR,0.9124665694033126,-0.011997344627723866,-0.9780230235225682
1759,REG2022ECE01759,2022,ECE,REGULAR,0.6937061125361853,1.5844943751570586,-0.7900170968152079
1760,REG2020ME01760,2020,ME,LATERAL_ENTRY,0.6928152103009225,1.0219627766781416,0.2112093992244567
1761,REG2022EEE01761,2022,EEE,REGULAR,0.6469045232565656,-0.6844404020861823,-1.327798673479431
1762,REG2023EEE01762,2023,EEE,REGULAR,-0.2885329006817962,1.515413815348209,1.1464871587330383
1763,REG2022ME01763,2022,ME,LATERAL_ENTRY,1.2746838496794863,-1.135635904757829,0.509295323642008
1764,REG2020CSE01764,2020,CSE,REGULAR,-0.6160712153363238,1.6170449245216825,-0.7704247991378789
1765,REG2021ECE01765,2021,ECE,LATERAL_ENTRY,1.459699389213819,-0.6289797329458584,-1.1278990920323688
1766,REG2022ECE01766,2022,ECE,REGULAR,-0.4185936079722677,-0.6993129220137123,0.43123337614643725
1767,REG2022CSE01767,2022,CSE,LATERAL_ENTRY,-0.3464482973573745,0.7265060643994238,-1.0274566910906195
1768,REG2023CSE01768,2023,CSE,REGULAR,0.8491132956064091,-1.3699857724669031,-0.9797427560096463
1769,REG2021CE01769,2021,CE,REGULAR,0.3849664160476343,0.7985666731105902,1.1209365124062458
1770,REG2020CSE01770,2020,CSE,REGULAR,1.569628586939493,-0.3423048434491489,0.9020913115882678
1771,REG2022ME01771,2022,ME,REGULAR,0.20716032081238034,0.918753760036669,0.09241679779904749
1772,REG2022ME01772,2022,ME,REGULAR,0.829398864004722,-1.1269353627983616,0.1404271956117847
1773,REG2021ME01773,2021,ME,REGULAR,0.19742304769258168,-2.2252959027767756,0.2271338286934484
1774,REG2021ECE01774,2021,ECE,LATERAL_ENTRY,0.08673076130718821,0.5105353784512363,0.20173865479604391
1775,REG2022ECE01775,2022,ECE,REGULAR,-0.034564239843803336,0.9057176004973654,2.3456241618964406
1776,REG2020CSE01776,2020,CSE,REGULAR,-1.4000712344017388,1.5920248985760834,-0.5877379693198984
1777,REG2021EEE01777,2021,EEE,LATERAL_ENTRY,0.5131052391066513,2.237963017824218,-0.32082719667060944
1778,REG2021EEE01778,2021,EEE,REGULAR,0.5158944916195386,-1.9123719909472114,-0.39352952998403157
1779,REG2022EEE01779,2022,EEE,REGULAR,0.5023400150092917,-0.622751136129189,0.2575571918564652
1780,REG2022EEE01780,2022,EEE,REGULAR,1.6327762467860814,-1.1600829622691022,2.1865425051757894
1781,REG2020CSE01781,2020,CSE,LATERAL_ENTRY,-0.8359171847795852,-0.2724609817672434,-0.8489028753240747
1782,REG2020EEE01782,2020,EEE,REGULAR,-0.9247196634929487,-1.1867466055116207,0.6440536285562206
1783,REG2021EEE01783,2021,EEE,REGULAR,0.282256910582161,-1.4946355110905596,0.3063725439663462
1784,REG2021ECE01784,2021,ECE,REGULAR,-0.09376940102124605,1.643524008793492,0.3229747419548588
1785,REG2023EEE01785,2023,EEE,REGULAR,-0.19987450780478255,-1.1826443875759345,-2.3908179256337765
1786,REG2022CE01786,2022,CE,REGULAR,0.12788416716286244,-1.737922445965795,2.102044755837806
1787,REG2020CSE01787,2020,CSE,LATERAL_ENTRY,-0.21547918302051558,1.7179930556752252,0.18531814223287382
1788,REG2020CE01788,2020,CE,REGULAR,-1.4601250751388217,0.6190831693880101,-0.3755089806394995
1789,REG2022CSE01789,2022,CSE,LATERAL_ENTRY,0.16450259004350581,-0.2251054046798361,-1.839565047822103
1790,REG2022CSE01790,2022,CSE,REGULAR,0.2863333298670089,1.85747720929573,-1.773719124589243
1791,REG2020EEE01791,2020,EEE,REGULAR,1.6286276978812413,0.1848397643603801,1.6005625073699596
1792,REG2023CE01792,2023,CE,REGULAR,-0.39478240919542645,1.3569096281854005,1.3384103162161816
1793,REG2021CE01793,2021,CE,REGULAR,1.032829953944756,-0.2524278512258994,-0.15756655755032156
1794,REG2022EEE01794,2022,EEE,REGULAR,0.5893280470744221,-1.2003587463033485,1.4235782029990198
1795,REG2023ECE01795,2023,ECE,REGULAR,0.6792938199823493,-0.7101366068373821,-2.1146935990737354
1796,REG2023CSE01796,2023,CSE,REGULAR,-0.42390107233259605,-0.44699593201448135,1.6111149824119573
1797,REG2022ME01797,2022,ME,REGULAR,0.5508779440386217,-0.6894796975078974,0.13569017540545353
1798,REG2021CE01798,2021,CE,REGULAR,-0.7311954406273489,0.40016960520049744,-2.0140632742377633
1799,REG2023CSE01799,2023,CSE,REGULAR,-1.2061510399968247,1.826733302733586,-1.254959370803667
1800,REG2021CE01800,2021,CE,REGULAR,0.5310368324700779,-1.7342978761366645,1.2647143405969
1801,REG2020ME01801,2020,ME,LATERAL_ENTRY,-0.5208761483491172,-0.9704820431793175,0.5262676786778293
1802,REG2023ECE01802,2023,ECE,REGULAR,-1.18203755905684,0.21355944438023328,-1.5803056396160509
1803,REG2020ECE01803,2020,ECE,REGULAR,0.7006525500269745,0.5121445264962363,-0.5352485471564018
1804,REG2022CSE01804,2022,CSE,REGULAR,-0.1816695614667046,-0.48667632288159673,0.9435977762729458
1805,REG2021ECE01805,2021,ECE,REGULAR,-0.5459619271149279,-1.3496496702201406,1.4201849387819487
1806,REG2022EEE01806,2022,EEE,LATERAL_ENTRY,0.5921139002849184,-0.5367192273056031,-0.34447076252012176
1807,REG2020CE01807,2020,CE,REGULAR,0.7692166928951395,-0.5167260428890207,-0.2743021427964125
1808,REG2021EEE01808,2021,EEE,REGULAR,-0.12759327630683778,-0.7191444899872259,-0.0972036702597796
1809,REG2022ECE01809,2022,ECE,REGULAR,-0.1655353896476764,0.7944982907563105,1.7118068675295046
1810,REG2022ME01810,2022,ME,REGULAR,-0.6455518646949785,1.392095244121183,-0.2815287098643214
1811,REG2020CSE01811,2020,CSE,REGULAR,-1.157568057768597,0.4720114314628812,3.1496480111345417
1812,REG2023ME01812,2023,ME,REGULAR,1.1056008152536936,-0.9315217286172649,-0.76367463600217
1813,REG2023EEE01813,2023,EEE,REGULAR,-1.293302819209767,-0.30647749211043135,-0.14458871698605455
1814,REG2021EEE01814,2021,EEE,REGULAR,1.541972347838634,0.17570894260456668,1.1508766027273922
1815,REG2023CSE01815,2023,CSE,LATERAL_ENTRY,-1.936743490127042,1.0151438399404868,-0.35589974061435725
1816,REG2022ME01816,2022,ME,REGULAR,1.169645022120437,-1.1231950508753776,2.045654547677154
1817,REG2022CE01817,2022,CE,LATERAL_ENTRY,1.1013681922613807,-1.4209667543702793,0.08870330689620405
1818,REG2023EEE01818,2023,EEE,REGULAR,1.0290032399781626,-1.1898754228932482,0.7694344109181347
1819,REG2022ME01819,2022,ME,REGULAR,0.4491665552347324,-0.815500763309681,0.278811955554506
1820,REG2023ECE01820,2023,ECE,REGULAR,0.8185160604524124,-0.7377552468328822,-1.9504122016574068
1821,REG2020ME01821,2020,ME,REGULAR,-1.5299242320096162,-0.13803562188224064,-0.44268389543081
1822,REG2022CSE01822,2022,CSE,REGULAR,0.6355863542987947,-1.1185234842116323,0.6428554939629476
1823,REG2023CE01823,2023,CE,REGULAR,-1.0043378262939064,0.12682468513496187,-0.36634167713775767
1824,REG2021EEE01824,2021,EEE,REGULAR,0.17676210325026384,0.17297010594416382,-0.18276132798463166
1825,REG2022ME01825,2022,ME,REGULAR,0.34407331452816153,-0.9081916412932373,0.5084011208320753
1826,REG2020EEE01826,2020,EEE,REGULAR,0.3836990542108262,-0.1453494223138851,0.34739748643476165
1827,REG2021ME01827,2021,ME,REGULAR,0.8771111535319532,-1.1057053509006238,-0.22231949387770866
1828,REG2023CE01828,2023,CE,REGULAR,0.58807922912916,0.29962607192780993,-1.1359349215622772
1829,REG2021ME01829,2021,ME,REGULAR,0.03397178038364067,1.1894338037618435,0.8789093565172021
1830,REG2022ME01830,2022,ME,LATERAL_ENTRY,0.6399828507133413,1.1844347397059,-0.21466182168129297
1831,REG2020EEE01831,2020,EEE,LATERAL_ENTRY,1.7095605628922443,-1.0673322229847908,-0.15465753862470596
1832,REG2022ECE01832,2022,ECE,REGULAR,-0.0601310230080517,0.6061733064352033,-0.7385975818825119
1833,REG2020ME01833,2020,ME,REGULAR,-1.6076070400364784,0.37819770697845906,-0.3664732479200673
1834,REG2021ECE01834,2021,ECE,REGULAR,-0.47069704180016775,-0.41141191368493285,-0.660169197515097
1835,REG2023ME01835,2023,ME,REGULAR,-0.30610492663844235,0.9678303935055376,-0.9727135909371106
1836,REG2020ME01836,2020,ME,REGULAR,-1.5198986050003207,-0.6066308273221378,-0.024718556623273127
1837,REG2022CE01837,2022,CE,REGULAR,-0.1297722243984588,-0.02471086506892419,0.4730826719950572
1838,REG2022EEE01838,2022,EEE,REGULAR,-1.0241826404477345,0.8355827763397274,-0.7800659529251152
1839,REG2020ME01839,2020,ME,REGULAR,-1.1577492458637992,0.14930524122544148,1.0189958316879406
1840,REG2020ME01840,2020,ME,REGULAR,-0.12680196910485925,-0.20165791269967645,2.312481905516079
1841,REG2023CSE01841,2023,CSE,REGULAR,0.9594427089965875,-0.6683612761723191,-0.6102559003644767
1842,REG2022ME01842,2022,ME,LATERAL_ENTRY,0.2598012105948643,-1.6080993587888226,0.7270193073540817
1843,REG2021ME01843,2021,ME,REGULAR,-0.3602599015272815,-1.6303316445557703,-0.5008936956512298
1844,REG2022CSE01844,2022,CSE,REGULAR,0.23209408472244217,-0.012024028913188121,-0.23955585893709902
1845,REG2020CE01845,2020,CE,REGULAR,-0.029351702115694572,0.3953072526493312,0.03302330719303324
1846,REG2021ECE01846,2021,ECE,REGULAR,1.3469412443889959,-0.6906085414833233,0.9687451087912454
1847,REG2022ME01847,2022,ME,REGULAR,-0.7945458080713664,-2.8226349582445267,-0.28280999504254634
1848,REG2021EEE01848,2021,EEE,REGULAR,-0.050065358230497604,-0.26950808672585086,0.06914981613654678
1849,REG2021EEE01849,2021,EEE,REGULAR,-0.1707758322020781,-0.8936535102956071,0.5944456040041143
1850,REG2023CSE01850,2023,CSE,REGULAR,-0.2829973472998606,-0.951708238164947,-1.5994225691295507
1851,REG2020CE01851,2020,CE,REGULAR,-1.1313662435732894,0.8732034679584414,0.9787207152077464
1852,REG2022ME01852,2022,ME,REGULAR,0.4072186081807713,0.3223746965844757,-0.3451496572880413
1853,REG2023CE01853,2023,CE,REGULAR,0.15867790637445828,-0.030194307942056735,0.3738753902434395
1854,REG2023CSE01854,2023,CSE,REGULAR,1.4119024337098602,-0.24775100945800627,-0.13684003336280282
1855,REG2023CE01855,2023,CE,REGULAR,0.45490859995267424,-1.5475049600522275,0.07918218756962711
1856,REG2021EEE01856,2021,EEE,REGULAR,0.15744230683874982,-0.3809301182124925,0.31331101285637164
1857,REG2020CSE01857,2020,CSE,REGULAR,-1.0042716780133196,-0.02662095230013256,1.8669309276744128
1858,REG2023CSE01858,2023,CSE,LATERAL_ENTRY,-0.3923070290156926,1.0473054581760066,0.038857020567620956
1859,REG2020ECE01859,2020,ECE,LATERAL_ENTRY,0.9054383674547759,-3.759778926676893,-0.19258410445319324
1860,REG2023EEE01860,2023,EEE,REGULAR,0.5992757952212583,1.207716755909506,-0.4841634165777435
1861,REG2020EEE01861,2020,EEE,REGULAR,1.5986416689053053,-0.7411857164500155,1.4098801716180314
1862,REG2021ECE01862,2021,ECE,REGULAR,0.0335635548712162,-1.2064749535815509,-0.7959722440593294
1863,REG2021CSE01863,2021,CSE,REGULAR,-0.2759102124020307,-0.9637605983755171,2.577054329570032
1864,REG2022ECE01864,2022,ECE,REGULAR,0.17448819948773614,-0.08317177193461948,1.3773350295283417
1865,REG2020CSE01865,2020,CSE,REGULAR,0.681634223668389,0.014108356253124855,0.6055136511241652
1866,REG2021CSE01866,2021,CSE,REGULAR,0.06440752243194205,0.15065392673910552,1.599708993760179
1867,REG2020EEE01867,2020,EEE,LATERAL_ENTRY,-2.0003322762548583,-0.10541125747840863,-1.2346415233570895
1868,REG2021EEE01868,2021,EEE,LATERAL_ENTRY,-1.2488031324896824,1.034319416401822,-1.7221016246734302
1869,REG2022EEE01869,2022,EEE,REGULAR,-0.8454321838049752,-0.11536962821082757,0.9397074919455912
1870,REG2020ME01870,2020,ME,REGULAR,-0.7122019585853434,0.2443831271971808,0.5672468488575222
1871,REG2021ME01871,2021,ME,REGULAR,-0.0353929251300813,-0.11673064491608603,0.0718485092054428
1872,REG2020CE01872,2020,CE,REGULAR,1.7115579209900993,0.67101780491777,1.067997778058972
1873,REG2021EEE01873,2021,EEE,LATERAL_ENTRY,-1.2540226524285165,-0.9989363762455913,0.2726335143194143
1874,REG2021ECE01874,2021,ECE,REGULAR,0.34222557942434556,0.631224356971783,-1.151226657507144
1875,REG2021CSE01875,2021,CSE,LATERAL_ENTRY,0.6292641163439292,0.3269740534294587,0.5632811347670267
1876,REG2022ME01876,2022,ME,REGULAR,0.17483730603549721,-0.21600142157311336,0.33396514967619034
1877,REG2023EEE01877,2023,EEE,REGULAR,-0.17117936979639942,-0.06611239395200703,-1.709226399202596
1878,REG2021CE01878,2021,CE,REGULAR,0.3916980160104727,-0.08920329769166797,1.610292980482871
1879,REG2023CE01879,2023,CE,REGULAR,0.6180684939300418,0.3465270183130003,-1.0084330205311458
1880,REG2023CE01880,2023,CE,REGULAR,-1.5297489550040915,-2.4874567587061294,-0.45822302925650094
1881,REG2021ME01881,2021,ME,LATERAL_ENTRY,-0.27675103077825325,-0.7498429227081852,-0.23110265066915348
1882,REG2022ME01882,2022,ME,REGULAR,-0.04638048590207275,-0.7420840949227768,0.14007484795982725
1883,REG2020ECE01883,2020,ECE,REGULAR,0.5374325913880298,0.12972304868337323,0.7722299334832914
1884,REG2021EEE01884,2021,EEE,LATERAL_ENTRY,-0.4335640327635492,0.6226270398123211,0.6522282001166947
1885,REG2023ECE01885,2023,ECE,REGULAR,0.5090461386740672,0.9012697695616145,-0.41145863079048745
1886,REG2021CSE01886,2021,CSE,REGULAR,-0.5478214242432214,-0.7013776052224556,-1.0320056563323736
1887,REG2023CSE01887,2023,CSE,REGULAR,-0.5560200221581358,-0.4665484462049911,0.015396536877895222
1888,REG2022CE01888,2022,CE,REGULAR,-1.6019750123696794,-0.6955483344918731,-0.05696568026326645
1889,REG2021CSE01889,2021,CSE,REGULAR,-1.2938173650678928,0.9010053242021153,1.4685022718853997
1890,REG2022ECE01890,2022,ECE,LATERAL_ENTRY,0.3817247448468266,-0.4405635339398941,-2.0360681984757933
1891,REG2022CE01891,2022,CE,REGULAR,-0.9792523330043671,-0.011179115477882038,-0.940686884970515
1892,REG2023ECE01892,2023,ECE,REGULAR,-0.4131228857693131,1.0584747721189638,0.29416753800160234
1893,REG2021CSE01893,2021,CSE,REGULAR,-1.331106098741396,-0.4129221450105309,-0.7271848826528688
1894,REG2020ECE01894,2020,ECE,REGULAR,-0.16676763087448562,-0.7308749265135105,-0.3637690213731503
1895,REG2023EEE01895,2023,EEE,REGULAR,1.7586928369548633,1.827441941113795,-1.2817956203514085
1896,REG2021ME01896,2021,ME,REGULAR,-0.3731404762049969,-0.009852421611612788,-1.0971975431847565
1897,REG2021EEE01897,2021,EEE,REGULAR,1.7872399646046684,-0.433990462215957,1.4955717364824264
1898,REG2022EEE01898,2022,EEE,REGULAR,1.278434957965715,0.48614968510626266,1.4245089589030282
1899,REG2023ME01899,2023,ME,LATERAL_ENTRY,0.08710621930597107,-1.0077842719176842,0.4310880736371018
1900,REG2020CSE01900,2020,CSE,REGULAR,0.6518577695156011,1.3809265638012977,0.035142224620872076
1901,REG2020ECE01901,2020,ECE,REGULAR,0.34545798288816215,0.9130631564333996,1.9739094756411455
1902,REG2022ECE01902,2022,ECE,REGULAR,-0.6389013099861962,0.01904021742794988,0.6060852236767832
1903,REG2023ECE01903,2023,ECE,REGULAR,-0.3712903014303694,-1.0890357755343976,-0.7034315879526488
1904,REG2023CSE01904,2023,CSE,REGULAR,-1.0140233803039944,-0.5281054814225066,0.27647562613317805
1905,REG2023CE01905,2023,CE,LATERAL_ENTRY,-1.1715076452289261,0.6891293188030049,1.1438574374137096
1906,REG2022CE01906,2022,CE,LATERAL_ENTRY,-0.25423512855534014,-1.264590942512968,2.19173618640787
1907,REG2021ME01907,2021,ME,REGULAR,-1.022063696607324,-0.9634393048019902,0.7170213532630433
1908,REG2020EEE01908,2020,EEE,REGULAR,0.3028875206864429,0.9926730543689658,1.057240599787105
1909,REG2021ME01909,2021,ME,REGULAR,-0.44890838731300636,-0.40611035702340326,0.09675491843880031
1910,REG2023CSE01910,2023,CSE,REGULAR,-1.614749862291331,-0.8582579678533235,0.14836719163637738
1911,REG2023CE01911,2023,CE,REGULAR,-0.3141200971724664,0.26018501972578595,-0.7959493632411998
1912,REG2021ECE01912,2021,ECE,REGULAR,-0.799386217709929,0.03277363755578143,0.021222650834258405
1913,REG2020ECE01913,2020,ECE,LATERAL_ENTRY,-0.1982747167143214,0.13573304258710203,0.9289250606418465
1914,REG2023CSE01914,2023,CSE,LATERAL_ENTRY,0.22495084443915328,-0.32476902174182104,0.08721233905052488
1915,REG2022CSE01915,2022,CSE,LATERAL_ENTRY,0.5206689779762794,-2.204025753511341,-0.4281293412965732
1916,REG2021CE01916,2021,CE,REGULAR,1.340933507741839,0.29542412700076187,0.18571668936896457
1917,REG2023CSE01917,2023,CSE,REGULAR,0.045629329987863926,-0.16981997217719902,-1.652144131888817
1918,REG2023CE01918,2023,CE,REGULAR,-1.0021039246304309,-0.680214622272303,-0.4233605562747566
1919,REG2023CE01919,2023,CE,REGULAR,-0.011918389972823951,-0.20514267256779253,2.0044650639397426
1920,REG2022ME01920,2022,ME,REGULAR,-0.8049756592501087,-0.7139565666114869,-0.09166329085024545
1921,REG2023CSE01921,2023,CSE,REGULAR,-1.3742745555547298,-2.799191846895975,1.2957162884732945
1922,REG2021ME01922,2021,ME,REGULAR,0.24747081082315747,-0.9164662137923275,0.06066499789673189
1923,REG2022ECE01923,2022,ECE,REGULAR,-0.31215121733579176,-0.21365118686149553,1.083542871305383
1924,REG2023ME01924,2023,ME,REGULAR,-0.25901219508755247,-0.96418300517011,0.30196948951412605
1925,REG2023ME01925,2023,ME,LATERAL_ENTRY,-1.538671072932594,0.4014332369443779,0.8911171862575001
1926,REG2023EEE01926,2023,EEE,REGULAR,1.1214140290969221,0.2840652070645226,-0.47592481153544475
1927,REG2022CSE01927,2022,CSE,REGULAR,-1.587188069678454,-0.20731609600824458,0.6235257988258587
1928,REG2023EEE01928,2023,EEE,REGULAR,1.8054168464197806,0.10256220357251782,1.555944868219781
1929,REG2021EEE01929,2021,EEE,REGULAR,-0.22811203854489995,0.42679413062350674,-0.5964406015321921
1930,REG2020CE01930,2020,CE,REGULAR,-0.7798292795319934,-1.2243872733579544,-0.8927733072761507
1931,REG2021CE01931,2021,CE,REGULAR,0.10776005545254295,-0.24989373581204613,0.29214884211879866
1932,REG2020EEE01932,2020,EEE,REGULAR,0.2802359460024941,0.8687983383055493,0.02310434600073103
1933,REG2022ME01933,2022,ME,REGULAR,-0.9779388355526387,-0.6124228909008682,-1.9790186934897123
1934,REG2020CE01934,2020,CE,REGULAR,2.0268171160423925,-1.5789081123956183,-0.34940611462238647
1935,REG2022ECE01935,2022,ECE,REGULAR,1.0540997027118817,-0.392363845692114,-1.9567068321780017
1936,REG2020CSE01936,2020,CSE,LATERAL_ENTRY,-1.3667817312780253,0.5647340586586012,1.0617536055582186
1937,REG2021CE01937,2021,CE,REGULAR,1.4341770365203266,-1.7394252442322782,-0.8002227353999037
1938,REG2020CE01938,2020,CE,LATERAL_ENTRY,-0.552692953783497,0.8970064326890673,0.49082345187664683
1939,REG2023ECE01939,2023,ECE,REGULAR,0.030351157954809187,0.29901745705812055,0.07305939817754814
1940,REG2020CE01940,2020,CE,REGULAR,-0.7655504646213932,-0.4416074101336221,0.23407666077231085
1941,REG2021CSE01941,2021,CSE,REGULAR,-0.14781626507577086,1.0709129433745872,0.7528483312002712
1942,REG2020ECE01942,2020,ECE,LATERAL_ENTRY,-0.33331499450800395,-0.6554060396046076,0.19063259563121088
1943,REG2021ME01943,2021,ME,LATERAL_ENTRY,-0.1610175756624195,-0.6925811773904662,1.1053069074036117
1944,REG2021EEE01944,2021,EEE,REGULAR,0.23955623724338154,-1.6711873328966327,2.09018482476606
1945,REG2020ME01945,2020,ME,REGULAR,1.1970945262589563,-0.7513885026828745,1.0437133532761307
1946,REG2022ME01946,2022,ME,REGULAR,0.12156748771264907,-0.7711632127184833,0.6686161119129306
1947,REG2022ECE01947,2022,ECE,REGULAR,-0.16206210203682392,1.1951774115114164,-0.48021443413239945
1948,REG2022CE01948,2022,CE,LATERAL_ENTRY,0.2688507864009919,-0.4326595133965921,0.3924560184705202
1949,REG2021ECE01949,2021,ECE,REGULAR,0.804579635737642,0.8286601215177316,1.3775475229465746
1950,REG2022CSE01950,2022,CSE,REGULAR,0.04376152843993516,0.5946985299808122,0.08472993850013799
1951,REG2022EEE01951,2022,EEE,REGULAR,0.5820033544286162,0.19844152853085534,-1.8443616622206864
1952,REG2022ECE01952,2022,ECE,REGULAR,-0.7838505846547171,-0.40467511819418855,-1.9771131794544554
1953,REG2020ME01953,2020,ME,REGULAR,0.9792597442869628,-0.24965553821891934,0.2075422948887419
1954,REG2021CSE01954,2021,CSE,REGULAR,-1.3467856621154346,1.847866995702103,1.1905296437176767
1955,REG2022ECE01955,2022,ECE,REGULAR,0.8691275372181938,-1.439593607830217,1.9978261250271308
1956,REG2021EEE01956,2021,EEE,REGULAR,1.1790307525919472,-0.7125786628673275,1.1076963526575612
1957,REG2022ME01957,2022,ME,REGULAR,-1.2935521457432113,-1.2500954765732064,-0.8307859631004115
1958,REG2023ECE01958,2023,ECE,LATERAL_ENTRY,-0.3263875179599722,1.8007460692361192,-0.6622351004005362
1959,REG2020ECE01959,2020,ECE,REGULAR,0.47270731286934553,-0.06298116578783874,0.17702312899378309
1960,REG2021CSE01960,2021,CSE,REGULAR,0.3696147959000166,1.4086194934459193,-0.12574629749577262
1961,REG2022ME01961,2022,ME,LATERAL_ENTRY,2.2432439632303542,-1.090030495473646,-0.18369396637659305
1962,REG2023EEE01962,2023,EEE,REGULAR,0.33700980089899085,2.280260230298927,-0.7337772828073789
1963,REG2021CE01963,2021,CE,REGULAR,1.2214235933919522,-0.7078312782339351,-0.8501342027176184
1964,REG2021ME01964,2021,ME,REGULAR,0.23096732869515393,0.09192603700722622,0.24893210596026677
1965,REG2022EEE01965,2022,EEE,REGULAR,-0.19960467236367965,0.06283357291934077,-0.44382347969133185
1966,REG2022EEE01966,2022,EEE,LATERAL_ENTRY,-1.5644539866239684,0.9327530959052602,1.682284096123216
1967,REG2021CSE01967,2021,CSE,REGULAR,-0.1838305803201219,-0.7168742707124743,-0.37250949853380483
1968,REG2021CSE01968,2021,CSE,LATERAL_ENTRY,-1.0464152361937116,-0.6925348843550028,-1.192041544161932
1969,REG2021EEE01969,2021,EEE,REGULAR,0.33492902589548784,1.588173928170954,-1.3664863206353663
1970,REG2020CSE01970,2020,CSE,REGULAR,-1.3944165652589056,-1.8945803297587682,-1.3213897566641029
1971,REG2023CSE01971,2023,CSE,REGULAR,0.06455840954905381,1.2063273037260298,-1.2291775722377538
1972,REG2020ME01972,2020,ME,REGULAR,2.038541395288826,1.097285438541682,0.4759658621782235
1973,REG2022CSE01973,2022,CSE,REGULAR,-0.598394454890264,-0.7645221034945495,-0.07090742839537904
1974,REG2023EEE01974,2023,EEE,REGULAR,1.2027782293255644,-1.3155208308716764,0.010410509941697923
1975,REG2023EEE01975,2023,EEE,REGULAR,0.7342202716637841,0.9293488172675535,0.7312365010616992
1976,REG2020ME01976,2020,ME,LATERAL_ENTRY,-1.4175935258687122,-1.0855951559729504,-0.024168207340386633
1977,REG2020ECE01977,2020,ECE,REGULAR,-1.9586651433122895,0.5782980230102686,-0.12770946653805024
1978,REG2022CSE01978,2022,CSE,REGULAR,-1.2701156562458307,-0.6435838189492084,-2.2610329160598344
1979,REG2020CE01979,2020,CE,REGULAR,-0.40175059501136046,0.9739781618137272,-0.6317829786704785
1980,REG2020EEE01980,2020,EEE,REGULAR,-0.5269813196512694,0.09146406702396735,-0.4063276108312595
1981,REG2023EEE01981,2023,EEE,REGULAR,0.2804644869391698,-0.652614057384967,-0.8470711062287228
1982,REG2022CSE01982,2022,CSE,REGULAR,0.021725581754204828,1.1234272870957618,0.6769940973750542
1983,REG2023EEE01983,2023,EEE,REGULAR,-1.083801995270218,1.1837404861681007,0.5531926877241887
1984,REG2020CE01984,2020,CE,LATERAL_ENTRY,0.08670915014510186,1.4517058807768237,-0.49029841026058163
1985,REG2023CE01985,2023,CE,REGULAR,0.5917216013664157,1.1617146020295188,-1.2172018271822573
1986,REG2023CSE01986,2023,CSE,LATERAL_ENTRY,0.2557079322773186,0.08834035169956315,0.10770545130312399
1987,REG2022CSE01987,2022,CSE,REGULAR,-1.1894590734994237,0.6132540489853971,0.8408842797305155
1988,REG2023CE01988,2023,CE,REGULAR,1.3194789706264387,1.3636528439175986,0.47643306685739056
1989,REG2021ME01989,2021,ME,LATERAL_ENTRY,0.16363376366879356,-0.030041156748162053,-1.6742271490919693
1990,REG2022ECE01990,2022,ECE,REGULAR,-0.20756156621926944,-0.8313061316402847,0.2039053513449041
1991,REG2023EEE01991,2023,EEE,LATERAL_ENTRY,-1.1070640145901445,-1.0084934228173716,0.28095211325876274
1992,REG2020ME01992,2020,ME,REGULAR,-0.018069660530875612,1.8091749341724923,-0.8233469362880002
1993,REG2021ECE01993,2021,ECE,REGULAR,-0.6742860432185861,-2.2170523917134606,-0.026330835469702555
1994,REG2022ECE01994,2022,ECE,REGULAR,-0.12762056842675376,-0.5881092977955014,0.19268574230508714
1995,REG2021ME01995,2021,ME,REGULAR,-0.41312111947630104,0.14166302473927578,0.907017963669654
1996,REG2022ECE01996,2022,ECE,REGULAR,0.5167550269898664,-0.05077200927315897,0.16019324950697242
1997,REG2022ME01997,2022,ME,LATERAL_ENTRY,1.3576196330501393,-0.1435815887121344,0.4185145591570548
1998,REG2021CSE01998,2021,CSE,REGULAR,-0.4966510521282467,0.9230448272267618,0.4060940188486671
1999,REG2022CSE01999,2022,CSE,REGULAR,-2.486149678470236,-0.07694875829956106,1.470400762320152
2000,REG2020ECE02000,2020,ECE,REGULAR,-0.08487179646937802,-0.8123575563110357,-1.1609706457269826
2001,REG2022CSE02001,2022,CSE,REGULAR,0.3298577378605567,-0.37257085426537107,1.4739170452558095
2002,REG2020ME02002,2020,ME,REGULAR,-0.44166747121729594,0.08973696015192006,0.596335728443669
2003,REG2021CSE02003,2021,CSE,REGULAR,0.41102812261744226,0.774980889007615,-0.36358787681842886
2004,REG2020ECE02004,2020,ECE,REGULAR,0.22080099459253644,0.3609640972333187,0.7518080657722093
2005,REG2022CSE02005,2022,CSE,REGULAR,0.3503525805033619,-0.5596624491842516,-0.30209865073949355
2006,REG2020CE02006,2020,CE,REGULAR,-0.9502058003628824,1.9761725802543202,2.2963832459454188
2007,REG2021CSE02007,2021,CSE,REGULAR,0.8226824265741438,0.33531725639730775,0.18030505133750305
2008,REG2020CSE02008,2020,CSE,REGULAR,-0.9561357029585392,-0.051509193753927957,0.3753596961444733
2009,REG2023CSE02009,2023,CSE,REGULAR,0.9338104260749966,0.5032323845324963,2.305636837367189
2010,REG2023ECE02010,2023,ECE,LATERAL_ENTRY,-1.015581379650545,0.15734656767307767,0.9765065890631646
2011,REG2022CE02011,2022,CE,LATERAL_ENTRY,0.1894978069133202,-0.04918250617383162,-1.075973716098492
2012,REG2022CE02012,2022,CE,REGULAR,-0.8987317423216471,0.3566450794751408,-1.0620891671202404
2013,REG2020CSE02013,2020,CSE,REGULAR,-1.1465155768252397,-2.362231159840192,-0.1602789899841101
2014,REG2023CE02014,2023,CE,REGULAR,1.454064767303491,-2.001014482393543,0.8438751932339243
2015,REG2021CSE02015,2021,CSE,REGULAR,1.207366127913661,0.615444686808514,1.9615490427858888
2016,REG2023CSE02016,2023,CSE,REGULAR,-1.4056388339480343,-0.28502151069124415,1.58817225479641
2017,REG2022ME02017,2022,ME,REGULAR,1.2217081395199536,-1.1421147369186135,-1.1651666157588243
2018,REG2021ECE02018,2021,ECE,REGULAR,-0.6104131458981339,-0.8281805638735081,0.6856563925137109
2019,REG2020ECE02019,2020,ECE,REGULAR,-1.7629776570260387,0.8165329918634078,1.9062709441601786
2020,REG2022ECE02020,2022,ECE,REGULAR,0.15493098118819504,-0.2424507394570983,0.5028700094932507
2021,REG2023CSE02021,2023,CSE,REGULAR,1.8180408785389746,0.09847031405108503,-1.1216955035185305
2022,REG2021EEE02022,2021,EEE,REGULAR,-1.093055390788778,-1.6446040683468848,-0.20950819043589705
2023,REG2022ME02023,2022,ME,REGULAR,1.4584327034267779,0.0813760320181998,-1.1814784087351164
2024,REG2022ECE02024,2022,ECE,LATERAL_ENTRY,-2.493470513485736,-0.580775133685619,0.13568545345691707
2025,REG2023ME02025,2023,ME,LATERAL_ENTRY,0.04596093604893383,-0.24258303628979377,-1.1992043250956432
2026,REG2020CE02026,2020,CE,LATERAL_ENTRY,0.44769626639501187,-0.14027558555042832,-0.33551583203306606
2027,REG2020EEE02027,2020,EEE,REGULAR,1.2519474545131573,0.9158237815976042,-0.36317555873281615
2028,REG2021ME02028,2021,ME,REGULAR,-0.2164187116383712,-1.4596760351576847,0.9020439053828642
2029,REG2020ECE02029,2020,ECE,REGULAR,-0.29621402655022483,-1.9130438154547134,0.7810794517497336
2030,REG2021EEE02030,2021,EEE,LATERAL_ENTRY,-2.5348683153514404,1.9631579869922164,0.332655071477108
2031,REG2022CSE02031,2022,CSE,REGULAR,1.40337865669859,0.43328413343925887,0.8050837886620337
2032,REG2021ME02032,2021,ME,REGULAR,-1.135418455202866,0.723972744069368,0.8989032098691095
2033,REG2021EEE02033,2021,EEE,LATERAL_ENTRY,-0.05894653351895392,0.047034364008503374,0.24174080853257543
2034,REG2020CSE02034,2020,CSE,REGULAR,-0.967865426885087,-2.2422216587440293,0.8325047813737684
2035,REG2023EEE02035,2023,EEE,REGULAR,0.16401595664061125,0.26531887044821906,-0.5154963110282808
2036,REG2023EEE02036,2023,EEE,REGULAR,0.5862503755302528,2.034069018956833,0.4113570120574287
2037,REG2021EEE02037,2021,EEE,LATERAL_ENTRY,-0.781687121593047,-0.20790298949924071,-0.08950703116153806
2038,REG2022CE02038,2022,CE,REGULAR,2.348722402246502,-2.47853671585382,-2.0434935024851213
2039,REG2020CE02039,2020,CE,REGULAR,2.1960895592968157,-1.0347697780535663,-0.3184817988704806
2040,REG2020CSE02040,2020,CSE,REGULAR,0.5406307261785857,-0.648460010942418,0.23136232434129073
2041,REG2023CE02041,2023,CE,REGULAR,1.3768858861758493,0.7628086895732948,-0.632468416310135
2042,REG2020CSE02042,2020,CSE,REGULAR,-0.9917726460793398,1.5891473016364572,0.5011292760645764
2043,REG2020ECE02043,2020,ECE,REGULAR,-0.4994981234951737,-0.27364217709247746,-0.3610943565358659
2044,REG2022CSE02044,2022,CSE,REGULAR,-0.37116247052053264,0.5382442189002953,1.7034009450487873
2045,REG2023ECE02045,2023,ECE,REGULAR,0.7799333585659247,-1.0975891111051743,-0.17003706952921502
2046,REG2020ECE02046,2020,ECE,REGULAR,-0.2762318283711555,-1.6517511675084546,0.0343574664422713
2047,REG2021ECE02047,2021,ECE,REGULAR,-0.17685516007494892,1.0245617493024457,0.7546733410751487
2048,REG2020EEE02048,2020,EEE,LATERAL_ENTRY,0.061839081724850725,-0.6784947304872218,-0.3054994630536529
2049,REG2022EEE02049,2022,EEE,REGULAR,-0.5973810610451429,0.11041804694611956,1.1971785314619128
2050,REG2021EEE02050,2021,EEE,REGULAR,-0.7710421571412046,0.9219363780076167,0.8514099367626543
2051,REG2020EEE02051,2020,EEE,REGULAR,0.2169443275957465,0.6547912616681332,0.5240414373702086
2052,REG2021CE02052,2021,CE,REGULAR,-0.937869603161639,0.1108964301634123,1.7365528527660827
2053,REG2023CSE02053,2023,CSE,REGULAR,-1.0531641491701353,0.34704645759687075,-0.036602662694947094
2054,REG2020ME02054,2020,ME,REGULAR,-1.1300441691643648,-0.7009246321685271,0.43257932208484806
2055,REG2023ME02055,2023,ME,REGULAR,0.13110856308483526,-0.5368924444039023,-1.6796487601892922
2056,REG2020ECE02056,2020,ECE,REGULAR,-0.8539225133692266,0.12352920184109302,-0.21673178915646166
2057,REG2020ECE02057,2020,ECE,REGULAR,0.2756631976342582,0.5661383087123703,0.26186065929027363
2058,REG2023ECE02058,2023,ECE,REGULAR,1.2341698587913752,1.0953491943987237,-1.4730198305152638
2059,REG2021ECE02059,2021,ECE,LATERAL_ENTRY,-1.5642049013469685,-0.18714880464091355,0.7462938598884538
2060,REG2022ME02060,2022,ME,REGULAR,0.15632791552110267,-0.3856317609455195,2.64684602298873
2061,REG2021ECE02061,2021,ECE,REGULAR,-0.34541542406383324,-0.21253102584369113,-0.707620536868777
2062,REG2020CSE02062,2020,CSE,REGULAR,0.5453894809246738,-0.2052130062259626,-0.22790454722687362
2063,REG2020EEE02063,2020,EEE,REGULAR,1.2040873995774943,1.2122336174264774,0.17466444887536464
2064,REG2022CSE02064,2022,CSE,REGULAR,2.0816487885643062,0.39260333105729306,-1.8426181419156153
2065,REG2022CE02065,2022,CE,REGULAR,0.599089759263809,0.17567371249177932,-0.9684836469618956
2066,REG2020CSE02066,2020,CSE,REGULAR,-1.381769188567704,-0.5108347024780763,1.0424849602058035
2067,REG2021EEE02067,2021,EEE,REGULAR,0.7141847580629287,1.455841090469153,-0.44107251781214923
2068,REG2023EEE02068,2023,EEE,REGULAR,-0.36492877350214287,-0.04836263658450752,-0.21091903980712268
2069,REG2021CSE02069,2021,CSE,REGULAR,1.781117990739303,-0.6514117900064127,0.42973358089008773
2070,REG2022EEE02070,2022,EEE,REGULAR,0.01900847055735139,0.5629106602850852,-0.10744488179424941
2071,REG2022CSE02071,2022,CSE,REGULAR,-0.6964610897866884,1.8641995258873496,-0.6713075913710861
2072,REG2021EEE02072,2021,EEE,REGULAR,0.08919819661257138,0.4445919950731292,0.43383524008887675
2073,REG2021EEE02073,2021,EEE,REGULAR,1.6467921087553123,-0.17816809029657246,-0.8332328054847637
2074,REG2020CE02074,2020,CE,REGULAR,0.23258613234332473,-0.030945374853890886,0.1205390254697077
2075,REG2023ME02075,2023,ME,REGULAR,-1.1395027940812656,0.16364477600286786,0.6464767861983514
2076,REG2021CE02076,2021,CE,REGULAR,0.16594586281231488,-0.06218005432057701,-0.237975813124896
2077,REG2020ECE02077,2020,ECE,REGULAR,0.2033215939283166,-0.6843818211635349,1.5399151458903244
2078,REG2021CE02078,2021,CE,LATERAL_ENTRY,-2.06856352100417,-0.05092317746369712,0.5630999275507254
2079,REG2022ECE02079,2022,ECE,REGULAR,-1.1693152650864689,-0.15014783201743892,-1.7324945949673274
2080,REG2022CSE02080,2022,CSE,REGULAR,-0.39320100368219,0.034204684538075444,-0.8546246417550657
2081,REG2022CSE02081,2022,CSE,REGULAR,0.0770786113814936,1.0556942488831496,-1.0971438697704636
2082,REG2020ME02082,2020,ME,REGULAR,-0.6226717665523829,-0.6582142988421026,-1.1218809663342515
2083,REG2022EEE02083,2022,EEE,REGULAR,1.5236018136916467,-0.6629556898348014,1.2829895941455727
2084,REG2020ME02084,2020,ME,REGULAR,0.122080877033541,-1.2537425388961907,0.21673336304427088
2085,REG2022CE02085,2022,CE,LATERAL_ENTRY,0.8791523930847382,0.11561577685320559,-1.4763216547774625
2086,REG2021CE02086,2021,CE,REGULAR,0.9323633324730479,-0.6292337633874194,2.9141092157683617
2087,REG2022ECE02087,2022,ECE,REGULAR,-1.2770845623311189,-1.08318844666605,0.2335950812615763
2088,REG2023CE02088,2023,CE,LATERAL_ENTRY,2.1168030549638535,-1.762196276174263,-1.7661193225970087
2089,REG2022CSE02089,2022,CSE,LATERAL_ENTRY,-1.2196672215274431,-1.2584780553254102,0.3719523387104059
2090,REG2023ECE02090,2023,ECE,REGULAR,-0.3128736666187186,0.5440799110952449,-0.29494980324740055
2091,REG2023ECE02091,2023,ECE,REGULAR,-1.2175467917559961,1.1847870138161265,-1.7041474686733216
2092,REG2021ECE02092,2021,ECE,REGULAR,0.6093365738366151,-2.4431453052307317,-0.00386227879186147
2093,REG2021ME02093,2021,ME,REGULAR,1.092627565173108,0.01903417621607687,-0.36049233867067115
2094,REG2023ECE02094,2023,ECE,REGULAR,-1.4032710297404474,-0.8410881270119684,-2.0033398570094416
2095,REG2023CE02095,2023,CE,REGULAR,-0.2215735885909586,1.3909948052043724,0.1414793414838037
2096,REG2023ECE02096,2023,ECE,REGULAR,1.3320318116312335,0.4599946164130554,1.7252856569693447
2097,REG2020CE02097,2020,CE,REGULAR,0.2926791188218358,0.5719649347214412,0.6275907322840457
2098,REG2020CE02098,2020,CE,REGULAR,1.026239081898477,0.5266022143517697,0.8875016933061226
2099,REG2022EEE02099,2022,EEE,LATERAL_ENTRY,-0.39524432542817783,0.08715257038436107,-0.3566886532877253
2100,REG2021CSE02100,2021,CSE,REGULAR,-0.7227466062922848,0.3584057917558956,-0.6030078000737306
2101,REG2022CE02101,2022,CE,REGULAR,-0.4785542667177183,0.5156606300833942,1.6218737477850513
2102,REG2020EEE02102,2020,EEE,LATERAL_ENTRY,-0.5198341457252261,0.7990680731422993,0.006131450435226853
2103,REG2023CE02103,2023,CE,REGULAR,-0.3178305420195441,0.15153888082527078,-0.8097133072517262
2104,REG2022CE02104,2022,CE,REGULAR,0.583372231271415,-0.2283220843383629,0.6158547981500864
2105,REG2020CE02105,2020,CE,LATERAL_ENTRY,-0.4357108323847371,-0.03287448515243416,0.040307699330247825
2106,REG2020ME02106,2020,ME,LATERAL_ENTRY,0.8949300615655605,0.1594910244184334,0.3639713400560981
2107,REG2021CE02107,2021,CE,LATERAL_ENTRY,0.2639743094361582,-1.2838538868586389,1.3373939949136822
2108,REG2020EEE02108,2020,EEE,REGULAR,0.7669879313800368,1.001831211261531,0.4005029568627704
2109,REG2021CE02109,2021,CE,LATERAL_ENTRY,0.594611507529627,0.7517708979708067,2.0276214962490715
2110,REG2023ME02110,2023,ME,REGULAR,0.9252930537162785,0.5141964859880104,-0.32722230339509567
2111,REG2020CSE02111,2020,CSE,REGULAR,-1.0515312335846951,-1.8517647462704183,0.4266558105924761
2112,REG2022CE02112,2022,CE,REGULAR,1.987806564762086,-0.27215437763923833,1.2333421804507967
2113,REG2021CE02113,2021,CE,LATERAL_ENTRY,-0.2567345788425684,1.178301444943211,-1.073050958706466
2114,REG2023ECE02114,2023,ECE,REGULAR,0.48087506544596653,0.7877296574335861,0.03373729493280132
2115,REG2021ME02115,2021,ME,REGULAR,0.09901444948725731,-0.5224147283775092,-0.5668133178023393
2116,REG2023ECE02116,2023,ECE,REGULAR,0.8109137726156966,0.7425269571859775,-0.7255568830094687
2117,REG2023ME02117,2023,ME,REGULAR,-0.926924086099608,1.6796372334212621,-0.24764213068230878
2118,REG2020CE02118,2020,CE,REGULAR,0.2813741339352519,1.1510973454488218,0.45539194410251904
2119,REG2023ECE02119,2023,ECE,REGULAR,-0.03789966221856508,0.07418561152216567,-0.0622404783240018
2120,REG2022EEE02120,2022,EEE,REGULAR,-1.2842858184294499,0.23565758798719783,-0.36614784080118545
2121,REG2021CSE02121,2021,CSE,REGULAR,-1.0501035694666678,-0.45771894803881824,-0.15526930410375947
2122,REG2021ME02122,2021,ME,REGULAR,-0.4062337583664761,-0.9588961614478968,-0.6365572097261013
2123,REG2021CSE02123,2021,CSE,REGULAR,-0.6656150515228548,-0.25105816819874177,1.7569581734178839
2124,REG2023CE02124,2023,CE,REGULAR,-0.15920139497905889,1.3094562257961135,1.0966389429608352
2125,REG2022ECE02125,2022,ECE,REGULAR,-0.9448697722957545,0.12395793250589623,1.7580693607288245
2126,REG2021EEE02126,2021,EEE,REGULAR,0.5606806600900509,-0.41358871377568324,0.06465407213912305
2127,REG2021EEE02127,2021,EEE,REGULAR,-1.119186332161369,1.3579401556508528,-0.5927120036864085
2128,REG2022EEE02128,2022,EEE,REGULAR,0.6924324316861004,0.07646871554029325,0.17676947198708515
2129,REG2023CE02129,2023,CE,REGULAR,-0.39599066489699014,-1.0555691379095582,0.5461346805872914
2130,REG2020ME02130,2020,ME,REGULAR,0.22224238695594264,-0.8119349847146753,-0.12856671947138903
2131,REG2021ECE02131,2021,ECE,REGULAR,0.11845954873922036,-1.1318863785325983,1.0646588504081422
2132,REG2023ECE02132,2023,ECE,REGULAR,2.2793128348480223,-0.12958961067404556,-0.5573723285120052
2133,REG2020ECE02133,2020,ECE,REGULAR,1.9288594336731266,0.7428444941153298,0.5218052744526738
2134,REG2023CSE02134,2023,CSE,REGULAR,0.7702947580796035,1.5558807814919127,-1.3806976217004363
2135,REG2021EEE02135,2021,EEE,LATERAL_ENTRY,-0.06330322278133675,-0.0785883929143568,1.1983685693734596
2136,REG2021CSE02136,2021,CSE,LATERAL_ENTRY,0.014336422175760023,-0.03707549416747282,0.2616343777027056
2137,REG2023ME02137,2023,ME,REGULAR,1.1933058792174351,-0.3825288583789756,-0.2394121756845325
2138,REG2022ECE02138,2022,ECE,REGULAR,-0.5466702424899409,2.9170327712086563,0.478846867832576
2139,REG2022CSE02139,2022,CSE,REGULAR,0.21809280646166604,0.7091371455113367,-0.21030449499204273
2140,REG2022EEE02140,2022,EEE,REGULAR,0.203510360414917,-0.43172068208941927,-0.4588990877908779
2141,REG2021CE02141,2021,CE,REGULAR,-1.9274824275340938,-0.387151055849824,0.9530353650977579
2142,REG2020CSE02142,2020,CSE,REGULAR,0.46322445600013434,-0.14242073508756506,0.923777852643977
2143,REG2023ME02143,2023,ME,REGULAR,-0.5895071723046144,0.3261588639157633,1.2424372865256907
2144,REG2021CSE02144,2021,CSE,REGULAR,-0.25669502812438827,1.054892412551747,0.9440421481490846
2145,REG2020ME02145,2020,ME,REGULAR,0.2951127670771424,-1.206683053744219,1.760831339937733
2146,REG2021ME02146,2021,ME,REGULAR,-0.1255755879300833,-1.2993236017827896,-0.36435490988652924
2147,REG2022ECE02147,2022,ECE,REGULAR,0.8125927038575976,-1.106324979567164,0.18464615850320212
2148,REG2023CE02148,2023,CE,REGULAR,-1.3413181900608009,0.36299570343268733,-1.1736303925467975
2149,REG2022ECE02149,2022,ECE,LATERAL_ENTRY,1.900649041722087,0.39329513816648076,1.1064571522946443
2150,REG2020ME02150,2020,ME,REGULAR,-0.24584831744398336,-1.3376741860876842,0.612171618618584
2151,REG2023EEE02151,2023,EEE,LATERAL_ENTRY,0.05112699413142872,-0.37677671285964215,-0.3597852173043724
2152,REG2023ME02152,2023,ME,REGULAR,1.6080305722689119,-0.5588078311279582,0.17643184576696977
2153,REG2020CSE02153,2020,CSE,REGULAR,1.0843836312608062,-0.38661601366278875,0.6733501894090704
2154,REG2021CSE02154,2021,CSE,REGULAR,-1.7946087418425432,-0.3044259788048437,0.4388384367564401
2155,REG2021CE02155,2021,CE,REGULAR,-0.3894628872870704,-0.028992391918700365,0.41865643065286473
2156,REG2023EEE02156,2023,EEE,REGULAR,-0.8404212882585693,-0.29085386910933597,-0.1974510315575955
2157,REG2022ME02157,2022,ME,REGULAR,1.6521699778678491,-0.4463525052009467,-1.1470108150440823
2158,REG2020ME02158,2020,ME,REGULAR,0.9581361576114047,-1.3186419658325006,-1.1766136831980702
2159,REG2022ME02159,2022,ME,REGULAR,0.22848217771819174,-0.08616210409949455,-0.5630810770523736
2160,REG2020ECE02160,2020,ECE,LATERAL_ENTRY,-0.9465645185278149,-1.0662703713871013,-0.8192902855764191
2161,REG2020CSE02161,2020,CSE,REGULAR,0.21670114480656788,1.2772549509740894,-0.9286121331689943
2162,REG2021CE02162,2021,CE,REGULAR,-0.6288531865427839,0.7268524990705022,-0.08864778279769787
2163,REG2022EEE02163,2022,EEE,REGULAR,0.3880737337864255,-0.8113711030227951,0.707176287413863
2164,REG2022ME02164,2022,ME,REGULAR,-0.6542084695327082,-2.503088723489597,-0.5680018201182806
2165,REG2023ECE02165,2023,ECE,REGULAR,0.2911380980352713,0.75778014437391,1.226519196251551
2166,REG2022ECE02166,2022,ECE,REGULAR,1.7775448834776502,1.1256177773328855,0.17611311760952378
2167,REG2020ECE02167,2020,ECE,REGULAR,0.4620758159981403,-0.4732462222773946,-0.1735440725217398
2168,REG2021ECE02168,2021,ECE,REGULAR,0.46522889645946347,-0.011707933512501998,-0.8317762096959004
2169,REG2023CSE02169,2023,CSE,REGULAR,0.37415265898707617,0.7019422588004034,1.264109108562502
2170,REG2023CSE02170,2023,CSE,LATERAL_ENTRY,0.8423724790196542,0.19413215200564357,-1.2885917083775924
2171,REG2020ECE02171,2020,ECE,REGULAR,-1.2102617908469389,1.4282342144746913,-1.7225377425938015
2172,REG2020CSE02172,2020,CSE,REGULAR,-0.21816918245082972,-0.10962585048771523,0.13285868266724762
2173,REG2021CSE02173,2021,CSE,LATERAL_ENTRY,-0.8067704520025192,-0.0774827743318861,0.5614444608599518
2174,REG2021CE02174,2021,CE,REGULAR,-0.4671406983178905,-0.5829002011534333,1.1274543671225496
2175,REG2021ECE02175,2021,ECE,REGULAR,-0.7230156982860678,-0.31607335884173615,-0.1626442897771436
2176,REG2021EEE02176,2021,EEE,REGULAR,0.3385830908863617,-0.10247922314240923,0.28574016127659174
2177,REG2021ECE02177,2021,ECE,REGULAR,-2.0073608522590525,-1.0610105987880223,0.33281593432606316
2178,REG2022EEE02178,2022,EEE,REGULAR,0.1996961966253978,-0.421130234801084,0.4479307327729469
2179,REG2022CE02179,2022,CE,REGULAR,-0.2947110388441811,-1.218818333217656,-0.48544136910409974
2180,REG2020EEE02180,2020,EEE,REGULAR,-1.1094755448397438,-0.26491178479649363,-1.4206174970149572
2181,REG2023CE02181,2023,CE,REGULAR,-2.4500353017098666,1.9336130761725319,0.07725766614591924
2182,REG2023EEE02182,2023,EEE,REGULAR,-2.437390140174539,-1.3177656897206707,0.3093029407742589
2183,REG2021ME02183,2021,ME,REGULAR,-0.9421538551896016,0.19303262883244743,-0.7015096733891704
2184,REG2022ME02184,2022,ME,REGULAR,-0.9055791174799858,-0.08253722561011644,0.6572537780129899
2185,REG2020ECE02185,2020,ECE,REGULAR,1.3533305158553264,-0.45471402622961576,-1.0246357515048106
2186,REG2023CSE02186,2023,CSE,REGULAR,0.8153563616035391,0.7468670108353808,2.021097770387185
2187,REG2022ECE02187,2022,ECE,REGULAR,-1.1211108839903676,1.1693554235586925,0.40864286078810635
2188,REG2020ME02188,2020,ME,REGULAR,-0.34714197016442977,0.04396520277824343,-1.4590070064701384
2189,REG2022ME02189,2022,ME,REGULAR,1.2180228047196435,1.0346733973054554,-0.16748835154045838
2190,REG2020EEE02190,2020,EEE,REGULAR,-0.40464948287015884,-1.5772283709195007,-0.8501977458146558
2191,REG2022EEE02191,2022,EEE,LATERAL_ENTRY,0.4877154261986817,0.4376556289082504,-0.3006440397359652
2192,REG2022ECE02192,2022,ECE,REGULAR,-1.8999609181669426,-0.23714390943617558,0.32862611537610237
2193,REG2023ME02193,2023,ME,REGULAR,1.118498180421683,0.16477652906792958,-0.2852413403073753
2194,REG2020CSE02194,2020,CSE,REGULAR,-0.7429340962912804,0.6305442086834521,-0.5902197379293576
2195,REG2020EEE02195,2020,EEE,REGULAR,-0.37765515009476963,0.09646564280937353,1.455421388065267
2196,REG2022EEE02196,2022,EEE,REGULAR,-1.7823694336427056,-0.7554994483671061,-0.8250280767696079
2197,REG2023ME02197,2023,ME,REGULAR,2.518714099294463,1.7806249559172147,-0.6937253088683843
2198,REG2021ME02198,2021,ME,LATERAL_ENTRY,1.0508882409468694,-0.9078688084774094,0.4513680314454664
2199,REG2021ECE02199,2021,ECE,REGULAR,-0.4350526002358597,-1.4780022553041843,-2.2912928068840652
2200,REG2020ME02200,2020,ME,REGULAR,-1.108497090796783,-0.5181340566668575,-0.5382371300747893
2201,REG2022CSE02201,2022,CSE,LATERAL_ENTRY,1.5083107487475504,-1.0002705227767883,-0.412420069849907
2202,REG2021EEE02202,2021,EEE,REGULAR,-1.4548921652893105,-0.03260376040084858,-1.1136866219055395
2203,REG2023CE02203,2023,CE,REGULAR,-0.3071921093803557,-0.04797993391856003,-0.01916049758164179
2204,REG2023ME02204,2023,ME,LATERAL_ENTRY,-0.5242816096582952,-1.0054679922322418,2.229639433423198
2205,REG2023ECE02205,2023,ECE,REGULAR,-0.14503369152842294,-0.12168868568726995,0.40809605856994446
2206,REG2022CE02206,2022,CE,REGULAR,-0.9032931107791091,-1.0352281101954202,0.901976107358018
2207,REG2020EEE02207,2020,EEE,REGULAR,-0.11005573578960627,-0.9477030612172137,-2.392601774519279
2208,REG2021CE02208,2021,CE,REGULAR,-0.14597152454274917,-0.009586266672396059,-2.1206124556587636
2209,REG2023CSE02209,2023,CSE,REGULAR,0.6787395532205969,-1.6031792358712078,2.139424255858326
2210,REG2023CE02210,2023,CE,REGULAR,1.755802225416881,0.857072112742525,-0.4394251257863135
2211,REG2023CSE02211,2023,CSE,REGULAR,-0.2979113279980711,1.9448286415681042,-0.15436407277388314
2212,REG2023CSE02212,2023,CSE,LATERAL_ENTRY,1.033628335487516,0.4829260540400925,1.246812460894594
2213,REG2020ECE02213,2020,ECE,REGULAR,1.915219635669948,-0.17630848262333892,0.04999763292752675
2214,REG2022EEE02214,2022,EEE,REGULAR,-0.6536580383262969,-1.2127942470685584,-3.0099410802239155
2215,REG2020CSE02215,2020,CSE,REGULAR,-0.6401465050936997,0.5080122910545997,-0.7131923043661326
2216,REG2020CSE02216,2020,CSE,REGULAR,0.22630420774513435,0.9996310435934835,0.8765405122923029
2217,REG2023ME02217,2023,ME,REGULAR,0.1476381003869167,-0.9621435288593144,-0.39047499694389004
2218,REG2020CE02218,2020,CE,REGULAR,1.3309985491296976,-0.5527909175451801,-0.5953056976939823
2219,REG2021ME02219,2021,ME,REGULAR,-1.1613618309029177,-0.35488286733386903,-2.649436481308112
2220,REG2021EEE02220,2021,EEE,REGULAR,0.33922047932507804,-0.7863759768653558,0.25788873796125356
2221,REG2022CSE02221,2022,CSE,REGULAR,-0.776679670063621,-0.660557337272237,-0.22069848345632206
2222,REG2021ME02222,2021,ME,REGULAR,-1.0661221245453598,0.41757021756736673,-0.9353059551804005
2223,REG2020EEE02223,2020,EEE,REGULAR,-0.7075778910185139,0.2686679251038352,1.1621910526525827
2224,REG2023ME02224,2023,ME,REGULAR,0.9012962112060259,1.1216010552975824,0.7508137433418162
2225,REG2022ME02225,2022,ME,REGULAR,-0.011538606124133845,-0.9221713174203378,0.5405201893489707
2226,REG2020EEE02226,2020,EEE,REGULAR,0.6286697815821929,-1.4429614401467374,-0.8231090071155136
2227,REG2021EEE02227,2021,EEE,REGULAR,-0.7113199105465681,0.5951311859137685,1.298693290993424
2228,REG2020ECE02228,2020,ECE,REGULAR,0.28191802075105005,1.419064413357521,-1.9495901727260327
2229,REG2022ME02229,2022,ME,REGULAR,-1.3387237061355735,-0.885668184006416,-0.8507827486281534
2230,REG2020CSE02230,2020,CSE,REGULAR,-0.7287901963773834,-1.2450807879084775,0.46926780250363365
2231,REG2021CE02231,2021,CE,REGULAR,0.06324051446376372,0.31846283814962767,0.09563385222310453
2232,REG2021CSE02232,2021,CSE,REGULAR,-0.4581442737642269,-0.6056798736104871,-1.7650829063230842
2233,REG2023ECE02233,2023,ECE,REGULAR,0.3306932266568553,-1.2092487544616037,-0.8556922001737279
2234,REG2021ECE02234,2021,ECE,REGULAR,-0.8725433767755096,-0.06636632177105291,-0.077453007266273
2235,REG2023CSE02235,2023,CSE,REGULAR,1.5528293201988428,-1.6133394017494636,-0.059899524314263444
2236,REG2022ME02236,2022,ME,REGULAR,-1.6227140503458457,2.7818718053792453,0.7952672864993143
2237,REG2022CSE02237,2022,CSE,REGULAR,1.6923130191048756,-0.2597211710765324,0.03537141708863912
2238,REG2022CSE02238,2022,CSE,REGULAR,-1.0867108113847272,-1.0456949708779122,-0.20891795737087174
2239,REG2023ECE02239,2023,ECE,REGULAR,-1.165974185680461,0.10269051674858726,0.24784628190182476
2240,REG2022ECE02240,2022,ECE,REGULAR,-1.0703205486518375,0.6868274954528385,-0.3983270128816281
2241,REG2021CSE02241,2021,CSE,REGULAR,-2.4923896515830672,0.659849612104565,-1.1169408841023638
2242,REG2022ECE02242,2022,ECE,LATERAL_ENTRY,-1.047774946139099,0.005230019343576024,-2.084664935374923
2243,REG2023ECE02243,2023,ECE,REGULAR,-0.10816363518936412,-0.27757230855956905,0.6967416868884257
2244,REG2023ME02244,2023,ME,REGULAR,2.701413088989703,-2.153588112944552,0.22442003838225033
2245,REG2023ME02245,2023,ME,REGULAR,2.1027156907541777,0.09266533864410705,0.6938898059299213
2246,REG2020CE02246,2020,CE,REGULAR,0.9385142818314754,0.6352455366039567,-1.0262423753028997
2247,REG2021ECE02247,2021,ECE,REGULAR,0.3775547328379105,-0.18204043108565582,1.8307438248312617
2248,REG2023ME02248,2023,ME,REGULAR,0.4931956884898786,-1.0938792286426124,-0.36642668063308914
2249,REG2020EEE02249,2020,EEE,REGULAR,0.9691286058239527,1.0577825689748717,1.2344196269312036
2250,REG2023CSE02250,2023,CSE,REGULAR,-2.7180451898802964,0.04729951330689881,-0.10187382353381735
2251,REG2022ME02251,2022,ME,REGULAR,1.6119443464363015,0.15402381721942565,-1.1150966731913972
2252,REG2023EEE02252,2023,EEE,REGULAR,-1.5253067015949018,-0.2940237382411192,-0.7440268225098374
2253,REG2021ECE02253,2021,ECE,REGULAR,-1.7517559167898828,1.128832746943447,0.05083852660983912
2254,REG2023ME02254,2023,ME,REGULAR,0.2099792807577828,-0.40349579406262814,1.5040676045201982
2255,REG2020ECE02255,2020,ECE,REGULAR,-0.48865539661173335,-0.2658552954468585,-0.6694881650021808
2256,REG2023EEE02256,2023,EEE,REGULAR,-0.7408542264806607,-1.0803711350471397,-0.5417462550104892
2257,REG2022ME02257,2022,ME,REGULAR,-0.17444393428528215,-0.7474292532492047,-1.3319131103910864
2258,REG2020ME02258,2020,ME,REGULAR,1.3079641925493442,0.06674032292987171,0.3748642791343642
2259,REG2022CSE02259,2022,CSE,REGULAR,-1.4426356710131807,0.09955759759996681,1.5514377658892888
2260,REG2022CE02260,2022,CE,REGULAR,0.26448040107313564,0.41450272056286624,-1.2671015614018384
2261,REG2021CSE02261,2021,CSE,REGULAR,-0.2319240021136228,-0.17975613307640745,-0.4834690199775001
2262,REG2022ECE02262,2022,ECE,REGULAR,0.6861216087738703,0.16392406359342962,-0.7426591657723782
2263,REG2020ME02263,2020,ME,REGULAR,-0.22467990162987012,1.0750212145109097,-0.004262937643876165
2264,REG2023ECE02264,2023,ECE,REGULAR,0.8594142547594533,-0.18657325305536468,2.171192861062495
2265,REG2022ECE02265,2022,ECE,REGULAR,1.4443434119799452,-1.6724045258123525,0.38714831606090655
2266,REG2021EEE02266,2021,EEE,LATERAL_ENTRY,0.0005599923396953997,0.8264531108587624,-0.7449787674850553
2267,REG2022ECE02267,2022,ECE,REGULAR,-0.5719285461984328,0.8153241668090142,-1.18120117314888
2268,REG2021CE02268,2021,CE,REGULAR,-0.6226138999593189,1.2710300994311405,-0.3270734308637865
2269,REG2020ECE02269,2020,ECE,REGULAR,1.4744820073782556,0.40861074756391724,-0.6975419424751146
2270,REG2020ECE02270,2020,ECE,REGULAR,-1.6188225719864404,-0.6553275232007943,0.1949677059907586
2271,REG2020ME02271,2020,ME,REGULAR,0.28698976240150104,-0.8308438566907933,1.20503107565091
2272,REG2020CSE02272,2020,CSE,REGULAR,1.1549802291978915,-1.3911026326737632,0.22540516198220312
2273,REG2020EEE02273,2020,EEE,REGULAR,-0.35283390585135754,1.2108172591919983,0.01626859771827849
2274,REG2020CE02274,2020,CE,REGULAR,0.5291151085637205,1.0446662356754068,-0.613598571738008
2275,REG2021EEE02275,2021,EEE,REGULAR,-0.5814719582977769,1.0461561652233773,-1.0032242011017685
2276,REG2023ECE02276,2023,ECE,REGULAR,-1.5424665562167532,-1.0036875824704325,0.3655233693761782
2277,REG2021ME02277,2021,ME,REGULAR,0.8433532839147061,-0.9397499346317003,-0.9384544985271531
2278,REG2023CSE02278,2023,CSE,REGULAR,0.18015863495359583,-1.3552054073404338,-1.8448803728381054
2279,REG2022CE02279,2022,CE,REGULAR,0.4133720291303957,0.05461178291007045,0.6573210951195391
2280,REG2023EEE02280,2023,EEE,REGULAR,0.3142674218011834,-0.4386467275945946,-0.9652226699420925
2281,REG2020CE02281,2020,CE,REGULAR,0.9184183045720634,-1.3675537562510196,-0.5815019529945471
2282,REG2023ME02282,2023,ME,REGULAR,-0.925642430695656,-0.05917911081044439,-0.7755218493785112
2283,REG2022ECE02283,2022,ECE,REGULAR,1.4567894510905068,-1.2848012501226194,1.3750544911647091
2284,REG2022ECE02284,2022,ECE,REGULAR,-1.1376446042692774,-1.2773711335506177,0.9109070350337491
2285,REG2021CSE02285,2021,CSE,REGULAR,-1.223744846656269,-2.4775061186290164,-1.038540857035756
2286,REG2023CE02286,2023,CE,LATERAL_ENTRY,1.1127981956129065,0.3349835554979247,1.8399109991688833
2287,REG2021ME02287,2021,ME,REGULAR,1.416973973837563,1.2074912492745373,-0.7363727523560001
2288,REG2022CSE02288,2022,CSE,LATERAL_ENTRY,-0.43257575712307933,-0.2427288682128304,1.0000374458259134
2289,REG2021CSE02289,2021,CSE,REGULAR,1.0227605566412248,0.3028952625429311,0.26870545294687354
2290,REG2021CSE02290,2021,CSE,LATERAL_ENTRY,-0.514932362981204,-1.9405515847036499,-0.27979216569898413
2291,REG2023ECE02291,2023,ECE,REGULAR,1.212154598368495,-0.65228484472671,-0.36775200351471965
2292,REG2020EEE02292,2020,EEE,REGULAR,0.7661775976212185,-0.03775470768386366,0.1340240661808453
2293,REG2022ECE02293,2022,ECE,REGULAR,-0.6502637707555082,0.7129440594514533,-3.1747489381334764
2294,REG2023ME02294,2023,ME,REGULAR,-0.3173484554446204,0.45005467118514614,-0.5895789959361276
2295,REG2022EEE02295,2022,EEE,REGULAR,0.23194321659616512,-1.1197632046528996,-1.296417019073638
2296,REG2020ME02296,2020,ME,LATERAL_ENTRY,-0.7704357040571043,-1.1251412064715562,0.07590510564248618
2297,REG2020ME02297,2020,ME,REGULAR,0.1605197636034175,1.1283418673281178,1.155463444032668
2298,REG2022ME02298,2022,ME,REGULAR,-0.3049799427347158,1.283782608325773,2.8536225827404498
2299,REG2021ECE02299,2021,ECE,REGULAR,-0.9445767199209086,0.6558839906913896,0.0758229309804383
2300,REG2023EEE02300,2023,EEE,REGULAR,-1.7690877320358567,1.5335008409803093,-0.39502186443836856
2301,REG2022CE02301,2022,CE,REGULAR,0.053408693945108845,-1.3121562017692394,0.9403740369157868
2302,REG2023ECE02302,2023,ECE,REGULAR,-0.17958552410691472,-0.05813098130172194,0.132127535656575
2303,REG2023CE02303,2023,CE,REGULAR,0.7868248143911597,-0.527435514528596,0.09375717890418753
2304,REG2022CSE02304,2022,CSE,REGULAR,0.9219515572549756,0.33490257198602386,-0.33367413097393656
2305,REG2023EEE02305,2023,EEE,LATERAL_ENTRY,-0.08026595635894929,-0.33200167233426514,0.6391317586855819
2306,REG2022CSE02306,2022,CSE,REGULAR,0.5379979660490012,3.155537877385632,0.5136599688707837
2307,REG2020ME02307,2020,ME,REGULAR,1.6059040565382805,0.47489732438239174,-2.124291055208969
2308,REG2023EEE02308,2023,EEE,REGULAR,0.5553602040029428,-0.6298718472715173,-1.3219258800794722
2309,REG2022CSE02309,2022,CSE,REGULAR,0.1866867733040958,-1.5258149826157894,1.0231471042956557
2310,REG2021EEE02310,2021,EEE,REGULAR,0.7308791674324757,-0.1840992877237482,-1.010915247602148
2311,REG2020ECE02311,2020,ECE,REGULAR,0.0887099634268704,0.11421994158892286,0.8451496680907414
2312,REG2020CE02312,2020,CE,REGULAR,0.299811575993421,-0.7853179202632383,1.9489631114476191
2313,REG2022ME02313,2022,ME,REGULAR,0.05304078427044696,-0.1974999508686636,0.21988363049347096
2314,REG2023CSE02314,2023,CSE,REGULAR,0.037198196936267684,0.8997792033263129,-1.69605483951956
2315,REG2020ECE02315,2020,ECE,REGULAR,-0.40026132981425716,1.6280529083487898,0.10353405070373366
2316,REG2023CSE02316,2023,CSE,REGULAR,0.12989853759625736,-1.9625304945209214,-0.47405307303580635
2317,REG2022CE02317,2022,CE,LATERAL_ENTRY,-1.285087969866526,-0.31332087282762977,-0.9111228918701051
2318,REG2023ME02318,2023,ME,REGULAR,-0.33437710670132015,0.3007927103144743,-0.04473506041522046
2319,REG2022CE02319,2022,CE,REGULAR,0.6188848178650928,1.1249871063801637,0.2737597054639536
2320,REG2020ME02320,2020,ME,REGULAR,-0.020797830532211254,0.4143620841787884,0.30908361745445717
2321,REG2022ME02321,2022,ME,REGULAR,-0.5242202141178675,1.018704497521347,0.11722209023567541
2322,REG2020ME02322,2020,ME,REGULAR,-0.16638893946642636,0.5397511242008027,-1.0521297630100692
2323,REG2023EEE02323,2023,EEE,REGULAR,0.7229986580384247,0.16485801047263063,-0.2207980831332786
2324,REG2022ME02324,2022,ME,REGULAR,0.437627893798131,0.3017266642206258,1.3168054722841962
2325,REG2020CE02325,2020,CE,REGULAR,0.19739523526427755,0.04312088497064878,0.7138917020931284
2326,REG2020CSE02326,2020,CSE,REGULAR,-1.2605296229439318,-1.3299853909380148,0.425184479961616
2327,REG2021ME02327,2021,ME,REGULAR,-0.8711399490827468,1.6896513172037129,-0.5566954688742749
2328,REG2023EEE02328,2023,EEE,REGULAR,0.3229683850718643,0.0693368084724879,-0.6840537811011811
2329,REG2021EEE02329,2021,EEE,REGULAR,0.8850943198783612,2.0501993920500143,-0.40825935073331376
2330,REG2020ECE02330,2020,ECE,REGULAR,-0.7040447635104774,-0.2366024037830309,-2.1443801504056403
2331,REG2021EEE02331,2021,EEE,REGULAR,1.33005659821205,-0.8874154176968325,1.9694453813319799
2332,REG2022CSE02332,2022,CSE,REGULAR,-0.7345338183480314,-1.1097208282932345,-0.2365961040368478
2333,REG2020ECE02333,2020,ECE,REGULAR,0.011046992438890324,-1.1647489923337202,-1.0698396961154837
2334,REG2021CE02334,2021,CE,REGULAR,0.45092308575758394,1.6605325374078606,1.2557153169408168
2335,REG2021ECE02335,2021,ECE,REGULAR,-0.5580816043138674,-0.1732072238210627,0.3491872278547174
2336,REG2022EEE02336,2022,EEE,LATERAL_ENTRY,0.31393534496535186,-0.3613278533637633,0.1369456086377695
2337,REG2021CE02337,2021,CE,LATERAL_ENTRY,-0.4989412314911761,0.22620456232407013,-0.36328122827846054
2338,REG2023CE02338,2023,CE,REGULAR,0.307551610365067,-2.0460323355173995,1.028573723350865
2339,REG2020CE02339,2020,CE,REGULAR,-0.4895366719905653,-0.10084481837845984,-0.4536842696609017
2340,REG2023EEE02340,2023,EEE,LATERAL_ENTRY,0.5239518739379996,-0.7701780373404983,-0.7970667585394531
2341,REG2020ME02341,2020,ME,REGULAR,0.3595677382881542,0.14222711665919477,1.3045479848139006
2342,REG2022ECE02342,2022,ECE,LATERAL_ENTRY,0.7178473826387445,-0.08402685697568711,-0.1715516390482839
2343,REG2021EEE02343,2021,EEE,REGULAR,-0.34582142307104435,0.3709725584686156,-0.1671278515659971
2344,REG2020CE02344,2020,CE,REGULAR,-0.6005354086610949,-0.9280876150612746,1.1063356934809976
2345,REG2020CE02345,2020,CE,REGULAR,0.5525423170647159,-2.7014603868142175,-1.0119190637773463
2346,REG2023ME02346,2023,ME,REGULAR,2.4224564229212397,-1.118819284009164,-0.18663049606313983
2347,REG2020CSE02347,2020,CSE,REGULAR,-1.3853605184444944,0.5930540502830212,-0.38850706711885274
2348,REG2022EEE02348,2022,EEE,REGULAR,0.8255570748695653,-0.5815807632272181,-0.8555276879406237
2349,REG2020ECE02349,2020,ECE,REGULAR,1.1237731083486033,0.7932613397279638,0.2502239141200064
2350,REG2020CSE02350,2020,CSE,LATERAL_ENTRY,-1.2524495761836907,-0.45337242062983785,0.6544783129101077
2351,REG2021ECE02351,2021,ECE,REGULAR,2.073014403003523,0.4331741859848042,-0.052010780817045285
2352,REG2023CSE02352,2023,CSE,REGULAR,-0.7184232396848437,0.2616184345462014,0.375374624448005
2353,REG2023CSE02353,2023,CSE,REGULAR,0.3511604670471158,0.6759803242439603,-0.8032368704160956
2354,REG2021CSE02354,2021,CSE,REGULAR,-1.904000081696846,-0.49877284233317865,-0.5375373018473193
2355,REG2020ME02355,2020,ME,REGULAR,-0.6270508454473505,1.2075031949519204,-0.8138136419289291
2356,REG2023CE02356,2023,CE,REGULAR,0.18046814183120644,0.22654275093099605,1.2979165056607622
2357,REG2023ME02357,2023,ME,REGULAR,-0.47548474118944284,-0.6638331028256903,-0.2410632224657809
2358,REG2023ME02358,2023,ME,REGULAR,-0.43403335432359996,0.5918011911450157,1.2592837114361684
2359,REG2021ECE02359,2021,ECE,REGULAR,-0.4612910220397099,0.5555962115716703,-0.30410586482331337
2360,REG2022ME02360,2022,ME,REGULAR,0.647558414393621,-0.17466628867854772,-1.1154755024110665
2361,REG2021ECE02361,2021,ECE,REGULAR,-1.3185993604618687,1.0869352178326839,0.5690862894899169
2362,REG2023EEE02362,2023,EEE,REGULAR,-1.0485912942762896,-0.58634080130006,-0.815576854438179
2363,REG2023ECE02363,2023,ECE,REGULAR,0.5072855076006385,2.1831148564321228,0.7527086936061849
2364,REG2020ECE02364,2020,ECE,LATERAL_ENTRY,0.7832702169367295,0.2753962341432087,0.913711652342591
2365,REG2022EEE02365,2022,EEE,REGULAR,-0.3219599150661432,-0.8061441674653884,0.29185260183451434
2366,REG2023ME02366,2023,ME,REGULAR,0.5219790471958081,-2.8166085705197084,-0.7780069087398459
2367,REG2023CSE02367,2023,CSE,REGULAR,-0.0772922090808463,-1.769474778756983,-1.1788426892475445
2368,REG2021CSE02368,2021,CSE,REGULAR,-0.34000267576211884,-0.33131517862992743,0.3944218789448945
2369,REG2023ECE02369,2023,ECE,LATERAL_ENTRY,-0.7000408950664414,0.2115678999366735,1.4711151480284466
2370,REG2021CSE02370,2021,CSE,LATERAL_ENTRY,0.28896670096690225,0.08697540992177587,-0.2179945909307258
2371,REG2021ME02371,2021,ME,REGULAR,-0.18810703172192636,0.41928087791017143,0.12938243300809024
2372,REG2021ECE02372,2021,ECE,LATERAL_ENTRY,-0.33251960483281345,0.5222968416165916,-0.5257449832680463
2373,REG2020ME02373,2020,ME,REGULAR,-0.7467038962808958,-0.4004872448671374,-1.2486884854285891
2374,REG2022ECE02374,2022,ECE,REGULAR,-0.4931232515794686,2.3330164182526882,1.2959278615737506
2375,REG2020EEE02375,2020,EEE,REGULAR,-1.6368018643107916,2.523373331399558,-0.5902146122004895
2376,REG2021ME02376,2021,ME,REGULAR,-0.12049741389935952,-1.1063441570771089,0.1016557615660292
2377,REG2021CSE02377,2021,CSE,LATERAL_ENTRY,-0.4529946592752902,1.3054958663753025,1.3582757351961898
2378,REG2020EEE02378,2020,EEE,REGULAR,-1.5829207399211593,0.7686154376669616,0.036307341741559356
2379,REG2023ECE02379,2023,ECE,LATERAL_ENTRY,0.0776847095622954,0.492032236277074,-0.45750455777859156
2380,REG2022EEE02380,2022,EEE,REGULAR,-0.8467077790076957,-1.8766790668996192,-0.7990526719737465
2381,REG2023EEE02381,2023,EEE,LATERAL_ENTRY,-0.1664855842815459,-0.9711898691379917,2.1773203810422213
2382,REG2023ME02382,2023,ME,REGULAR,-1.8249777469611168,2.5083062730565633,1.8068588841465116
2383,REG2021CE02383,2021,CE,REGULAR,0.5262133215759853,0.6580433607304044,-1.7863868118220216
2384,REG2021CSE02384,2021,CSE,LATERAL_ENTRY,-0.018684130874671818,-1.9697561761930444,1.323085252810856
2385,REG2020ME02385,2020,ME,REGULAR,1.7659842140078361,0.43465279740050056,-1.5399069029654593
2386,REG2021EEE02386,2021,EEE,LATERAL_ENTRY,-0.08644367095146223,1.7068214703544904,-0.8559621587257309
2387,REG2023CSE02387,2023,CSE,REGULAR,1.2451225219876565,0.839067488959856,0.08876668585445492
2388,REG2022CSE02388,2022,CSE,REGULAR,0.33132925206080754,0.5771175056381428,-0.14911714321511285
2389,REG2021EEE02389,2021,EEE,REGULAR,-1.9072437837258744,0.36938479403333335,1.7765385144334278
2390,REG2022CE02390,2022,CE,REGULAR,-0.3768666494597489,-1.517082674365944,0.2256850727399708
2391,REG2022CSE02391,2022,CSE,REGULAR,-0.1312356093465435,0.1958951178436683,0.45048392475152016
2392,REG2021ME02392,2021,ME,REGULAR,-1.197647518183433,-0.961722277891131,0.3083264827395619
2393,REG2022CE02393,2022,CE,REGULAR,-1.6133682362049397,0.007673193321506307,-1.325157155197762
2394,REG2021CE02394,2021,CE,REGULAR,2.1050866393345022,0.01670086726755042,-0.3651329377957845
2395,REG2023CE02395,2023,CE,REGULAR,-1.104145456663919,-0.957927839495268,-0.9906540774992385
2396,REG2020ECE02396,2020,ECE,LATERAL_ENTRY,-0.2867216948200629,-0.21760223577931304,1.377274386508468
2397,REG2022ECE02397,2022,ECE,REGULAR,1.7334534666048023,-0.6216620050475171,-1.9552551590915723
2398,REG2021ECE02398,2021,ECE,REGULAR,-1.554378079123601,-1.1548228677262822,-0.6758008534284953
2399,REG2022CSE02399,2022,CSE,REGULAR,1.3427094389440943,0.3575758908293014,-0.5769892665921663
2400,REG2022EEE02400,2022,EEE,REGULAR,1.2204711231867227,1.1427752666675521,-0.342621129847713
2401,REG2020ME02401,2020,ME,REGULAR,-0.14554497363977073,-1.396193316045886,0.012691764112708524
2402,REG2020CSE02402,2020,CSE,LATERAL_ENTRY,1.1372532466416827,0.5855215328568677,-1.671332267634772
2403,REG2021EEE02403,2021,EEE,REGULAR,-0.8578719997891852,1.124614111230014,-1.6506795187573595
2404,REG2020CE02404,2020,CE,REGULAR,0.1753698768473225,0.5190785597613891,-0.4840886918659898
2405,REG2021CE02405,2021,CE,LATERAL_ENTRY,0.6343062663303332,1.530691166922373,-1.2844962785521226
2406,REG2023CE02406,2023,CE,REGULAR,-0.9162596044202699,-0.8659087687775784,-0.012566584300405926
2407,REG2022CE02407,2022,CE,LATERAL_ENTRY,0.5005596718976477,-1.6981788293752575,-0.034166630890252396
2408,REG2023ME02408,2023,ME,REGULAR,-0.7977296704899891,-1.2255347222149022,0.13480142329020342
2409,REG2023EEE02409,2023,EEE,LATERAL_ENTRY,-0.10861665493834241,-0.11607081012048345,0.8730660663320997
2410,REG2021CSE02410,2021,CSE,REGULAR,0.6089844464924351,-0.9951825984139392,0.13171876888064055
2411,REG2022ECE02411,2022,ECE,REGULAR,-0.2270799381162168,0.5515186565986181,-0.7035482768286208
2412,REG2020CSE02412,2020,CSE,REGULAR,0.7812383924513686,2.051646191004441,0.1081114110324643
2413,REG2022EEE02413,2022,EEE,REGULAR,-1.7376861982453433,0.08534395552050993,-0.07004644372796487
2414,REG2021CE02414,2021,CE,REGULAR,0.7254188271577663,0.8347832936533494,0.16728476720785662
2415,REG2022ECE02415,2022,ECE,LATERAL_ENTRY,-0.4118713992431347,1.0484018731416267,-0.09022459790015883
2416,REG2023CSE02416,2023,CSE,LATERAL_ENTRY,1.608888093413138,-0.07984915348779596,-0.6116051462045847
2417,REG2023ECE02417,2023,ECE,REGULAR,-1.1363751667038573,0.2316480716109227,-0.6560347582406549
2418,REG2022EEE02418,2022,EEE,LATERAL_ENTRY,1.1116314741410516,-1.55102618198332,1.5051959988790395
2419,REG2023CE02419,2023,CE,REGULAR,1.322926160335532,-0.5516751380466781,-1.8662459348495894
2420,REG2023ME02420,2023,ME,REGULAR,-0.7602844386215937,-0.0004787180685054915,0.034143893340212214
2421,REG2021EEE02421,2021,EEE,REGULAR,0.07224913423620272,-0.5621623419347272,-1.422058497167931
2422,REG2022CSE02422,2022,CSE,REGULAR,0.215031942943456,1.7718424235586199,-2.3726655213415695
2423,REG2022ME02423,2022,ME,REGULAR,1.4244504949072732,-0.22956017300372036,0.7142839761013748
2424,REG2022CSE02424,2022,CSE,REGULAR,1.1454669865593403,-1.4817678489735828,0.45143876653347564
2425,REG2022CSE02425,2022,CSE,REGULAR,-0.5688549022370869,0.0824663936971495,-0.4497711417525398
2426,REG2023CE02426,2023,CE,LATERAL_ENTRY,1.287889402212542,-0.8180021847417462,0.12301867352675562
2427,REG2023ME02427,2023,ME,REGULAR,0.4331840672715425,-1.603729475029895,-1.4439289224922272
2428,REG2023CSE02428,2023,CSE,REGULAR,0.019290880373942807,-0.02230853891243121,0.343554577039936
2429,REG2023CE02429,2023,CE,REGULAR,1.8752253884833885,0.10451403607582113,0.5981721503347944
2430,REG2021EEE02430,2021,EEE,REGULAR,-0.9755329356146318,-0.2939543922142164,0.20069412524292482
2431,REG2021CSE02431,2021,CSE,REGULAR,-1.232705520528534,0.6688844266705558,-0.1751116294091788
2432,REG2023ME02432,2023,ME,REGULAR,0.7760047440427078,0.6340234060426649,0.2875291201532224
2433,REG2020CSE02433,2020,CSE,REGULAR,1.0774569597457246,-1.0995030673418908,-0.4271503541822204
2434,REG2023ECE02434,2023,ECE,REGULAR,0.18623871077804396,-0.2686545209265599,1.547088420720602
2435,REG2020CE02435,2020,CE,REGULAR,1.0932453536900633,-0.1460064569008298,-0.28825626999381315
2436,REG2021EEE02436,2021,EEE,REGULAR,-0.8245943993046831,0.6269441636031794,0.7474011949159047
2437,REG2020CSE02437,2020,CSE,REGULAR,-1.3584450186297274,-1.4716693438749684,-0.8196215945423252
2438,REG2022CE02438,2022,CE,REGULAR,0.0059540198781815375,-0.738965393222715,-0.9175398112397336
2439,REG2023ECE02439,2023,ECE,REGULAR,1.0550789262696476,0.20743580478054022,0.7847012492867645
2440,REG2023ECE02440,2023,ECE,REGULAR,-0.04759176011697998,0.26881119718204194,-1.0280817598431713
2441,REG2022ECE02441,2022,ECE,REGULAR,0.2205251319352799,-0.6015000416597999,-1.1296736355054995
2442,REG2023ME02442,2023,ME,REGULAR,-0.03598860285756487,0.13357909028038023,0.13852728610471976
2443,REG2020ME02443,2020,ME,LATERAL_ENTRY,0.2536835542980969,-1.314748860310423,-0.1349902279770614
2444,REG2022CE02444,2022,CE,REGULAR,-0.7176391376105407,0.773877173442822,0.8410412769616192
2445,REG2021ME02445,2021,ME,REGULAR,0.574386351133876,-0.49736953314026283,0.7145497614635058
2446,REG2020EEE02446,2020,EEE,REGULAR,0.3090544381042879,-0.49687612734152825,0.07388693612455402
2447,REG2021CE02447,2021,CE,REGULAR,-0.611188502250286,-0.8323894449694428,-0.49176661265620286
2448,REG2022CSE02448,2022,CSE,REGULAR,2.177293447549066,0.9570234238388585,-0.004523140508435562
2449,REG2021ECE02449,2021,ECE,REGULAR,1.3202668600329233,1.2292771098600663,-1.6622352719810929
2450,REG2020ME02450,2020,ME,REGULAR,-0.8743047140695892,1.6991455815232015,-0.6982222323384965
2451,REG2021CSE02451,2021,CSE,REGULAR,-0.1632005077480575,-0.5682208367130834,0.16874050967528376
2452,REG2021ECE02452,2021,ECE,LATERAL_ENTRY,-0.7375675709623474,-0.06957559876636378,1.6970546597239866
2453,REG2022CSE02453,2022,CSE,REGULAR,-0.8249606865912409,-1.2008189998350405,1.2740635835161493
2454,REG2020EEE02454,2020,EEE,REGULAR,-2.55254015202075,-0.8312878954818901,-0.49094894973186637
2455,REG2022EEE02455,2022,EEE,REGULAR,1.384871093794044,0.39662793922145717,-0.8331415233289663
2456,REG2023ECE02456,2023,ECE,REGULAR,1.065963719731826,0.9001627334444808,-0.7691520045533977
2457,REG2020CE02457,2020,CE,REGULAR,0.5216746491717466,-0.6155158499936345,-0.28943619064809273
2458,REG2022ECE02458,2022,ECE,REGULAR,0.008194834196739996,-1.4933177252684207,0.056687477298438156
2459,REG2021ME02459,2021,ME,LATERAL_ENTRY,-1.8753783999182243,0.6392020829551665,0.5099279848203732
2460,REG2023ME02460,2023,ME,REGULAR,0.5783866764705748,1.171520695452716,-1.6338656638937428
2461,REG2022CE02461,2022,CE,REGULAR,-0.05315980572258217,-1.3899517473838237,1.3042551998259626
2462,REG2020EEE02462,2020,EEE,REGULAR,-0.4359169334535281,1.1428303395562345,0.11341519819815811
2463,REG2021EEE02463,2021,EEE,REGULAR,1.1257568490321013,0.12305078655877959,-0.22544312741700015
2464,REG2023ECE02464,2023,ECE,REGULAR,-0.34950687695877036,1.0293976181353213,-0.47157470335653606
2465,REG2022ME02465,2022,ME,REGULAR,0.7223054837827397,0.20709618034236218,-0.950754988583956
2466,REG2020ECE02466,2020,ECE,LATERAL_ENTRY,-0.08697609762672419,-1.5778064052596468,1.9975000931796743
2467,REG2022EEE02467,2022,EEE,LATERAL_ENTRY,-1.5660306160166126,2.585790627217978,0.5142795326684824
2468,REG2022ECE02468,2022,ECE,LATERAL_ENTRY,-0.518867167953021,-1.4095488804076082,0.07907026820882807
2469,REG2021CSE02469,2021,CSE,REGULAR,0.49773010955899183,-0.5293455236693309,1.3862760820808229
2470,REG2021CE02470,2021,CE,REGULAR,1.16297582623604,-0.18140997392355285,0.4336705323781186
2471,REG2021CSE02471,2021,CSE,REGULAR,0.8175435422521574,0.6602060569795714,-1.7113262184091833
2472,REG2020ME02472,2020,ME,REGULAR,-1.4902017847815319,0.5603143451304791,1.2823149564884941
2473,REG2022ECE02473,2022,ECE,REGULAR,-0.5561076876431357,-0.8755922106770876,-1.526007454149874
2474,REG2021ME02474,2021,ME,REGULAR,1.4105994160097837,0.21794686796008253,-0.37673461941591985
2475,REG2022EEE02475,2022,EEE,LATERAL_ENTRY,-0.02524342006795632,0.07693059121042777,-1.1768955466627034
2476,REG2022CSE02476,2022,CSE,REGULAR,1.6227461539904153,0.7913491307933687,-1.0663362699214642
2477,REG2020CE02477,2020,CE,REGULAR,1.0230503734701433,-0.46555398868703246,1.0551083207149194
2478,REG2020CSE02478,2020,CSE,REGULAR,-1.4428975443362575,0.17006172250581833,-1.2162700378315352
2479,REG2021ECE02479,2021,ECE,REGULAR,-0.8509784292529539,0.5007483659768419,0.759375499389452
2480,REG2020CSE02480,2020,CSE,REGULAR,-0.7875514689632215,-0.2416779645132709,0.347518035905269
2481,REG2020CE02481,2020,CE,REGULAR,-1.2668417742669893,-0.8992316805805711,1.1857164095891477
2482,REG2020EEE02482,2020,EEE,REGULAR,-1.4027129566977294,-1.9969708855706332,-0.3879548133507361
2483,REG2020CSE02483,2020,CSE,REGULAR,-1.9317163801395008,-0.9097734043438013,-1.2519371984131011
2484,REG2022ME02484,2022,ME,REGULAR,-1.2431886414656417,0.0695297843718018,0.25705696964386854
2485,REG2021CSE02485,2021,CSE,REGULAR,0.6617366120969479,0.22818728896095541,1.3451171736117884
2486,REG2022CSE02486,2022,CSE,REGULAR,-0.6018971609326136,-1.6352902700715526,-0.9186164585230326
2487,REG2023CE02487,2023,CE,REGULAR,-0.14987803352216836,1.112292449891728,0.4637230575571145
2488,REG2020EEE02488,2020,EEE,REGULAR,-1.1675008238807143,-1.3978120024846332,-1.870440889429356
2489,REG2023ECE02489,2023,ECE,REGULAR,1.1017157121691126,1.0276728696879491,0.2115374452917114
2490,REG2022CSE02490,2022,CSE,LATERAL_ENTRY,0.41922564875102425,0.536667248102405,0.8148227202481061
2491,REG2020EEE02491,2020,EEE,REGULAR,-0.5456589932114322,0.8522896894528121,-1.9161643812659455
2492,REG2021CSE02492,2021,CSE,REGULAR,-1.029524515195794,-0.35202598126428053,-0.2605140339423753
2493,REG2021ECE02493,2021,ECE,REGULAR,-1.2076403034047432,0.6889991893625707,1.1245932947231587
2494,REG2022ME02494,2022,ME,REGULAR,-0.20037518376431396,-0.8705873268369175,-0.3330396062471275
2495,REG2021ECE02495,2021,ECE,LATERAL_ENTRY,-0.3707792647084205,-0.12381709318340532,-0.9980256063249587
2496,REG2020ECE02496,2020,ECE,REGULAR,-0.268800897457415,0.7002098475187655,-0.9501525300518723
2497,REG2022CE02497,2022,CE,REGULAR,-0.6594954368384278,0.17048468069691408,-0.41509133672532883
2498,REG2021CSE02498,2021,CSE,REGULAR,0.7051486589381768,1.5583499601419777,0.6623061423683021
2499,REG2023CSE02499,2023,CSE,REGULAR,-0.07589878507966005,0.08031957262521117,2.524509276607495
2500,REG2022CSE02500,2022,CSE,REGULAR,0.37085189271099683,-0.5993444805665006,-1.8266194934838311
2501,REG2023ECE02501,2023,ECE,REGULAR,-1.4022050903368122,0.003988560511122636,1.1093801670164412
2502,REG2020CSE02502,2020,CSE,REGULAR,-0.0694340684793298,-1.257645437799047,0.18256299069534276
2503,REG2023CSE02503,2023,CSE,REGULAR,0.8547880014130466,-0.5371594624806629,0.779772810403127
2504,REG2023ECE02504,2023,ECE,REGULAR,0.271225614199156,0.5469957248776355,1.3279594786709628
2505,REG2021ECE02505,2021,ECE,REGULAR,-0.3314671266482441,0.808313930996921,1.577698098692643
2506,REG2020CE02506,2020,CE,REGULAR,-1.0297051233112264,-0.7999318715922092,-0.22202593093985984
2507,REG2022ECE02507,2022,ECE,REGULAR,1.2983344897754168,-1.087478168112368,-1.3859266659702465
2508,REG2021CSE02508,2021,CSE,REGULAR,-0.006334140465255962,1.2207151954954414,-0.4333505550845262
2509,REG2020EEE02509,2020,EEE,REGULAR,0.9470716884295981,-0.17984689126765785,0.9396288469277305
2510,REG2021CSE02510,2021,CSE,REGULAR,0.21747006139177585,0.3290702909290165,-1.511565278370366
2511,REG2023ME02511,2023,ME,REGULAR,-0.2850815627220584,-0.7837972248752872,-0.32536600499646573
2512,REG2023CSE02512,2023,CSE,REGULAR,0.09765266993990242,0.8734164825437465,-0.5868968207700059
2513,REG2020EEE02513,2020,EEE,REGULAR,0.5793756495662277,0.8813190784808687,-0.6559668882563895
2514,REG2022ECE02514,2022,ECE,REGULAR,0.7021560365426129,-1.4242306708863055,-0.21105703520105998
2515,REG2022CE02515,2022,CE,REGULAR,2.3683345424004374,0.8560480947755128,-1.6840040177961646
2516,REG2022CE02516,2022,CE,REGULAR,-0.7090289023149722,0.5347453223877701,-0.1547590102991274
2517,REG2021ECE02517,2021,ECE,REGULAR,-1.9473398726619233,-0.08933586547104598,1.1120468421032064
2518,REG2020EEE02518,2020,EEE,REGULAR,-0.5515157301029804,-1.5069222991380136,0.1462147963775593
2519,REG2020EEE02519,2020,EEE,REGULAR,-0.8853264322180604,-0.7726368896531003,-2.0210023208762435
2520,REG2021ME02520,2021,ME,REGULAR,0.16994471105148284,0.193798713767092,1.027070300644139
2521,REG2020EEE02521,2020,EEE,REGULAR,0.2733112495851642,-1.2043298271789604,2.0565858207075958
2522,REG2021CE02522,2021,CE,REGULAR,-0.4708498301222839,-0.1955048510156436,0.7917178585252849
2523,REG2021ECE02523,2021,ECE,REGULAR,0.002874370845954767,0.36401544146396175,-0.7928278692059905
2524,REG2022ECE02524,2022,ECE,REGULAR,-0.08267688880249133,-0.1710259698308183,-0.6212691875503065
2525,REG2022EEE02525,2022,EEE,REGULAR,-0.7006611020632972,-0.395123928280688,0.4791972032760403
2526,REG2022ECE02526,2022,ECE,REGULAR,0.6656499905839105,0.08770349772433118,0.43462240858194356
2527,REG2021EEE02527,2021,EEE,REGULAR,0.6392930032654406,-0.6528710359036057,1.1301621858591637
2528,REG2023CE02528,2023,CE,REGULAR,1.160727284317493,0.8425253578301908,1.883261566866743
2529,REG2020EEE02529,2020,EEE,LATERAL_ENTRY,-2.2286801844253534,1.8954210067871966,-2.3849463810234943
2530,REG2023CSE02530,2023,CSE,REGULAR,-1.260911135676816,-0.018197047531609462,0.7949191942627345
2531,REG2023ME02531,2023,ME,REGULAR,-0.9326932535308706,1.2481628112683925,-0.030740673360779326
2532,REG2020EEE02532,2020,EEE,REGULAR,2.355860200648084,-0.03407295846927796,-1.0091158844156272
2533,REG2023EEE02533,2023,EEE,REGULAR,0.7241682883590267,-1.3379991575804273,-0.3296727956390392
2534,REG2020CE02534,2020,CE,REGULAR,-1.1595211460146644,-0.3826554094715532,-1.3420704282604954
2535,REG2022CSE02535,2022,CSE,LATERAL_ENTRY,1.6601192775603737,1.2144389405169476,-0.663159240632383
2536,REG2023CSE02536,2023,CSE,REGULAR,-1.5345213314258503,-0.4240731090141809,0.47530687402973515
2537,REG2022ME02537,2022,ME,REGULAR,-1.4793077461833894,-0.9194273607965344,-0.025731755889352552
2538,REG2023ECE02538,2023,ECE,REGULAR,-0.9939813806107903,0.18394640250141972,1.3202429672526672
2539,REG2022ECE02539,2022,ECE,REGULAR,0.1470085865535555,-0.5617346640606443,-1.0008091940426938
2540,REG2020CSE02540,2020,CSE,REGULAR,0.6127062860344694,-0.5831114770864428,0.9367532635304259
2541,REG2021CSE02541,2021,CSE,REGULAR,0.9708858890881581,-0.5440592180188311,0.7837769056550118
2542,REG2023EEE02542,2023,EEE,LATERAL_ENTRY,0.77857289727785,0.8195353648124565,-1.5058880889849215
2543,REG2021CSE02543,2021,CSE,REGULAR,-0.8446772632932499,0.06173467646029673,0.17319764270874738
2544,REG2022ECE02544,2022,ECE,REGULAR,-1.8256151785646464,0.000771233751806477,-0.31088930717529806
2545,REG2020ME02545,2020,ME,REGULAR,-0.0665464407870858,0.7078438582329405,0.7143447147579332
2546,REG2020CE02546,2020,CE,LATERAL_ENTRY,-0.0627985640877253,0.4322572846006284,1.321385249405341
2547,REG2021CE02547,2021,CE,REGULAR,1.1401405600523062,1.0228027499615298,0.4390573971287585
2548,REG2022ME02548,2022,ME,REGULAR,-0.30836881394924565,0.4450314405573075,1.524650865290839
2549,REG2021CE02549,2021,CE,REGULAR,-1.2795389513121784,-1.5447527151162683,2.4359926764663995
2550,REG2021EEE02550,2021,EEE,REGULAR,-0.6089747611860167,-1.0617375324149965,-0.5016680728857302
2551,REG2022CE02551,2022,CE,REGULAR,1.512067949141453,-0.15389777398563528,-0.5394297937784186
2552,REG2020ECE02552,2020,ECE,REGULAR,0.17306764857055348,1.284080276542287,-0.17017253140078376
2553,REG2022CSE02553,2022,CSE,REGULAR,-1.2212973846052253,0.8643914974066649,-0.3206244763068117
2554,REG2021CSE02554,2021,CSE,REGULAR,-0.6075209099207107,-0.12210039013015048,0.9382668096582747
2555,REG2020CE02555,2020,CE,REGULAR,-0.8352195906631601,-0.09235472618500105,0.4753704338535844
2556,REG2023CSE02556,2023,CSE,REGULAR,0.25212050165273486,-0.2963302826486849,0.09061360172477564
2557,REG2023EEE02557,2023,EEE,REGULAR,1.394531501962776,0.7653061459116238,1.5179796714236287
2558,REG2023CSE02558,2023,CSE,REGULAR,-0.7312999291425445,-1.2323929210609432,-0.8030637167384439
2559,REG2023ECE02559,2023,ECE,REGULAR,0.18156313663529017,0.4139127788985851,0.5394014901722126
2560,REG2022ECE02560,2022,ECE,LATERAL_ENTRY,-1.3141270620742962,0.7307426878338679,-1.253056623842459
2561,REG2021CSE02561,2021,CSE,REGULAR,0.5555479727542744,-0.8957000601150521,0.757092184360496
2562,REG2022EEE02562,2022,EEE,REGULAR,-1.7239140478300392,0.7085944379770165,0.29150808849609516
2563,REG2021CSE02563,2021,CSE,REGULAR,0.7579151781475839,-0.21742794577620195,-0.8780465404656905
2564,REG2021CSE02564,2021,CSE,LATERAL_ENTRY,-0.6634129242612375,0.4908234041459546,0.4923591249759909
2565,REG2021CE02565,2021,CE,REGULAR,0.16367176222971988,-0.3028848778801811,-0.4338065870878184
2566,REG2022EEE02566,2022,EEE,LATERAL_ENTRY,-1.8301064887175909,-0.010556434880853317,0.9361535941282106
2567,REG2022EEE02567,2022,EEE,REGULAR,0.7005953972771274,0.12345755616914253,-1.0895134082734554
2568,REG2021CSE02568,2021,CSE,REGULAR,-1.4345808609043489,2.521030626028634,1.3642854537471272
2569,REG2022CSE02569,2022,CSE,REGULAR,-0.5896884068892817,-1.4709223303831442,0.4648587430891844
2570,REG2021ME02570,2021,ME,LATERAL_ENTRY,-0.18479374499258125,-0.6089161295049536,0.007907044773948506
2571,REG2021ME02571,2021,ME,REGULAR,-1.2357784166304964,-0.1526510011619757,-0.5055304978126098
2572,REG2021ECE02572,2021,ECE,REGULAR,0.9519329737588539,1.2799902301207575,-1.45837244314143
2573,REG2020CE02573,2020,CE,REGULAR,-1.4839144438469456,-0.8284267815917814,-0.9257208454693114
2574,REG2022EEE02574,2022,EEE,REGULAR,-1.3113992295100279,-0.08677383480723386,-0.09462547260541018
2575,REG2021EEE02575,2021,EEE,REGULAR,-0.3810501178791003,2.559977905854436,0.8867559129627872
2576,REG2021ECE02576,2021,ECE,REGULAR,0.8924636692276957,-2.299860659597387,0.585482307304182
2577,REG2021ME02577,2021,ME,REGULAR,1.4002990686897685,-1.4497976089420361,-1.158884322273573
2578,REG2021EEE02578,2021,EEE,LATERAL_ENTRY,-0.03202803350422385,-0.8153695791425587,-0.8046572632141292
2579,REG2023ECE02579,2023,ECE,LATERAL_ENTRY,-0.04930224437106962,-0.14485979258289414,-1.7592542762723542
2580,REG2023EEE02580,2023,EEE,REGULAR,0.867058675371582,0.5237277654138535,0.6055439825855826
2581,REG2023EEE02581,2023,EEE,LATERAL_ENTRY,1.2773014379984453,-2.1933878084128016,-1.049769169277201
2582,REG2022CSE02582,2022,CSE,LATERAL_ENTRY,-1.0086351303523884,-0.05523524522167636,-1.8530265324755195
2583,REG2020ECE02583,2020,ECE,REGULAR,1.0978965367333255,-1.9943875749411746,1.0325259430539426
2584,REG2020ME02584,2020,ME,REGULAR,0.8708388013220159,-0.33321065461492216,-0.5926989909702908
2585,REG2021ECE02585,2021,ECE,REGULAR,-0.24367396509140993,-0.22097332197255057,-0.8903159126528094
2586,REG2021ME02586,2021,ME,REGULAR,-0.6581960577216591,-0.5716024766430156,1.6727303162933589
2587,REG2020ECE02587,2020,ECE,REGULAR,1.5163288053555957,-0.322008856853782,-0.8902317271590633
2588,REG2023ME02588,2023,ME,REGULAR,-1.1069572655808517,1.9057882343626686,0.10932698296244958
2589,REG2020EEE02589,2020,EEE,REGULAR,-0.37413268149103635,0.3887483035904761,0.4489761444216759
2590,REG2020EEE02590,2020,EEE,REGULAR,-0.9717680577398935,0.38746679276342133,2.18502692864443
2591,REG2021EEE02591,2021,EEE,REGULAR,-0.7948653860459484,0.03841064620483958,1.3212300927579208
2592,REG2023CE02592,2023,CE,LATERAL_ENTRY,0.049921015141119386,1.0200038546361638,1.9574894226857267
2593,REG2022CSE02593,2022,CSE,REGULAR,0.7429450628801199,-0.9043714978997043,-1.4815667218738533
2594,REG2022ECE02594,2022,ECE,REGULAR,0.15845239159628452,-2.3359306970550966,0.42903956756754863
2595,REG2020CSE02595,2020,CSE,REGULAR,0.21975808394014318,-1.4335639229654407,1.9292699966212825
2596,REG2021ECE02596,2021,ECE,REGULAR,-0.10276746148759967,0.02394638244926125,1.3869598902732805
2597,REG2020ME02597,2020,ME,REGULAR,-0.1179706764967024,-0.716171702601122,0.34477657045282867
2598,REG2022ECE02598,2022,ECE,REGULAR,0.4750122503518324,-1.5539095245773653,-0.9203561754710375
2599,REG2020ECE02599,2020,ECE,REGULAR,1.3593852232307442,-1.366211590902226,1.5092400198275007
2600,REG2023ECE02600,2023,ECE,REGULAR,0.3821171705925179,1.0983597485341479,-0.4767510420933109
2601,REG2021CSE02601,2021,CSE,REGULAR,-0.13481352569439856,-0.06594360833295647,-0.48640908866705174
2602,REG2023CE02602,2023,CE,REGULAR,0.21523861318770118,0.897336745704938,0.283492306370685
2603,REG2022EEE02603,2022,EEE,REGULAR,-1.0817656166424707,1.80147361459218,-0.2577273324323497
2604,REG2021CE02604,2021,CE,REGULAR,0.7574329674396315,-0.7466395616572263,-0.4421676653421592
2605,REG2020ECE02605,2020,ECE,LATERAL_ENTRY,0.5235600745380405,0.13045579149771944,0.2464171731226174
2606,REG2022ME02606,2022,ME,REGULAR,0.21222719560862463,-0.005267776652484927,0.4056644571998912
2607,REG2022ME02607,2022,ME,REGULAR,0.3964669716288463,0.9613664880499276,0.055201753795182745
2608,REG2020CSE02608,2020,CSE,REGULAR,-0.5959074408130466,-0.33069614544277387,-2.028273040578791
2609,REG2023ECE02609,2023,ECE,REGULAR,0.5379580138401937,1.7852807297716604,0.1782731160964211
2610,REG2020CE02610,2020,CE,REGULAR,-0.5031953169492934,0.6520381052220683,-0.18384405867081394
2611,REG2023CSE02611,2023,CSE,REGULAR,0.7409543366714663,-0.9835350459461226,1.630660987142157
2612,REG2021CSE02612,2021,CSE,LATERAL_ENTRY,2.3509866157346044,0.44002159350898895,-0.9876488102822554
2613,REG2020CSE02613,2020,CSE,LATERAL_ENTRY,-0.9819880766894714,-0.12259122185448969,-1.1383894316893033
2614,REG2021ECE02614,2021,ECE,LATERAL_ENTRY,1.0912569609811595,-0.08898935888336577,0.4664233007423517
2615,REG2021EEE02615,2021,EEE,LATERAL_ENTRY,0.12636777076233408,-1.216999632794762,-0.7937483330446092
2616,REG2021ME02616,2021,ME,REGULAR,0.46910516989907886,1.4530510986372605,-0.35203733535524195
2617,REG2023CSE02617,2023,CSE,REGULAR,-0.9313743018097279,-0.47635361447875973,-1.2626428850405527
2618,REG2023ECE02618,2023,ECE,REGULAR,0.6374563999301467,0.14601060977572683,-0.42814533099280444
2619,REG2020CSE02619,2020,CSE,REGULAR,-1.4330404046178542,2.191638255054987,-1.1815665791024124
2620,REG2023ME02620,2023,ME,LATERAL_ENTRY,0.2201291874877759,0.3044513490803163,0.23143084965246
2621,REG2022CE02621,2022,CE,REGULAR,-0.290081067384585,-0.9275356082486899,-0.4630451605218283
2622,REG2020EEE02622,2020,EEE,REGULAR,1.0143078022449825,0.19032332726456827,0.2775615329099824
2623,REG2020CSE02623,2020,CSE,REGULAR,0.9975317698635644,-1.802979880816261,-0.3889496421847855
2624,REG2021CE02624,2021,CE,LATERAL_ENTRY,0.6231810137406228,-1.4614210359722641,0.6820280576307965
2625,REG2020ME02625,2020,ME,REGULAR,1.0972487866912184,2.2563943877799755,0.43732050883858337
2626,REG2022CE02626,2022,CE,REGULAR,-0.28542083627746917,0.3997799176168511,-0.6807664465790269
2627,REG2020CSE02627,2020,CSE,REGULAR,1.214700118305385,1.9072801712514338,-0.26761586520710035
2628,REG2021EEE02628,2021,EEE,LATERAL_ENTRY,-1.2733127002057607,-0.17808622761065146,-1.611073454328484
2629,REG2021ME02629,2021,ME,REGULAR,0.09861554286911835,0.42285899198571364,0.9934047793429405
2630,REG2022CSE02630,2022,CSE,REGULAR,-0.5054861361849585,0.9336792716449773,1.3861082358317889
2631,REG2021CE02631,2021,CE,REGULAR,1.1209903197398041,0.6476886982597997,-0.03218064868525681
2632,REG2020CSE02632,2020,CSE,LATERAL_ENTRY,0.12373495902975498,-0.12865248500536386,-0.3622729834926137
2633,REG2020EEE02633,2020,EEE,REGULAR,1.401573810671513,-1.0055818870854354,1.1271255468402208
2634,REG2022ME02634,2022,ME,REGULAR,-0.8196590542997253,1.082852278515617,1.288580572109615
2635,REG2021ECE02635,2021,ECE,REGULAR,-0.7007351603459516,0.10372826568219072,0.10048804642641991
2636,REG2020ECE02636,2020,ECE,REGULAR,0.11608866831176394,-0.1403319788823363,0.265609202912781
2637,REG2020ECE02637,2020,ECE,REGULAR,-1.3061577004789535,0.12936433827975002,-1.4044482508332632
2638,REG2022CE02638,2022,CE,REGULAR,0.9099903475945239,-1.3218271117477924,-0.1499634011101363
2639,REG2021EEE02639,2021,EEE,REGULAR,-0.38930562075357045,0.10280638445942597,0.5285128808059492
2640,REG2023CE02640,2023,CE,REGULAR,-0.5135970504353424,-1.1294999627831654,-0.7466614364206962
2641,REG2020ME02641,2020,ME,REGULAR,-0.9687747384090089,1.7896989895963833,-1.3506627611656268
2642,REG2022CSE02642,2022,CSE,REGULAR,1.550278824078565,-0.35929083956501773,-0.25739127479775276
2643,REG2022ECE02643,2022,ECE,REGULAR,0.05878882068933128,-1.9821656041405071,-1.336390490848022
2644,REG2021ECE02644,2021,ECE,REGULAR,1.1271287845659594,-0.5694935580990386,0.5485869756669965
2645,REG2021CE02645,2021,CE,REGULAR,1.2603710880638435,-0.5617313624686949,1.095861797685209
2646,REG2021EEE02646,2021,EEE,LATERAL_ENTRY,-0.16007566283828117,0.5006495565375086,-1.7750388583948318
2647,REG2020CE02647,2020,CE,LATERAL_ENTRY,-1.603677081783104,0.8200857483589137,0.2749429402685833
2648,REG2023ME02648,2023,ME,REGULAR,0.403677198358143,-1.6722479888499788,-0.8474481848994326
2649,REG2021ECE02649,2021,ECE,REGULAR,-0.7129298137745044,0.5521535343832773,-0.038280265719131394
2650,REG2020CSE02650,2020,CSE,REGULAR,-0.2259298135527842,-0.16100684400460166,0.9522435928889068
2651,REG2021CE02651,2021,CE,LATERAL_ENTRY,-1.805568253985203,1.0009645902889825,-0.41027351238081644
2652,REG2020CSE02652,2020,CSE,REGULAR,1.0154528481746792,-0.0793261963762133,-0.02057942709086451
2653,REG2022ECE02653,2022,ECE,REGULAR,-0.43807285678130725,-1.5821880508751418,0.12390824563606952
2654,REG2021ME02654,2021,ME,REGULAR,-0.6235090134903337,-0.5027639223642002,-1.2548031010876068
2655,REG2020CSE02655,2020,CSE,REGULAR,0.6485467476329978,0.04226306496497919,0.16538476902386298
2656,REG2021EEE02656,2021,EEE,REGULAR,-0.7067431816423531,0.37921011106257,1.667911920967461
2657,REG2020ME02657,2020,ME,REGULAR,1.1445101296846625,1.7670008775904165,-1.2455806776386753
2658,REG2023CE02658,2023,CE,REGULAR,-0.0915325667601382,0.48675654172923905,-0.26025668762132204
2659,REG2021ECE02659,2021,ECE,REGULAR,-0.3234369531427366,1.3741253925021604,1.0294399127439522
2660,REG2021ME02660,2021,ME,REGULAR,-0.1252776371125806,0.5994410354027534,-1.5492426984289036
2661,REG2020CSE02661,2020,CSE,REGULAR,0.8099877460973516,-1.5491914335967687,0.10675880427533697
2662,REG2023CSE02662,2023,CSE,LATERAL_ENTRY,-2.3396933830772624,-0.8648961124284227,1.2752470129219724
2663,REG2021CSE02663,2021,CSE,REGULAR,1.1975985586161837,0.12880857912740826,1.3660661476625513
2664,REG2023ECE02664,2023,ECE,REGULAR,-0.45057346158531253,0.8945537405250289,2.3992533081567524
2665,REG2022ECE02665,2022,ECE,REGULAR,-0.46140007502369396,-0.20405378712317782,1.0780655633926064
2666,REG2020EEE02666,2020,EEE,REGULAR,-0.00026537157730576665,-0.09032858524882625,-0.7425112686281092
2667,REG2023CE02667,2023,CE,LATERAL_ENTRY,-0.4226048015905455,1.1662091509748482,0.04838939523229088
2668,REG2021EEE02668,2021,EEE,REGULAR,2.461319393641058,0.22220582358138394,0.6504395122340233
2669,REG2022ECE02669,2022,ECE,REGULAR,0.40725578154748737,-0.5046692564043942,-1.7734693996764814
2670,REG2022CE02670,2022,CE,REGULAR,1.310451555043439,0.21831719307032474,1.0068305429130695
2671,REG2021ME02671,2021,ME,REGULAR,0.8145354596953241,-1.902626236431442,-0.82830253957689
2672,REG2022ECE02672,2022,ECE,REGULAR,-1.4597866719179988,-0.2422880981783884,-0.5897592406671356
2673,REG2021ME02673,2021,ME,REGULAR,1.2368718935182248,-0.5442882931554857,-0.07810901011278953
2674,REG2022ECE02674,2022,ECE,REGULAR,-0.5273633377201086,0.011736369721935848,0.5274386518599967
2675,REG2022CE02675,2022,CE,REGULAR,-1.6110027678851675,-0.9198981704461536,-0.14817853349822913
2676,REG2023ME02676,2023,ME,REGULAR,-0.8866650346843747,0.6495813316461732,-0.3427177768781444
2677,REG2021ECE02677,2021,ECE,REGULAR,-1.2519222604734526,1.926345405721134,-0.6579581276655111
2678,REG2020CE02678,2020,CE,LATERAL_ENTRY,-1.3109120070721594,-0.34130451466005923,-0.2537097350663985
2679,REG2023CSE02679,2023,CSE,REGULAR,-0.17952983397592046,2.3440537788326266,0.13376057405422923
2680,REG2022CSE02680,2022,CSE,REGULAR,1.0617847669583211,-0.0626035240413795,-0.16145243476781246
2681,REG2023CE02681,2023,CE,REGULAR,0.02683273731479559,0.5576541412828186,0.6792075302321854
2682,REG2023ME02682,2023,ME,LATERAL_ENTRY,0.08178880045257206,-1.4515181184283728,1.0366064138649516
2683,REG2021ECE02683,2021,ECE,REGULAR,-2.3812212649361095,-0.6222109832880652,-1.3604943023485239
2684,REG2021ECE02684,2021,ECE,REGULAR,-1.8842891862985096,1.1941960897436203,0.09163202868692485
2685,REG2021EEE02685,2021,EEE,REGULAR,-0.37305866766391554,-1.0851415431623328,-0.15308373300965544
2686,REG2023CSE02686,2023,CSE,REGULAR,0.41732930166043963,0.7814746188612576,0.8331604940258077
2687,REG2020ME02687,2020,ME,REGULAR,0.05234312465149099,0.8940966759537066,-1.0412947614311003
2688,REG2021CSE02688,2021,CSE,LATERAL_ENTRY,-1.1944585565751942,-0.538342527177355,-0.43454240541758876
2689,REG2020ME02689,2020,ME,REGULAR,0.09098959670414088,-1.2579978771515912,0.7647322861691326
2690,REG2020ECE02690,2020,ECE,REGULAR,-0.5361327130120966,1.0295669238227512,-0.3710640289008525
2691,REG2022CE02691,2022,CE,REGULAR,-0.12528662276943797,-0.42200589670908045,1.2082747406521392
2692,REG2023EEE02692,2023,EEE,REGULAR,-0.4753234176821889,-0.4513752310813436,0.15352845725035097
2693,REG2020ME02693,2020,ME,LATERAL_ENTRY,1.2354837695030692,0.6371190404112276,1.5583840118807817
2694,REG2021ME02694,2021,ME,REGULAR,-0.6792219372181003,2.1673603787432,1.100661847549999
2695,REG2021EEE02695,2021,EEE,REGULAR,-2.136898129362142,0.3225604959975529,-1.566801501069484
2696,REG2021CE02696,2021,CE,REGULAR,0.15145007027714577,-1.027603143173384,-0.5303319007472351
2697,REG2022CSE02697,2022,CSE,REGULAR,0.10543390613686206,0.5852508255422673,-0.3125523090219542
2698,REG2021CE02698,2021,CE,REGULAR,1.2796484346719947,-0.30448081739030786,2.7437091693368596
2699,REG2023CSE02699,2023,CSE,LATERAL_ENTRY,-0.6939419888127902,-0.4471502783061326,-0.25213765264941096
2700,REG2023ME02700,2023,ME,LATERAL_ENTRY,2.4729999267680864,1.3009064535471864,0.05880434573626804
2701,REG2021ECE02701,2021,ECE,REGULAR,0.48882855820201454,1.0626556336097004,0.7880854407681365
2702,REG2022ECE02702,2022,ECE,REGULAR,-0.4793337774953818,-0.945468708176232,-0.3721345413413484
2703,REG2022CSE02703,2022,CSE,REGULAR,0.05531581133730173,2.8074558320493437,1.595347011002865
2704,REG2022ECE02704,2022,ECE,REGULAR,1.4455335910176144,-0.5996495114509319,0.4307399339818508
2705,REG2023ECE02705,2023,ECE,REGULAR,-0.5791288370068761,-0.4578169695901857,0.7921373991454693
2706,REG2020CE02706,2020,CE,REGULAR,0.2522130033628634,0.9754655100431967,0.691934959018858
2707,REG2023CE02707,2023,CE,REGULAR,0.6023417159172672,-0.0036179505688740017,-0.6858332091414936
2708,REG2023CSE02708,2023,CSE,REGULAR,0.5269462553651643,-0.9044005023308694,-0.8157877251685721
2709,REG2022ME02709,2022,ME,REGULAR,-0.5842290931920854,3.040686954159441,-0.9680129645892809
2710,REG2022ECE02710,2022,ECE,REGULAR,1.1478027917597526,0.6543556905962175,1.1289567351829475
2711,REG2022CSE02711,2022,CSE,REGULAR,-0.5893365645851804,0.23422041359956,0.24527693221760752
2712,REG2021ME02712,2021,ME,REGULAR,-1.1219681199494154,1.2226186405254824,-1.8050602651350813
2713,REG2022EEE02713,2022,EEE,REGULAR,0.8564598131487865,-0.013862134504271355,-0.8652090538522467
2714,REG2022CSE02714,2022,CSE,REGULAR,-0.7682553203917698,-1.0034654257992905,-1.4824765153636426
2715,REG2022ECE02715,2022,ECE,REGULAR,0.5016921713101461,-0.5243533892074038,1.4231269151015797
2716,REG2023CE02716,2023,CE,REGULAR,-0.11115045016438219,0.6049427271695414,0.29707670650157786
2717,REG2022EEE02717,2022,EEE,REGULAR,-0.6499728020139508,-0.5555511383849425,-0.6591910006946118
2718,REG2022ECE02718,2022,ECE,REGULAR,0.6119636544075946,0.07085890482031604,0.09900162758932099
2719,REG2023CSE02719,2023,CSE,REGULAR,0.214464999433737,0.26381189532990224,-0.682864892165775
2720,REG2022ME02720,2022,ME,REGULAR,-1.3506337584590085,-0.45869708140868115,-0.6173704023674544
2721,REG2020ECE02721,2020,ECE,LATERAL_ENTRY,-0.17191982955707807,1.7681879440428108,0.786936965727583
2722,REG2022EEE02722,2022,EEE,REGULAR,1.2142629262078282,-0.7899341772818036,1.1360875197362512
2723,REG2020EEE02723,2020,EEE,REGULAR,-1.8755879993076272,1.1103380041628312,0.6593263896373783
2724,REG2021CSE02724,2021,CSE,REGULAR,-0.9240938470341852,-0.1969252264791808,-0.8935861777121661
2725,REG2022CE02725,2022,CE,REGULAR,-0.7602045787553829,-0.11516540618663129,-4.06460314373439
2726,REG2022EEE02726,2022,EEE,REGULAR,-1.113889652964548,0.04581193490126893,1.155911725944232
2727,REG2020CE02727,2020,CE,REGULAR,-0.8931662106631546,-0.11243082043467863,-1.5578995931694133
2728,REG2021CE02728,2021,CE,REGULAR,0.7077159067970932,1.8551185730353463,0.37822628543151016
2729,REG2021CSE02729,2021,CSE,REGULAR,0.6126263773371126,-0.08288698387486536,-0.3207463714788462
2730,REG2021ME02730,2021,ME,REGULAR,0.16681605951827747,-0.24039847568841113,0.7678436946681114
2731,REG2022CSE02731,2022,CSE,REGULAR,-0.4735233815541974,-0.1816451389062335,1.3413300695496801
2732,REG2023EEE02732,2023,EEE,REGULAR,0.09242114733923629,0.030439562394779483,-1.049949577930627
2733,REG2023EEE02733,2023,EEE,REGULAR,2.1974837210545815,1.2019666345182933,0.06725995952489733
2734,REG2022CE02734,2022,CE,REGULAR,-0.4317485253908717,1.7075488893217605,0.9167064725890186
2735,REG2022CE02735,2022,CE,REGULAR,0.5475265304356202,0.7255901754823215,1.4399540414286307
2736,REG2022CSE02736,2022,CSE,REGULAR,1.07562679401766,-0.3916851781606627,-1.7974081998867468
2737,REG2020CSE02737,2020,CSE,REGULAR,-0.43782232443032437,-1.7480345371360055,-1.1165426433475378
2738,REG2022ECE02738,2022,ECE,REGULAR,-0.9065072854978103,1.1411994149084022,0.4859183394591162
2739,REG2020ME02739,2020,ME,REGULAR,1.2291836259407989,1.204467208253648,0.06988799586940828
2740,REG2020CE02740,2020,CE,REGULAR,1.1747976933816309,-1.4743508560246943,-0.3643201628489621
2741,REG2022CE02741,2022,CE,LATERAL_ENTRY,0.5652471239747299,1.5142475999808869,-2.358464142207465
2742,REG2021ECE02742,2021,ECE,REGULAR,1.278873764700375,-0.8284032217482512,-0.7551243984485184
2743,REG2023EEE02743,2023,EEE,REGULAR,1.0033133128149014,1.2655229214185404,-0.19200127026141986
2744,REG2020EEE02744,2020,EEE,LATERAL_ENTRY,-0.6002042245856282,1.1669987916363687,-1.8007522354101924
2745,REG2020EEE02745,2020,EEE,REGULAR,-0.21867883197268564,-1.7053709470927447,0.28028163403811285
2746,REG2022CE02746,2022,CE,REGULAR,1.2658079398423807,0.018798314559478765,-0.5692232096343005
2747,REG2021ECE02747,2021,ECE,REGULAR,0.28316501340017836,0.412461165182643,0.4829468294451999
2748,REG2022ME02748,2022,ME,REGULAR,-1.214939503103089,0.9482950010506327,-0.07560853362486715
2749,REG2022ECE02749,2022,ECE,LATERAL_ENTRY,-0.47807990336991524,-1.003115189372866,-0.5138568008585787
2750,REG2020ECE02750,2020,ECE,REGULAR,-0.7989857592114222,-0.8264913757102347,-0.8669734564325522
2751,REG2020EEE02751,2020,EEE,REGULAR,-0.34798954959558315,-2.252533514783649,-0.1891803351589201
2752,REG2022CSE02752,2022,CSE,LATERAL_ENTRY,-0.15619390009719572,0.21743908072584237,0.06614111514900174
2753,REG2022CSE02753,2022,CSE,LATERAL_ENTRY,0.22060692295888165,-0.16869103498212665,0.20351560371854796
2754,REG2022ME02754,2022,ME,REGULAR,0.7766424893377897,1.1166136691779227,-1.0593173140985128
2755,REG2023CE02755,2023,CE,REGULAR,0.4079308174259917,0.0778175540832829,3.317582990798635
2756,REG2020CE02756,2020,CE,REGULAR,0.7444681730037579,-2.172423639102823,-0.07474620174875486
2757,REG2021ME02757,2021,ME,REGULAR,-0.4565705799107385,-0.4077446123012603,0.5471593531658242
2758,REG2021EEE02758,2021,EEE,REGULAR,-1.255269976269707,-0.48705951973090295,-0.5469059580929527
2759,REG2020CSE02759,2020,CSE,REGULAR,2.5421063486698796,-1.5097989084835268,-0.232131252802322
2760,REG2021CE02760,2021,CE,REGULAR,-0.7713972154433948,1.269266272924928,1.0054503350780786
2761,REG2023ME02761,2023,ME,REGULAR,0.07899987275231969,-0.22421555060518417,1.3239542988866133
2762,REG2020ECE02762,2020,ECE,REGULAR,0.09592371579929183,-0.8754492984482052,-0.16173624772262898
2763,REG2021CE02763,2021,CE,REGULAR,0.2737919252862003,-0.536553754137027,-0.9109180635470367
2764,REG2023CSE02764,2023,CSE,REGULAR,0.9935510273126569,0.8474157131500993,-0.4381515056207866
2765,REG2022CE02765,2022,CE,REGULAR,0.18964739701198818,-2.0354794285511773,-1.9636701238610712
2766,REG2020ME02766,2020,ME,REGULAR,-0.6724081857942658,0.29133364331879874,2.617273338971958
2767,REG2021ME02767,2021,ME,REGULAR,0.14358982547949223,-0.8131240938463867,0.8221108472828129
2768,REG2021CSE02768,2021,CSE,REGULAR,0.14046697573485675,-0.8494174697163055,0.15121622133754703
2769,REG2023CE02769,2023,CE,REGULAR,1.8504185141545253,-1.8144149530492826,-0.5075567276203603
2770,REG2020CE02770,2020,CE,REGULAR,0.06281534035563342,0.029581222694343726,-0.1859216461190299
2771,REG2021CSE02771,2021,CSE,LATERAL_ENTRY,0.3810652397023514,0.3651303123239604,-0.854354507062562
2772,REG2023CE02772,2023,CE,REGULAR,1.3152847450887883,-0.575638368202257,-1.795929698304045
2773,REG2021CSE02773,2021,CSE,LATERAL_ENTRY,0.14877340450109247,0.8771101252519662,0.6588491411272431
2774,REG2020CSE02774,2020,CSE,REGULAR,0.627292013125093,-1.6886427345686514,-0.6095404688348365
2775,REG2022ECE02775,2022,ECE,LATERAL_ENTRY,2.1783746100234884,-0.3789853971844439,2.3128630356740842
2776,REG2023CE02776,2023,CE,REGULAR,-0.001508385268992061,-0.4197532816013393,-0.7116665396094094
2777,REG2021CE02777,2021,CE,REGULAR,0.4308460051697467,0.23654219361486306,0.7670626894897021
2778,REG2023CE02778,2023,CE,REGULAR,0.5379836721509411,0.883624548970972,-0.16048622032856263
2779,REG2020CSE02779,2020,CSE,REGULAR,-0.2377233733471127,-0.4731074133605223,-1.7367268177644393
2780,REG2023EEE02780,2023,EEE,REGULAR,0.33847310531211144,-0.07408266206618958,1.4237073100207738
2781,REG2022ECE02781,2022,ECE,REGULAR,-0.8800899873211465,-1.7171401030675408,0.5878038540094718
2782,REG2020CSE02782,2020,CSE,REGULAR,0.6705989393347973,0.08358736538447735,0.5973604797329994
2783,REG2020CSE02783,2020,CSE,REGULAR,0.9651341243644523,1.0673798415063,0.10486503307861315
2784,REG2020CE02784,2020,CE,REGULAR,0.4985301921556723,-1.7675945084829126,0.6499188740760427
2785,REG2022ME02785,2022,ME,REGULAR,-1.27005365123844,-0.6227246694795275,0.2905341133500827
2786,REG2023CSE02786,2023,CSE,REGULAR,-0.5052999305748441,-1.0309106271844801,0.3778475896161037
2787,REG2022ECE02787,2022,ECE,REGULAR,-0.5246687805653643,0.7611923727015086,-1.5060829104020683
2788,REG2021EEE02788,2021,EEE,REGULAR,-0.4177551249208164,-1.7710568023371822,-0.7036563773150829
2789,REG2021ECE02789,2021,ECE,REGULAR,0.050913695535472876,0.1704009940620113,-1.8858646178642093
2790,REG2023CE02790,2023,CE,REGULAR,-0.3725622805709149,-0.6306454786812125,-0.8251668462234583
2791,REG2023ME02791,2023,ME,REGULAR,-1.0336894717102183,-1.048141342190445,-0.23584798708873242
2792,REG2020ECE02792,2020,ECE,REGULAR,-0.9471576262855707,0.3214630873029826,1.4021818738013903
2793,REG2020CE02793,2020,CE,REGULAR,-0.8069782666399364,-0.23801908044889125,1.764739752441796
2794,REG2023EEE02794,2023,EEE,LATERAL_ENTRY,2.9029416285053427,0.5148752363294603,0.6826368812128897
2795,REG2022CSE02795,2022,CSE,REGULAR,-0.8160609861710071,0.78479065430342,-1.54808802536075
2796,REG2021CE02796,2021,CE,REGULAR,-0.33323039715853386,0.16700292169573833,0.7333480071781809
2797,REG2022EEE02797,2022,EEE,REGULAR,0.1272518148689363,0.5536758217385007,-0.2107746502951001
2798,REG2022EEE02798,2022,EEE,REGULAR,0.8320846249505973,0.42989503470490786,1.6977891907356892
2799,REG2020ECE02799,2020,ECE,REGULAR,-0.4058544196767153,-0.4776898548900925,1.4935345098230122
2800,REG2023ME02800,2023,ME,REGULAR,-0.6202121344933909,0.3619078363609881,-1.2223628070042538
2801,REG2020ECE02801,2020,ECE,REGULAR,0.5985950914443922,0.7385660392020614,-0.5913493797982777
2802,REG2021CE02802,2021,CE,REGULAR,1.3879655839733676,0.44230215613534063,-1.7890451542463222
2803,REG2023CE02803,2023,CE,LATERAL_ENTRY,1.1632821327942087,-0.02473542080240107,-2.22834243994978
2804,REG2022ME02804,2022,ME,REGULAR,0.37574688171965837,-0.29343140231331255,-0.399424780986017
2805,REG2020CSE02805,2020,CSE,REGULAR,1.2849167848750833,-0.4738828697857191,0.0220677009368635
2806,REG2022ME02806,2022,ME,REGULAR,-2.044330476201075,0.3777117601138336,1.7533751987243156
2807,REG2021ECE02807,2021,ECE,REGULAR,0.472953564713271,-0.31660344290307396,2.0548098186386485
2808,REG2021CE02808,2021,CE,REGULAR,1.1490146960523997,1.444850287259808,0.5795778471138472
2809,REG2023ECE02809,2023,ECE,REGULAR,0.4612282614987982,-0.515434864681385,1.7563779876279924
2810,REG2021CE02810,2021,CE,REGULAR,1.5463986871898292,1.783114519992506,0.0744066719261473
2811,REG2022CSE02811,2022,CSE,REGULAR,-0.2145209503359089,0.8658725885843434,-0.35379073114231385
2812,REG2023CSE02812,2023,CSE,REGULAR,0.08533977579489384,-0.13531222842830537,-2.2025766570597862
2813,REG2023CE02813,2023,CE,REGULAR,-0.9197671599013517,0.7093476093488152,0.8909127260703953
2814,REG2021EEE02814,2021,EEE,REGULAR,-0.8430476149998389,1.5181042303951373,0.9207988527559517
2815,REG2020CSE02815,2020,CSE,REGULAR,-0.7351623100669669,1.9420780101652007,0.9665404149994133
2816,REG2023ECE02816,2023,ECE,REGULAR,1.4235909510202784,-2.2165285965750026,1.814839917919452
2817,REG2023ME02817,2023,ME,REGULAR,0.09886908913183559,0.11836954613169653,1.419289450132726
2818,REG2020EEE02818,2020,EEE,REGULAR,0.8494613239905716,-2.000576078362866,-0.1518695387949266
2819,REG2023CSE02819,2023,CSE,REGULAR,-0.6970892591780458,-1.3350523199415294,0.43367258058229585
2820,REG2023CSE02820,2023,CSE,REGULAR,1.0429809624715098,-0.26618623231036487,-0.6610851291537564
2821,REG2021CE02821,2021,CE,REGULAR,0.1246342019944168,-0.5864427181502997,0.4270924607622362
2822,REG2021ME02822,2021,ME,REGULAR,-0.5901084061327401,0.6057362818942008,-0.8485912663189409
2823,REG2021CE02823,2021,CE,REGULAR,-0.005846305049848549,-0.5671509901316188,-0.04618132094257985
2824,REG2022CSE02824,2022,CSE,REGULAR,-1.1859887865917085,-0.23817040661550645,-0.33115193777375945
2825,REG2022CE02825,2022,CE,REGULAR,1.878302393604953,-0.5099347554150004,-0.13262864277103922
2826,REG2022CSE02826,2022,CSE,REGULAR,3.1843065686094505,-0.22355192979667707,0.9532213689172762
2827,REG2022CE02827,2022,CE,REGULAR,-0.4773448584438344,-0.5966236939834492,-2.3775698299271024
2828,REG2023EEE02828,2023,EEE,REGULAR,0.7002219112822892,-0.20292395653422776,-0.05474639567621555
2829,REG2023ECE02829,2023,ECE,REGULAR,-1.7432765013284433,0.36920272876950466,0.7672016748681318
2830,REG2022ME02830,2022,ME,REGULAR,-0.6153996752248185,0.059312765419377855,0.7411200128832625
2831,REG2022ECE02831,2022,ECE,REGULAR,-0.35990553718324825,-0.24770719843449732,0.03990669451976115
2832,REG2022CSE02832,2022,CSE,REGULAR,-1.1427906949964008,0.14342186871507595,-1.2064103339541286
2833,REG2021ECE02833,2021,ECE,REGULAR,0.02916743964418905,2.240984052644181,-0.9430303455930448
2834,REG2022CE02834,2022,CE,REGULAR,-0.36713913611167776,-0.3181426326614269,-0.05169793937523165
2835,REG2021ME02835,2021,ME,LATERAL_ENTRY,-0.6873544343582937,1.0982358035234265,-2.370885373306439
2836,REG2023CSE02836,2023,CSE,REGULAR,-0.5310591703786759,0.818313736319962,-0.29409430838863376
2837,REG2021CE02837,2021,CE,REGULAR,0.906343235397152,0.2106354452150584,-0.8012203598128833
2838,REG2021CSE02838,2021,CSE,LATERAL_ENTRY,0.4562033191517433,1.4832588848565909,-2.6055767556885328
2839,REG2021CSE02839,2021,CSE,REGULAR,0.11106747319563266,-1.7357339369476272,2.4417885853297707
2840,REG2020ME02840,2020,ME,REGULAR,-0.46812453379619046,-0.8030845807190595,-0.9220530471774268
2841,REG2020ECE02841,2020,ECE,REGULAR,1.585679173100759,0.9559380601783107,1.9435840873775632
2842,REG2023CSE02842,2023,CSE,REGULAR,0.05545333515769916,-0.7197588447268848,-0.1680809844048159
2843,REG2020EEE02843,2020,EEE,REGULAR,0.7456735234735848,0.07084639605228406,2.695488709469085
2844,REG2023ECE02844,2023,ECE,REGULAR,-0.9496387450907569,-0.3815835486484203,0.41025906898077413
2845,REG2022ECE02845,2022,ECE,REGULAR,2.230818271811151,0.1361958628054981,-0.7081268640084478
2846,REG2023CSE02846,2023,CSE,REGULAR,-2.35348319363109,0.30054744840099773,-2.2364262035051636
2847,REG2021EEE02847,2021,EEE,REGULAR,-0.01706068714046477,0.19010629284927913,0.9156646964840696
2848,REG2022EEE02848,2022,EEE,REGULAR,0.6695342435560055,-2.2511352240100946,1.1760176917840621
2849,REG2021ECE02849,2021,ECE,REGULAR,0.33593539139645895,0.18654182120262447,-0.7494624633831906
2850,REG2021ECE02850,2021,ECE,REGULAR,-1.2855844352134582,0.1143834751359338,0.3734453554444396
2851,REG2021CSE02851,2021,CSE,LATERAL_ENTRY,0.23720920127565875,-0.425361470265525,1.6584359070094896
2852,REG2020CSE02852,2020,CSE,REGULAR,1.0480927288481758,0.026911724141361133,0.16221150474248305
2853,REG2021CE02853,2021,CE,REGULAR,0.008873458852412548,1.7572742170721443,-0.816042000988651
2854,REG2020EEE02854,2020,EEE,REGULAR,-0.27127131945695626,0.8297041293737117,-1.2783128203538188
2855,REG2023ME02855,2023,ME,LATERAL_ENTRY,0.8546273105507028,-0.66316237580929,-0.5822670625087771
2856,REG2021CSE02856,2021,CSE,REGULAR,-0.461975597971284,1.1211847896703022,-0.48675927986069073
2857,REG2022CE02857,2022,CE,REGULAR,0.527813884603577,-0.8480028581515768,0.3894424479067332
2858,REG2020CSE02858,2020,CSE,REGULAR,-0.4828746609172966,0.30589978178254956,-0.028307689300739708
2859,REG2022ME02859,2022,ME,REGULAR,1.3724973372174536,-0.7715551100086139,-0.38336299933215967
2860,REG2021ME02860,2021,ME,REGULAR,-0.004068313398682333,0.6067846469543371,0.0860224250408956
2861,REG2021ECE02861,2021,ECE,REGULAR,-0.6444757702153827,-0.817036930982798,0.1962438502353954
2862,REG2023CE02862,2023,CE,REGULAR,0.08714500271659474,-0.021332381631087506,1.6826629146481138
2863,REG2022CSE02863,2022,CSE,REGULAR,-0.13891250934826066,-1.0743745428146823,-0.35182079661412435
2864,REG2023EEE02864,2023,EEE,REGULAR,0.42616678014020704,-0.7797736290229913,-1.3354533604080119
2865,REG2022ECE02865,2022,ECE,LATERAL_ENTRY,0.9827040480955062,-0.9614083134818096,-0.4238386057811526
2866,REG2021ECE02866,2021,ECE,LATERAL_ENTRY,-0.5707376035423738,-0.01923676106405932,0.8668210859166574
2867,REG2022CSE02867,2022,CSE,LATERAL_ENTRY,0.11789289440043094,1.1217690826838533,0.7630106599178903
2868,REG2022ECE02868,2022,ECE,REGULAR,1.1064650543650993,0.8536214191805412,0.3356918784937273
2869,REG2022CE02869,2022,CE,REGULAR,0.22054890689522208,-0.7228276301385732,0.057955168641172075
2870,REG2021ME02870,2021,ME,REGULAR,-1.814447367262549,0.2297589919427541,-0.9602529244189619
2871,REG2023CE02871,2023,CE,LATERAL_ENTRY,0.4518975861164713,0.7873580466943357,-0.7432363667780943
2872,REG2021CSE02872,2021,CSE,REGULAR,0.933992223153786,-0.5576555790986524,-0.1788746048480557
2873,REG2021ECE02873,2021,ECE,LATERAL_ENTRY,0.5584845207792332,1.168596592795489,0.2974486052239491
2874,REG2021CSE02874,2021,CSE,REGULAR,0.3913177662105359,-0.42993197092420804,1.4280708119024874
2875,REG2021ME02875,2021,ME,REGULAR,-1.254493052537247,0.41938904152899975,0.6440989799692801
2876,REG2023ECE02876,2023,ECE,REGULAR,-0.48893049540350514,0.986300368661679,-0.7385302875853874
2877,REG2021ME02877,2021,ME,REGULAR,-0.29789534474353074,0.618289303310708,0.41665906054859364
2878,REG2023EEE02878,2023,EEE,LATERAL_ENTRY,-0.3855589799624851,0.39222317587515637,0.9741756689918069
2879,REG2020ME02879,2020,ME,REGULAR,-0.7384172505417148,-0.15238426921112008,-0.5581718614424042
2880,REG2021EEE02880,2021,EEE,REGULAR,1.447605572063477,0.5705346354668054,1.7191398227371
2881,REG2021CE02881,2021,CE,REGULAR,0.6771812227278483,0.9909838638422974,0.9422932288033307
2882,REG2023CE02882,2023,CE,REGULAR,0.9537520655858005,-1.0892897557906625,-1.0709565231570595
2883,REG2020EEE02883,2020,EEE,REGULAR,1.4154732431894113,-1.4363761021769448,0.7280751695052642
2884,REG2023CE02884,2023,CE,REGULAR,0.5291039616729464,-0.04131410291772493,1.5215245657600815
2885,REG2022CE02885,2022,CE,REGULAR,-0.1994912114563924,0.3433639012966413,-0.1416020367235377
2886,REG2020ECE02886,2020,ECE,REGULAR,-0.923797831420517,1.3472867562019808,0.24415446142787509
2887,REG2020CSE02887,2020,CSE,REGULAR,-0.2826092674912256,0.16260534505003804,-1.8527095348652787
2888,REG2023ECE02888,2023,ECE,REGULAR,1.7590046180128887,-0.6039225937437165,-0.3348507296111789
2889,REG2020ME02889,2020,ME,REGULAR,1.1814570574844807,-0.042213858023980186,-0.14177213449413553
2890,REG2020ME02890,2020,ME,REGULAR,-0.16248701757158834,-0.18214359156563206,0.3105592838646968
2891,REG2021ECE02891,2021,ECE,LATERAL_ENTRY,-0.8976265417772614,0.31243746231621544,2.1585119669133706
2892,REG2021ECE02892,2021,ECE,REGULAR,-0.12086346887393008,0.4742101124823043,-0.9369229834869618
2893,REG2020CE02893,2020,CE,LATERAL_ENTRY,-0.11135440238551125,-0.21015560419087462,-0.950175462069795
2894,REG2021CSE02894,2021,CSE,REGULAR,0.26960369406324414,-0.43351182120353343,0.5596615703243687
2895,REG2023CSE02895,2023,CSE,REGULAR,-0.7185427067790403,1.8321196075773012,0.3447749725922945
2896,REG2021CE02896,2021,CE,REGULAR,-0.6200229490767115,-1.3593251711915326,-1.4757897829360185
2897,REG2020ME02897,2020,ME,REGULAR,-2.544075518734061,-1.0110388627342,1.4029047839621902
2898,REG2020EEE02898,2020,EEE,REGULAR,-0.3443633306768606,-0.19087430235377886,-1.6589105828832822
2899,REG2020CE02899,2020,CE,REGULAR,0.48205072830031015,0.6695805734803054,-0.8788145790381195
2900,REG2023CSE02900,2023,CSE,REGULAR,-0.07877182941689992,0.16589153074105817,0.5307896972510189
2901,REG2020ECE02901,2020,ECE,REGULAR,0.5675574104114023,-0.9276918628320584,0.18761337141682824
2902,REG2020EEE02902,2020,EEE,REGULAR,0.9560910631832223,-0.9724203259309835,1.6274429531649528
2903,REG2021ECE02903,2021,ECE,LATERAL_ENTRY,-0.19290492602284895,-1.366804395112484,0.6981936998799564
2904,REG2021CSE02904,2021,CSE,REGULAR,0.7495343822643912,-1.9608507978328928,0.36096088772505125
2905,REG2022CE02905,2022,CE,REGULAR,-0.6681645907735275,1.2325361550005687,0.3488818313036715
2906,REG2021ECE02906,2021,ECE,REGULAR,0.15359460673551137,-0.17940839366485903,0.7109068097798841
2907,REG2021ECE02907,2021,ECE,REGULAR,1.7680700014603914,1.3539557651178817,0.627332644214215
2908,REG2020ECE02908,2020,ECE,REGULAR,0.35512772460361675,-1.3191950527677994,-1.9314522890962216
2909,REG2020EEE02909,2020,EEE,REGULAR,0.722776773932773,0.18861234197501178,-0.18166092718580473
2910,REG2022CSE02910,2022,CSE,REGULAR,-0.24739293994743575,0.5769204106842927,-0.34842795029159407
2911,REG2020CSE02911,2020,CSE,LATERAL_ENTRY,-1.2034140699711293,1.4441433207128669,-0.5618846512624851
2912,REG2021CSE02912,2021,CSE,LATERAL_ENTRY,0.475201627947098,-0.4321785094956631,1.1579319996017197
2913,REG2023ECE02913,2023,ECE,REGULAR,0.16633711684034427,-0.4197372913572771,0.7697013143291401
2914,REG2020EEE02914,2020,EEE,REGULAR,0.9776135772825246,1.3907631720334803,-1.5106847034140596
2915,REG2022CE02915,2022,CE,REGULAR,0.876562114798443,0.6216498618680703,0.0942306473041842
2916,REG2023CE02916,2023,CE,REGULAR,0.43312822742233875,1.7358808994901787,0.5970821159349489
2917,REG2023EEE02917,2023,EEE,REGULAR,-0.3433181646214195,-0.725822429601307,-3.199760562363539
2918,REG2023CSE02918,2023,CSE,REGULAR,-0.8392125115243891,-1.1301166323689484,-0.2253481337130077
2919,REG2022ME02919,2022,ME,REGULAR,0.10076282290159877,-0.18769393142176521,-1.399343047785875
2920,REG2020CSE02920,2020,CSE,REGULAR,0.18147788187905595,0.23371494729471268,-0.6236419401113744
2921,REG2022EEE02921,2022,EEE,REGULAR,-0.28513461533443846,-0.30026781082730364,-0.20370308267240367
2922,REG2022CSE02922,2022,CSE,LATERAL_ENTRY,-0.7880098679974188,1.0297695973542185,0.8746543051845657
2923,REG2020EEE02923,2020,EEE,REGULAR,-0.6936853891967395,-0.5868263035402915,1.455355470328795
2924,REG2022EEE02924,2022,EEE,REGULAR,1.682907344764416,0.6507397040931587,0.3747785308586731
2925,REG2021ECE02925,2021,ECE,REGULAR,-0.2923233553101648,-1.0362448713048538,2.322069100684279
2926,REG2023ME02926,2023,ME,REGULAR,-0.0966513015926708,0.34929277235420775,-0.27111514836190953
2927,REG2023ECE02927,2023,ECE,LATERAL_ENTRY,-0.4649230143647206,-0.180653382045721,-1.745969032474982
2928,REG2020ME02928,2020,ME,REGULAR,-0.18224182417853885,0.6884365198746686,0.3397830221392301
2929,REG2021EEE02929,2021,EEE,REGULAR,1.064634229172203,1.4957400275269388,-1.2128316109589588
2930,REG2023ECE02930,2023,ECE,REGULAR,0.8572554326435291,-0.020094396678936036,-0.5432673431593509
2931,REG2021CE02931,2021,CE,REGULAR,0.5809622947236015,2.000625932214334,-0.13558814302883332
2932,REG2023EEE02932,2023,EEE,REGULAR,1.0131898045103889,-0.24866095724590512,-0.6187921028957915
2933,REG2021CE02933,2021,CE,REGULAR,0.1475424064312364,0.8361729264676457,-0.9750663642052158
2934,REG2021CE02934,2021,CE,REGULAR,-0.048572994972081375,0.27988856034365445,-1.4199544720110575
2935,REG2023ECE02935,2023,ECE,REGULAR,-0.7645469051075113,0.6459120154192018,1.191998915532283
2936,REG2021CSE02936,2021,CSE,LATERAL_ENTRY,1.3336697411479546,0.3368112723874649,1.0841610169548659
2937,REG2020EEE02937,2020,EEE,LATERAL_ENTRY,-1.1669881821406638,1.2068993489717312,1.9659458520065505
2938,REG2022CE02938,2022,CE,REGULAR,-0.348597716534829,-0.2496108123302298,0.6809469415669698
2939,REG2023ME02939,2023,ME,REGULAR,1.0768849308026256,-0.35005290451877136,-0.5943487327899609
2940,REG2020CSE02940,2020,CSE,REGULAR,-2.764478335574237,0.14328667188202532,-0.7567803670208672
2941,REG2023CE02941,2023,CE,REGULAR,-0.574281877100275,1.0046920585296186,1.6618670536093028
2942,REG2022ECE02942,2022,ECE,REGULAR,0.0385067342796963,-1.6461963003787083,0.12952207826988577
2943,REG2022CE02943,2022,CE,REGULAR,0.22894024389627662,0.42393231161354816,0.2398285379235732
2944,REG2021EEE02944,2021,EEE,REGULAR,0.2035247552148713,-0.05719055484082387,0.2937609175533706
2945,REG2021CE02945,2021,CE,REGULAR,1.2148779184985348,0.43381813337012287,1.3672901497693004
2946,REG2020ME02946,2020,ME,REGULAR,0.40772732330583833,-1.1410261183027133,-0.2084371897281555
2947,REG2023CSE02947,2023,CSE,LATERAL_ENTRY,-0.27599635731722516,-0.6782783958059331,2.378967221854361
2948,REG2023CSE02948,2023,CSE,REGULAR,-0.07264530804509264,-0.8209218107267322,-0.4095877639036041
2949,REG2021EEE02949,2021,EEE,LATERAL_ENTRY,-0.5009405371965816,-0.9228129499824342,1.706462455746808
2950,REG2020CSE02950,2020,CSE,LATERAL_ENTRY,-0.5411811545334609,0.6770023973137358,1.108841419071706
2951,REG2022EEE02951,2022,EEE,REGULAR,0.6801760800632762,1.0574531394341935,0.3177217350129339
2952,REG2022CE02952,2022,CE,REGULAR,-0.03964207789491337,1.0283383769578813,-1.1007221996634915
2953,REG2021CSE02953,2021,CSE,REGULAR,-0.22905672214168965,0.4253731067989882,1.5123657973712692
2954,REG2021CSE02954,2021,CSE,LATERAL_ENTRY,-1.1585691575463308,-0.1393165208464398,-0.6242028108295922
2955,REG2020ME02955,2020,ME,REGULAR,0.2573172913665644,-1.2674208922448567,-1.046293061019234
2956,REG2020CE02956,2020,CE,REGULAR,-0.1711915843919336,2.225210664386909,-0.5114325708126113
2957,REG2021EEE02957,2021,EEE,REGULAR,0.9683751663534794,-0.12610241655815774,0.7251601334034021
2958,REG2020CE02958,2020,CE,REGULAR,-1.8100431225280182,-0.6953774654837631,0.915453521077365
2959,REG2021ECE02959,2021,ECE,REGULAR,1.7729838520970223,0.6892068696490764,1.0254067251419892
2960,REG2022CE02960,2022,CE,REGULAR,-1.569472453051818,1.4507994663087393,-1.1171417612046128
2961,REG2020CSE02961,2020,CSE,REGULAR,-0.054254602864147856,-1.2969126132719826,0.8708175518634642
2962,REG2023CE02962,2023,CE,REGULAR,0.7435106703345966,-0.19815757864213043,-0.10787471540948565
2963,REG2020CE02963,2020,CE,REGULAR,-1.3246345144753977,-0.24432984401248906,0.5806673203442391
2964,REG2021CE02964,2021,CE,REGULAR,0.747436340539774,0.5789193065864303,-0.06749798224982147
2965,REG2021CSE02965,2021,CSE,REGULAR,-0.44032568467619043,-0.8082638250669247,-0.7625814294970479
2966,REG2020EEE02966,2020,EEE,REGULAR,1.0437769564017552,-0.11315173431103208,-1.3065258917695142
2967,REG2023EEE02967,2023,EEE,REGULAR,-0.08524145584167903,0.0890497819039576,0.04929827565940741
2968,REG2023ME02968,2023,ME,REGULAR,-1.2984071588938324,1.878222385420877,0.4463715332156777
2969,REG2022ME02969,2022,ME,REGULAR,-0.6936786429311298,0.017263879259107027,1.213075236719983
2970,REG2023EEE02970,2023,EEE,REGULAR,-0.3629540211539327,0.06397831028008974,-0.5510100773371789
2971,REG2022CSE02971,2022,CSE,REGULAR,0.9239067512627724,0.023324096991325986,0.24047738989157771
2972,REG2020ME02972,2020,ME,REGULAR,-0.596426492207448,-1.135012098186069,0.4944975317803214
2973,REG2021ME02973,2021,ME,REGULAR,1.8224633429937909,-0.9468000941813317,1.7750370211274655
2974,REG2022CE02974,2022,CE,REGULAR,0.03178390487063994,-1.9232937211127745,-0.5687651854669166
2975,REG2023ECE02975,2023,ECE,REGULAR,-0.5548134515972051,1.3961448290669536,1.2399319048322957
2976,REG2021ME02976,2021,ME,REGULAR,0.7200342615011702,-1.2228404254303467,-0.8076008479725285
2977,REG2020EEE02977,2020,EEE,REGULAR,0.5281387916266884,0.3231778795162052,-0.17566193198972643
2978,REG2020CE02978,2020,CE,REGULAR,-0.1140776434103487,0.7896730670157065,-2.1112942002051245
2979,REG2022CSE02979,2022,CSE,REGULAR,-0.23211714894639354,-0.17717175902780044,0.8321929081361997
2980,REG2022CSE02980,2022,CSE,REGULAR,1.031782025643939,0.9599450497226414,-0.6439016454725994
2981,REG2023ME02981,2023,ME,REGULAR,0.2610399825869071,0.37296933720957415,-0.9970911242653454
2982,REG2020EEE02982,2020,EEE,REGULAR,0.3584569662278545,2.0558485322012303,-0.2218723282821758
2983,REG2020CE02983,2020,CE,LATERAL_ENTRY,-0.9437054314300761,-0.5050172707451764,-0.16392597675551596
2984,REG2022ECE02984,2022,ECE,REGULAR,0.4022623446643774,1.3351046172686238,0.9386110786254933
2985,REG2023ECE02985,2023,ECE,REGULAR,0.31912084186854134,1.187051150666382,1.2235796597592736
2986,REG2021CE02986,2021,CE,REGULAR,1.3349467283836431,0.04132683187700316,0.554967164998613
2987,REG2021EEE02987,2021,EEE,REGULAR,-0.31841685371830375,0.016036663013478343,0.8995987379794065
2988,REG2020ECE02988,2020,ECE,LATERAL_ENTRY,0.9151721507186228,-0.23086411119793532,-1.5086094543797102
2989,REG2023CE02989,2023,CE,REGULAR,-1.4899362046402225,-1.2638715607337165,0.32638100784556046
2990,REG2022CSE02990,2022,CSE,REGULAR,1.361037360932807,1.9500878345031205,0.8363817561646422
2991,REG2023EEE02991,2023,EEE,REGULAR,-0.7784709136737361,0.17282950090304672,-0.2499163850826102
2992,REG2021CSE02992,2021,CSE,LATERAL_ENTRY,1.36185810044934,0.6671273636680194,-0.7306362384426736
2993,REG2023ECE02993,2023,ECE,REGULAR,-0.3150839277023093,0.47958184448812924,-0.8745714666915916
2994,REG2021CSE02994,2021,CSE,REGULAR,-0.14174699680728078,-0.5017757504086257,0.4400362904981885
2995,REG2021CE02995,2021,CE,REGULAR,-0.2657344640412588,-0.7771450251773654,-0.07221983796376136
2996,REG2021ECE02996,2021,ECE,REGULAR,-0.8505152360485637,-0.6716878645784115,0.5619709076391031
2997,REG2020ECE02997,2020,ECE,REGULAR,0.6695087690063383,-0.29440126648216086,-2.002740135114591
2998,REG2021CE02998,2021,CE,REGULAR,0.059263162290103526,0.07829243150677108,-0.3701562482691528
2999,REG2022EEE02999,2022,EEE,REGULAR,0.2181572693420262,0.09863860590298834,1.2187799076190962
3000,REG2023CE03000,2023,CE,REGULAR,-1.0740082194651024,0.5357750389770407,-0.23502950358041585
3001,REG2020CSE03001,2020,CSE,REGULAR,0.39057313881325656,-0.5482081369352808,0.16128045331294097
3002,REG2021CSE03002,2021,CSE,REGULAR,0.688055822177268,1.3636304077042072,-1.4426385054220043
3003,REG2022CE03003,2022,CE,REGULAR,1.116056655280451,0.6036874413131799,-0.7183144225578123
3004,REG2023CE03004,2023,CE,LATERAL_ENTRY,-0.38489397034009853,-1.2096691854144117,0.8459479247693732
3005,REG2021ECE03005,2021,ECE,LATERAL_ENTRY,1.663041645456297,-1.0071111013464231,-0.07322632487386727
3006,REG2020ME03006,2020,ME,REGULAR,0.4606157075672997,1.721103239138698,-1.2749591283821455
3007,REG2023CSE03007,2023,CSE,REGULAR,-0.8668191285941451,0.08316008339929655,1.1572892423540369
3008,REG2021CSE03008,2021,CSE,REGULAR,-2.255520972331688,1.441954153562435,-0.8274972855463505
3009,REG2021CE03009,2021,CE,REGULAR,-0.20850643095375032,-0.5317757009616373,0.5962997854612124
3010,REG2022CSE03010,2022,CSE,REGULAR,-0.05139492719252362,-0.6651073710188052,-0.5835605478960735
3011,REG2020ME03011,2020,ME,REGULAR,0.6719396872884156,-0.14789660410477606,0.4345202768279588
3012,REG2023ME03012,2023,ME,LATERAL_ENTRY,-0.385441721114373,-0.9655420561868867,-1.1414418675406839
3013,REG2023CSE03013,2023,CSE,REGULAR,-1.0292462473037578,0.9355295139114032,0.1798355280721886
3014,REG2022EEE03014,2022,EEE,REGULAR,0.4758200979689153,0.820774723952679,-0.9074689430425155
3015,REG2022ME03015,2022,ME,LATERAL_ENTRY,0.21453291888641599,-0.9246440184480313,0.4526240299801209
3016,REG2022EEE03016,2022,EEE,REGULAR,0.18933403618016584,-0.2899211530250153,-0.8798393061009868
3017,REG2022CSE03017,2022,CSE,REGULAR,0.8277752143719177,0.8023327778844658,0.10073580812134493
3018,REG2021CSE03018,2021,CSE,LATERAL_ENTRY,2.1775541886807726,0.41809142750660166,-0.6749378569134983
3019,REG2020CE03019,2020,CE,REGULAR,1.7889193511792847,1.197561566854279,0.9284336905510534
3020,REG2022ME03020,2022,ME,REGULAR,1.284926999680931,-0.46922705457864516,0.14800016819292877
3021,REG2023ME03021,2023,ME,REGULAR,-1.5302552181118851,-1.2541386676831436,-0.053702178764776495
3022,REG2023ME03022,2023,ME,REGULAR,-0.7077318864440825,0.33895651447689823,1.6749530109742712
3023,REG2020CE03023,2020,CE,REGULAR,-0.9260524618792649,-1.2318587110719776,-0.9365367870263103
3024,REG2023CE03024,2023,CE,REGULAR,0.1102446321191789,1.0679577442582933,0.42434494386140187
3025,REG2022CSE03025,2022,CSE,REGULAR,0.7993551178302422,1.171838058046453,-0.9486129261362155
3026,REG2023EEE03026,2023,EEE,REGULAR,-0.8664557968771736,-0.22000744910587589,0.7394018150232046
3027,REG2020ECE03027,2020,ECE,REGULAR,-0.02090437046264576,-0.6099576254931659,-1.248930084461459
3028,REG2023CSE03028,2023,CSE,REGULAR,-0.0518391957622089,-0.39521178325355505,-1.0078690013994693
3029,REG2020ECE03029,2020,ECE,LATERAL_ENTRY,-0.6446296339028974,-1.876832025502892,-1.189303331802568
3030,REG2020ME03030,2020,ME,REGULAR,-1.1026229632426678,0.37421673480247836,0.3678195684438652
3031,REG2023ECE03031,2023,ECE,REGULAR,1.3998925731117757,-0.6516640089850292,-1.2640205848647341
3032,REG2023CSE03032,2023,CSE,REGULAR,-0.6039178958862044,0.6844227200437256,0.6601315794508399
3033,REG2020ME03033,2020,ME,REGULAR,-1.1142233592380968,-0.308096058023688,1.2070990456621775
3034,REG2021ECE03034,2021,ECE,REGULAR,0.14747924562277734,0.08374678289671217,-0.3733508816489043
3035,REG2020CSE03035,2020,CSE,REGULAR,0.4717610797705814,-0.5731473386216588,1.0457045080533052
3036,REG2022CSE03036,2022,CSE,REGULAR,-1.2746422192506262,1.0168308890128515,0.6273281202738094
3037,REG2022EEE03037,2022,EEE,REGULAR,-0.7736398449381301,0.2235994544459053,-0.6944984102480514
3038,REG2023CSE03038,2023,CSE,REGULAR,0.4348929626773386,1.7967534654264914,0.4394858279957648
3039,REG2021CE03039,2021,CE,REGULAR,-2.335953618801436,-0.8153111147881075,-0.4011731717473891
3040,REG2020ME03040,2020,ME,REGULAR,0.8583512330053901,1.9022344375463591,-0.5714133098670565
3041,REG2021CE03041,2021,CE,REGULAR,1.1591538084272446,-0.705462113737386,0.517242071002436
3042,REG2021ME03042,2021,ME,REGULAR,-0.3102150737131799,-0.15991735757443354,-0.5190859400202021
3043,REG2022EEE03043,2022,EEE,REGULAR,-0.4366179105960483,-0.3702198611982933,-1.3472276573139326
3044,REG2021EEE03044,2021,EEE,LATERAL_ENTRY,-1.2160180289712454,0.7144632000109267,0.8040047938218386
3045,REG2020ME03045,2020,ME,REGULAR,-0.45667609791034813,-0.410983775992668,-0.8257388277899137
3046,REG2023CSE03046,2023,CSE,REGULAR,0.8110081035476873,-0.9362444090937311,2.0903436487360345
3047,REG2023CSE03047,2023,CSE,REGULAR,1.2283006637440759,0.6243538498382896,1.620572086231685
3048,REG2023CE03048,2023,CE,REGULAR,-0.19623490861274198,0.5901203692210223,-1.8189666777081364
3049,REG2021ME03049,2021,ME,REGULAR,0.5136752157933061,-0.6614878852815197,0.0746280098168474
3050,REG2023ME03050,2023,ME,REGULAR,-0.6270365091498449,-0.7106919924670108,0.6836183119363326
3051,REG2020ECE03051,2020,ECE,REGULAR,1.7679286668395335,0.9607400118240353,-1.8615133606592003
3052,REG2020CSE03052,2020,CSE,LATERAL_ENTRY,-0.7647682898525335,-1.4904928657368934,1.158565492822322
3053,REG2022CSE03053,2022,CSE,REGULAR,0.6123297232415286,0.621893962207979,1.0920637927503045
3054,REG2022CE03054,2022,CE,REGULAR,-0.14573269458700738,-0.462392998675335,-0.9471621340922737
3055,REG2021ME03055,2021,ME,REGULAR,1.3035618924237158,-0.22224677207175522,-0.7258347000140579
3056,REG2021ECE03056,2021,ECE,REGULAR,0.7504243928372328,-0.8673671270789272,0.09052256546343859
3057,REG2020CE03057,2020,CE,REGULAR,-0.8647836386787531,-0.9459894463062429,-0.487948649196249
3058,REG2023ECE03058,2023,ECE,REGULAR,0.15928182415055941,0.31949659766133315,0.9243260608885991
3059,REG2021ME03059,2021,ME,REGULAR,2.720951423435401,-0.4199463682354075,-1.7671819713475496
3060,REG2021EEE03060,2021,EEE,REGULAR,-1.7415784260643548,-3.10460525172614,0.33902361035892326
3061,REG2020CE03061,2020,CE,REGULAR,-2.1829752864510104,-0.677735582877834,-0.20348193185050395
3062,REG2020CSE03062,2020,CSE,LATERAL_ENTRY,-0.11053110976773887,1.0288767395270133,0.9568066274758615
3063,REG2020EEE03063,2020,EEE,REGULAR,0.8790623081691835,-0.9338205777905583,0.7892399536629918
3064,REG2022EEE03064,2022,EEE,REGULAR,-0.73735135757773,0.8889400055930373,0.35339379745895677
3065,REG2020ME03065,2020,ME,REGULAR,-0.14996629117086105,-1.1154200035302062,1.3011298521785726
3066,REG2023EEE03066,2023,EEE,REGULAR,-0.5297782520307184,-0.6903381233439047,-1.7961977553345514
3067,REG2021CE03067,2021,CE,REGULAR,-0.7502588076917368,0.5882367945150587,0.721921252408372
3068,REG2023CSE03068,2023,CSE,REGULAR,-0.6517041482182336,-0.5483967878111827,0.26621526015290703
3069,REG2020CE03069,2020,CE,REGULAR,-0.5016466787964576,-0.24421504017566917,-1.464706681617567
3070,REG2021ECE03070,2021,ECE,REGULAR,1.1329561648061375,1.2904253246168624,-0.8252128755457165
3071,REG2021CSE03071,2021,CSE,REGULAR,-0.3583944830280237,-1.894834367582211,3.140422910102237
3072,REG2022CSE03072,2022,CSE,REGULAR,-0.14958531531737618,0.9963884256430097,1.8575908766496658
3073,REG2021CE03073,2021,CE,REGULAR,-0.0378867010218419,0.8209671393129958,-0.035757644373514225
3074,REG2021CE03074,2021,CE,REGULAR,-0.2841395546889674,-0.22832189135444766,-1.6365231763997656
3075,REG2021CSE03075,2021,CSE,LATERAL_ENTRY,0.42966257750315245,1.8939885180303484,-0.9334191307950553
3076,REG2021ME03076,2021,ME,REGULAR,0.1560080121177067,0.19698604998941163,-0.46609040423510983
3077,REG2021EEE03077,2021,EEE,REGULAR,-0.5699920500855108,0.4025751874471915,0.22866966961865426
3078,REG2023EEE03078,2023,EEE,REGULAR,1.3082524290235606,0.9966978435446922,-0.7479296709768382
3079,REG2022ECE03079,2022,ECE,REGULAR,1.9049998404102473,-0.5582369335841517,-0.18664793774158903
3080,REG2023CE03080,2023,CE,REGULAR,-0.8452490036570657,0.6102360060046633,1.6407522582727576
3081,REG2023ECE03081,2023,ECE,LATERAL_ENTRY,0.3474968042713602,-1.2747520137870318,2.7026107179784136
3082,REG2023CSE03082,2023,CSE,REGULAR,-2.176127458846334,0.9158685588456282,-0.40288420486593585
3083,REG2021EEE03083,2021,EEE,REGULAR,-0.48170030101762323,-1.4062471045815133,-0.1818903903682489
3084,REG2023ME03084,2023,ME,REGULAR,0.11336552754715161,0.3197835405596717,0.8463352179958837
3085,REG2021ME03085,2021,ME,REGULAR,-0.13746376973901273,0.11762398407484267,1.4902968916692982
3086,REG2022CSE03086,2022,CSE,REGULAR,-1.162895316247801,-0.21309040193366116,-1.0941353992037057
3087,REG2022CSE03087,2022,CSE,REGULAR,0.06429487858758168,0.9468614616461799,-0.7472173084867436
3088,REG2021CE03088,2021,CE,REGULAR,-0.8463469915126599,-1.2630353535770662,-0.48512994209987004
3089,REG2022ME03089,2022,ME,REGULAR,-0.33005273524400075,1.5549627277257647,0.9248262123767372
3090,REG2023ME03090,2023,ME,REGULAR,1.1475206166322423,1.4440376642358839,1.304439038682118
3091,REG2023EEE03091,2023,EEE,LATERAL_ENTRY,-0.9899153130235488,-0.21048803053703335,0.684104990934741
3092,REG2022ECE03092,2022,ECE,LATERAL_ENTRY,0.1345832848122468,0.5002383506982397,-1.248302801869318
3093,REG2021ME03093,2021,ME,REGULAR,0.09417646917364228,0.7403334225564788,-0.21450256682421934
3094,REG2023EEE03094,2023,EEE,REGULAR,0.5511266040869562,-0.7550148856114552,1.3347468583344433
3095,REG2021CSE03095,2021,CSE,REGULAR,0.6988270853362071,-0.5073424536987682,0.224877896399234
3096,REG2021CE03096,2021,CE,REGULAR,0.050309402244991544,-0.8799320083503117,0.9301662288815994
3097,REG2020ECE03097,2020,ECE,LATERAL_ENTRY,0.22087622608652624,0.7067084702023088,-0.6139488594002418
3098,REG2020CE03098,2020,CE,REGULAR,-0.07079242518472023,-0.36409991015970355,-1.2667207021315745
3099,REG2023ME03099,2023,ME,REGULAR,-1.974011955045982,-0.6691427506673333,-2.4809745673016015
3100,REG2021ECE03100,2021,ECE,REGULAR,-1.132876867847411,0.021404045400808237,1.1805262912317216
3101,REG2021ME03101,2021,ME,REGULAR,0.7381614484080973,-0.18509282967192134,1.858608896678514
3102,REG2020CE03102,2020,CE,REGULAR,0.26498652981327486,-0.36833271003917634,-0.4803596724913551
3103,REG2023EEE03103,2023,EEE,REGULAR,1.0823787113234427,1.6159816799179296,0.30517263458050764
3104,REG2023CE03104,2023,CE,REGULAR,-0.766479772908569,-1.6970961432894554,1.0416667330833504
3105,REG2021ME03105,2021,ME,REGULAR,-0.2243068279436459,-0.06945513785101935,0.03580260003584034
3106,REG2022ME03106,2022,ME,REGULAR,0.13814755636757584,-2.2295755741118772,0.7322180730909948
3107,REG2021ECE03107,2021,ECE,REGULAR,-0.8142046773853758,-0.5700753391846538,1.1906996175550046
3108,REG2021ME03108,2021,ME,REGULAR,0.196637741750245,0.3444449443505802,1.181221634220601
3109,REG2022CSE03109,2022,CSE,REGULAR,0.6838611139319919,-1.2864694935694123,1.4729835776298295
3110,REG2023ME03110,2023,ME,REGULAR,-1.4203017800706945,0.6012367881516733,1.8619148781501726
3111,REG2023ECE03111,2023,ECE,LATERAL_ENTRY,0.6104399993168492,-0.329396455962543,1.8182787037428214
3112,REG2021CSE03112,2021,CSE,REGULAR,0.1921922494586957,-0.9077499505561069,-1.043243409174384
3113,REG2021EEE03113,2021,EEE,REGULAR,-0.5120231283285058,0.20835267216111605,-1.3717498305412779
3114,REG2022ME03114,2022,ME,REGULAR,0.4671889437544451,0.7107005032705969,-0.5559499262194705
3115,REG2020CSE03115,2020,CSE,LATERAL_ENTRY,0.4515474912395065,0.2665216499782007,-0.2589588347675133
3116,REG2020EEE03116,2020,EEE,REGULAR,-1.5618785717244306,-0.6671595500663265,0.03322323851695945
3117,REG2020ME03117,2020,ME,LATERAL_ENTRY,0.30596002443783654,1.2959976706397898,0.576228719595626
3118,REG2021EEE03118,2021,EEE,REGULAR,-1.0084814272863163,-1.7230460292912313,0.31126169966750483
3119,REG2022EEE03119,2022,EEE,LATERAL_ENTRY,2.3749173168538267,-1.3686501857166442,-0.06439378215112698
3120,REG2020CE03120,2020,CE,REGULAR,0.03746047687027931,-0.6714918804125037,0.039950481928374755
3121,REG2021CE03121,2021,CE,LATERAL_ENTRY,0.3682490074836024,-0.7145476755486985,1.3391408533380156
3122,REG2020ME03122,2020,ME,REGULAR,-0.21692181660991874,0.7069333255829873,-0.29880450484864224
3123,REG2022CSE03123,2022,CSE,REGULAR,-0.1151226745585513,-0.3904243601506208,0.4416713768225088
3124,REG2022CE03124,2022,CE,REGULAR,0.5916764983573427,1.4532100719936882,0.5605787408282406
3125,REG2021CSE03125,2021,CSE,REGULAR,1.0974187560562016,-0.38109590826264966,0.8283267247538593
3126,REG2021CSE03126,2021,CSE,REGULAR,0.6685011527974901,0.13912340458235925,0.38705466463016064
3127,REG2020CE03127,2020,CE,REGULAR,1.2456183122182143,0.46639774924761235,-1.6892409229827003
3128,REG2021ECE03128,2021,ECE,REGULAR,-0.869368250231262,0.948865245446841,-0.3792459077712594
3129,REG2021CSE03129,2021,CSE,REGULAR,0.546684063723304,1.8794108073215259,0.25634535488056454
3130,REG2020CE03130,2020,CE,REGULAR,1.9784369201361245,1.1974231998049074,0.6952927266643856
3131,REG2021ME03131,2021,ME,LATERAL_ENTRY,-1.0588580088579944,-2.1811752376656774,0.11316001139278317
3132,REG2022ECE03132,2022,ECE,REGULAR,0.7946412035736589,0.2860324234930606,-1.2719973841832002
3133,REG2023CSE03133,2023,CSE,REGULAR,-0.6604028995476336,0.7238889171494339,-0.023372054146216723
3134,REG2020ME03134,2020,ME,LATERAL_ENTRY,0.08198821866333222,0.2235191349958724,-0.6936411667545448
3135,REG2020ME03135,2020,ME,REGULAR,-0.8396002867477903,1.619982864228279,-1.6162661457670928
3136,REG2022CSE03136,2022,CSE,REGULAR,-0.6331630716148046,-0.8842760363604178,-0.4872209416682223
3137,REG2023ME03137,2023,ME,REGULAR,0.17942952129493323,1.285759036510566,-0.6616898709663194
3138,REG2020ECE03138,2020,ECE,REGULAR,-1.1405784894885544,0.54286372035822,-0.027402290866503937
3139,REG2020CE03139,2020,CE,REGULAR,0.02884889479318494,-0.3049812998483304,-0.20313204632342813
3140,REG2023CSE03140,2023,CSE,LATERAL_ENTRY,-0.40359333698691013,-0.8823266114366619,0.8105701489953504
3141,REG2020CSE03141,2020,CSE,LATERAL_ENTRY,-0.9695695579375276,-0.3179309590996428,1.9696848423874471
3142,REG2023ME03142,2023,ME,REGULAR,-1.3335550096182265,0.5279860005548361,0.12552137509343714
3143,REG2021EEE03143,2021,EEE,REGULAR,-1.8045641367983745,0.2882204784217181,0.4330191251005383
3144,REG2020EEE03144,2020,EEE,REGULAR,-1.366167285307987,0.5566301587831347,-0.6651343267864724
3145,REG2021ECE03145,2021,ECE,REGULAR,0.6616258066362105,-1.6738404373688383,-1.589349225566278
3146,REG2021CSE03146,2021,CSE,REGULAR,-0.5921599665711079,-0.09401224410092489,-0.038826288656095734
3147,REG2020CE03147,2020,CE,REGULAR,0.9631090120434588,1.0303287322501544,1.51319168432021
3148,REG2020EEE03148,2020,EEE,REGULAR,0.18977761392638479,0.5916247232846588,1.5538331422956793
3149,REG2023CE03149,2023,CE,REGULAR,-0.1443119324167644,1.003636878369115,-2.65494744061676
3150,REG2022ME03150,2022,ME,LATERAL_ENTRY,0.24139996626790924,-0.3821578620523226,0.2948435631526776
3151,REG2020ECE03151,2020,ECE,REGULAR,1.3494466825380171,0.45104363374589096,-0.6770232850807263
3152,REG2020ME03152,2020,ME,REGULAR,1.2169820392052504,2.7985659120309045,-0.0006530739155414998
3153,REG2022CE03153,2022,CE,REGULAR,-0.6980016553104355,-0.45152601692168154,0.06770781001595248
3154,REG2020CE03154,2020,CE,REGULAR,-1.870061098685374,3.216020168021169,-0.874574726107903
3155,REG2020ME03155,2020,ME,LATERAL_ENTRY,0.5245491840654312,0.4021998023884518,0.5478609875671456
3156,REG2022ECE03156,2022,ECE,REGULAR,0.4662139307105152,-0.621159243445229,-1.9158690263084484
3157,REG2020ME03157,2020,ME,REGULAR,-0.438408888036707,-0.05248268231071405,0.6362358284303241
3158,REG2021CE03158,2021,CE,REGULAR,0.3473634035161247,-1.214248290256611,1.5809596698818202
3159,REG2022CE03159,2022,CE,REGULAR,0.13428279165099402,0.10329197385978922,-2.233946497410113
3160,REG2021ECE03160,2021,ECE,REGULAR,-0.10816798818635462,1.34232645948319,-1.0998032896442007
3161,REG2020CSE03161,2020,CSE,LATERAL_ENTRY,-0.36070450044957353,-0.21968704502383987,1.1529341769747732
3162,REG2023ME03162,2023,ME,REGULAR,-0.6913348611627764,-0.45566249801366066,0.7370228555563136
3163,REG2022CSE03163,2022,CSE,LATERAL_ENTRY,-1.571489187576273,-1.6455122451253463,-0.39126771490754075
3164,REG2020CSE03164,2020,CSE,REGULAR,-0.8889248090597707,0.7200135318362517,-0.4076605785659349
3165,REG2021CSE03165,2021,CSE,REGULAR,-0.4156187210867982,-0.3724121364247545,-1.0400884870552194
3166,REG2021ME03166,2021,ME,REGULAR,0.2539914223693071,-0.8635221330147131,-1.6571763603015677
3167,REG2021EEE03167,2021,EEE,LATERAL_ENTRY,0.35084897630705086,-1.0760662187529697,-1.4795752270191693
3168,REG2021ECE03168,2021,ECE,LATERAL_ENTRY,-1.1219814222364228,0.1710394926371468,0.133678838237623
3169,REG2023ECE03169,2023,ECE,REGULAR,-0.6246048988327543,-1.8047580962331466,-0.8148785462354293
3170,REG2023CSE03170,2023,CSE,REGULAR,-0.7038124391958426,-1.2001538107095353,0.4402802754647892
3171,REG2022CE03171,2022,CE,REGULAR,-0.9847775858490169,0.6339020354464492,0.1447197979977875
3172,REG2020EEE03172,2020,EEE,REGULAR,-0.5484646272376951,-0.5265474069719648,0.28103530634665985
3173,REG2022CSE03173,2022,CSE,REGULAR,-0.9464854575990355,-0.17676781189143614,2.0290880682903145
3174,REG2023ME03174,2023,ME,REGULAR,-1.7695940329657982,-0.5282240059877708,-0.1475918803023206
3175,REG2022ECE03175,2022,ECE,REGULAR,0.552644714466308,1.4545182356013242,0.7396229667440826
3176,REG2021EEE03176,2021,EEE,REGULAR,-0.0948269890469991,0.09313295739232577,-0.1636254487730873
3177,REG2021ECE03177,2021,ECE,REGULAR,-1.7088374725214388,-0.14728152537964492,-0.037448365089695616
3178,REG2020ECE03178,2020,ECE,LATERAL_ENTRY,-1.1306313665012095,0.4209727825314667,-0.015949726976770034
3179,REG2021CSE03179,2021,CSE,REGULAR,-0.6543418710551034,0.5865151576180001,-0.7689599126747924
3180,REG2023CSE03180,2023,CSE,REGULAR,0.11268520016037374,0.43059824701689986,-0.2900746547314983
3181,REG2023ME03181,2023,ME,REGULAR,0.1565737489967365,0.877631471260267,0.8164903425759307
3182,REG2023ME03182,2023,ME,REGULAR,0.8214824391716363,-1.7000194855636783,0.27339110398528993
3183,REG2021CSE03183,2021,CSE,REGULAR,-0.1559030830304772,-1.442441997986841,0.07936944454905073
3184,REG2020EEE03184,2020,EEE,REGULAR,2.1123666480421734,-0.018413913848723113,0.37345861354778165
3185,REG2022ME03185,2022,ME,REGULAR,1.3577845520580714,-0.713501774997195,0.376505680977427
3186,REG2023CE03186,2023,CE,REGULAR,-1.1639678613911928,0.6187727395848064,0.6704054890594515
3187,REG2023ME03187,2023,ME,REGULAR,-0.8740604823997152,-0.5814317037171435,1.1984651733852205
3188,REG2020CE03188,2020,CE,REGULAR,1.121076368449011,-0.0015507969811826919,0.01767850183687708
3189,REG2022CE03189,2022,CE,REGULAR,-1.362251781235933,-0.8406415505229099,-1.1518718817243467
3190,REG2022EEE03190,2022,EEE,LATERAL_ENTRY,-1.0841925089454727,0.2661778652041803,0.11169413010667499
3191,REG2023CE03191,2023,CE,REGULAR,1.746924637185638,-0.6060773761052967,-1.9681121813520805
3192,REG2023ECE03192,2023,ECE,REGULAR,-1.2629216102429297,-1.3517972778927883,-0.7401926362628996
3193,REG2020ME03193,2020,ME,LATERAL_ENTRY,1.128613674402964,-0.44912997550759676,-1.3549964853490124
3194,REG2023ECE03194,2023,ECE,REGULAR,-1.4561978480538074,0.22104085403072404,0.9438814507827277
3195,REG2021CSE03195,2021,CSE,REGULAR,0.6013563104009825,-1.1390307121966117,-0.41678178841782093
3196,REG2021CSE03196,2021,CSE,REGULAR,-0.7226805379144479,-0.37243085303739826,0.028818713528359487
3197,REG2023CSE03197,2023,CSE,REGULAR,0.6943448944071322,-1.4276650104675974,-3.112527440092419
3198,REG2023ME03198,2023,ME,REGULAR,0.2154934679861821,-0.6103998335406896,-0.16696642234871384
3199,REG2020CE03199,2020,CE,REGULAR,1.5975461699369529,-0.6645614074647973,0.5702823044203353
3200,REG2022EEE03200,2022,EEE,REGULAR,-1.1535709971018095,1.6343692945319386,0.8890021156230895
3201,REG2022ME03201,2022,ME,REGULAR,0.23891686709962753,0.059574110980515994,-1.9196755003382913
3202,REG2020CE03202,2020,CE,REGULAR,-1.2971955754332818,-0.7838417390846841,-0.3546803599307581
3203,REG2020ECE03203,2020,ECE,REGULAR,-0.8839898989220014,-0.2202095296340774,-1.757423370402755
3204,REG2020ME03204,2020,ME,LATERAL_ENTRY,0.31103906536807824,-0.7162669418890676,0.38428868066582644
3205,REG2022CE03205,2022,CE,REGULAR,-0.26516177223404164,-3.299410445554966,-2.0343390357733857
3206,REG2020ME03206,2020,ME,REGULAR,-1.1961266586802455,1.1085315772530144,1.007209102997765
3207,REG2022CSE03207,2022,CSE,REGULAR,0.053792877847398564,-0.8400473941820935,-0.6427741480269156
3208,REG2021EEE03208,2021,EEE,LATERAL_ENTRY,-0.2695294206451639,-1.9711795743581906,-0.06460914507995491
3209,REG2020ME03209,2020,ME,REGULAR,-0.3069940458834018,0.5847253470359405,-1.0921199097223964
3210,REG2022ECE03210,2022,ECE,REGULAR,-1.47314587664653,-0.26354920408777127,0.6099986700377077
3211,REG2020ECE03211,2020,ECE,REGULAR,0.26568334767529567,-0.2527159446497631,0.5064922338064692
3212,REG2021ME03212,2021,ME,REGULAR,-1.4696930760049625,-0.959516651069898,2.208347786479555
3213,REG2023ME03213,2023,ME,REGULAR,1.9996404718082499,0.7755542170900663,-0.1160460469146617
3214,REG2023CE03214,2023,CE,REGULAR,0.9286055180655671,-0.7175586392000529,-0.0044817963767913305
3215,REG2020ME03215,2020,ME,REGULAR,-0.7734149266150159,0.64837277770979,-0.3869848388781598
3216,REG2021CE03216,2021,CE,REGULAR,0.8904080051868413,-1.6076754640090558,0.042940462571727823
3217,REG2023EEE03217,2023,EEE,REGULAR,0.10395361013200179,1.2453579650170812,0.21284816860377934
3218,REG2021EEE03218,2021,EEE,REGULAR,-0.46239341676422757,-0.7877111828791159,0.371550765476065
3219,REG2023ECE03219,2023,ECE,REGULAR,0.9677266858348189,-0.06689147805761735,-0.9766370227959653
3220,REG2021ME03220,2021,ME,LATERAL_ENTRY,1.5718213057772534,0.1980786170315992,0.47935425881850163
3221,REG2023ME03221,2023,ME,REGULAR,-0.7610988183104347,-1.5778489055364948,1.2189684317314358
3222,REG2020ME03222,2020,ME,REGULAR,0.5124740178218848,-0.6690901854488608,0.6953888675191683
3223,REG2020EEE03223,2020,EEE,REGULAR,-0.8746803013392757,-1.57640980780968,-1.7539828207421797
3224,REG2020CSE03224,2020,CSE,REGULAR,0.2310710744819205,0.9866912199945005,0.9127497799138464
3225,REG2021ECE03225,2021,ECE,REGULAR,-0.8310478483110982,1.3554955328750071,2.043042243470318
3226,REG2022ECE03226,2022,ECE,REGULAR,0.6076317593481398,0.3643820305559906,1.043634616184244
3227,REG2023ME03227,2023,ME,REGULAR,0.6475261809516598,-0.02070572230237654,-0.5660944692728033
3228,REG2020ECE03228,2020,ECE,REGULAR,0.30528480643021405,-0.10882531121503705,0.1829367478209555
3229,REG2021CSE03229,2021,CSE,REGULAR,1.125679932123462,0.24310305832841442,-0.6202642966676787
3230,REG2022CSE03230,2022,CSE,LATERAL_ENTRY,0.2937473516739988,0.7837313967528775,-1.3980980146818751
3231,REG2022EEE03231,2022,EEE,REGULAR,-0.287584147592097,-0.20675440342927123,-0.13778586119228045
3232,REG2023EEE03232,2023,EEE,REGULAR,-0.8356012406877456,0.15968796121003587,1.4842990909183178
3233,REG2020ME03233,2020,ME,REGULAR,-0.699935209266492,-0.23171496691141202,-0.45019500330053297
3234,REG2021EEE03234,2021,EEE,REGULAR,0.9529814950227898,-0.28160380343382285,0.7032417288224123
3235,REG2022CSE03235,2022,CSE,REGULAR,-0.1712125037821117,0.09149142640100641,0.5481383805825634
3236,REG2020CSE03236,2020,CSE,REGULAR,0.11299243431797523,-0.8058609552534246,0.7841950999855668
3237,REG2021ECE03237,2021,ECE,REGULAR,0.82979081410692,-0.9717275602551337,-0.5074351128366974
3238,REG2022ECE03238,2022,ECE,REGULAR,1.1198666299357458,0.35623312286764025,0.05616725646711806
3239,REG2023CE03239,2023,CE,REGULAR,-1.7704339025362246,0.29407296281894457,-0.0666113560055051
3240,REG2022CE03240,2022,CE,REGULAR,-1.2525161922076724,0.12125475009869426,0.5284618918237096
3241,REG2022EEE03241,2022,EEE,REGULAR,-0.22448215446342795,0.9880493146133418,3.513676313065459
3242,REG2021ECE03242,2021,ECE,REGULAR,0.3385937497892153,0.2147990149793038,-0.37301165148314186
3243,REG2023EEE03243,2023,EEE,REGULAR,-1.0735110468966247,1.1800193126959724,0.20998819408049657
3244,REG2022EEE03244,2022,EEE,REGULAR,1.3238246127209083,-0.14645043860624934,-0.2720881547094755
3245,REG2023CSE03245,2023,CSE,LATERAL_ENTRY,-0.8371492803108523,1.0235578633747033,0.7612504996794223
3246,REG2021CE03246,2021,CE,LATERAL_ENTRY,1.1640872223715197,1.5095468626126316,0.4341269815409725
3247,REG2020ME03247,2020,ME,REGULAR,-0.08826023013504129,-0.20375951349442029,-1.2582963852509055
3248,REG2020ECE03248,2020,ECE,REGULAR,-0.21761542271766712,-0.2528356827323326,-0.1839532984364565
3249,REG2020CSE03249,2020,CSE,REGULAR,1.3553177858979188,1.4248246689247495,-0.7809488417325582
3250,REG2021ECE03250,2021,ECE,REGULAR,0.7355099127158099,0.18855880342153764,0.14001691087531437
3251,REG2021ME03251,2021,ME,LATERAL_ENTRY,0.22618989855612748,0.0909920952337064,-0.38511676616149054
3252,REG2021CE03252,2021,CE,REGULAR,0.8783390455905801,-0.3038634294811303,-0.21765512113811641
3253,REG2020ECE03253,2020,ECE,REGULAR,-1.4762304803093984,0.4448749166771231,0.6421210038765839
3254,REG2023ECE03254,2023,ECE,REGULAR,-0.7596517608333779,-0.9908607540167149,-0.6066639407505668
3255,REG2022CSE03255,2022,CSE,REGULAR,-1.7971436676291046,1.7470591445535142,-0.5300107587799662
3256,REG2022CE03256,2022,CE,REGULAR,-0.40275728990641746,1.961104291291467,-1.6600681494056964
3257,REG2023ECE03257,2023,ECE,REGULAR,-0.13716491087411672,0.7872736948162224,0.9342740176365468
3258,REG2022CSE03258,2022,CSE,REGULAR,-1.3819627849870044,-1.1353162812387732,-0.2617876736240963
3259,REG2022ME03259,2022,ME,REGULAR,-1.2662226643379593,-0.025243058663484013,1.3755683911973327
3260,REG2021ME03260,2021,ME,REGULAR,-0.40990352279450387,-1.6220263782875344,0.04521571709750941
3261,REG2023ECE03261,2023,ECE,REGULAR,-0.8847121999341709,-1.4246065874159148,0.6511829726078993
3262,REG2023ECE03262,2023,ECE,REGULAR,0.09438854971188436,-0.4675344843186192,0.11712251532310052
3263,REG2020ME03263,2020,ME,REGULAR,-0.07772339945376941,2.2808941350257776,1.6335138558176272
3264,REG2022ECE03264,2022,ECE,LATERAL_ENTRY,0.9405598840152535,1.2408892275363,0.2881423643797537
3265,REG2023ME03265,2023,ME,REGULAR,1.9046798820816377,-0.006461594079039767,1.9553262161497902
3266,REG2023ME03266,2023,ME,REGULAR,1.4881346272402018,1.3760064863638541,-1.0023521099305026
3267,REG2021ECE03267,2021,ECE,LATERAL_ENTRY,-0.24215594470254123,0.8790298991268952,1.2246352889322627
3268,REG2023CSE03268,2023,CSE,REGULAR,2.571430744810432,-0.5661475446208191,-1.0489410614423802
3269,REG2021CSE03269,2021,CSE,LATERAL_ENTRY,-0.7203883588004716,-0.5554003994423388,-0.7099191329520644
3270,REG2020CE03270,2020,CE,LATERAL_ENTRY,1.0920554114388015,1.9757051012300741,-0.07481842035058532
3271,REG2021CE03271,2021,CE,REGULAR,1.0271915600404138,-0.016801315977740417,0.6421077589986135
3272,REG2023EEE03272,2023,EEE,REGULAR,-1.2873785931353454,2.240612120174282,-0.812584514255267
3273,REG2023ECE03273,2023,ECE,REGULAR,0.5598117619307609,0.14262139266888282,1.0867589770265649
3274,REG2022CSE03274,2022,CSE,REGULAR,0.6712596660773543,1.3653287482758214,-0.203298244576805
3275,REG2021ME03275,2021,ME,REGULAR,-0.9676564282885214,-0.3032607776667061,-0.9680497955496958
3276,REG2020ECE03276,2020,ECE,REGULAR,-0.5655527624024236,-1.5901913232542981,-0.01736800750909817
3277,REG2020CSE03277,2020,CSE,REGULAR,0.13268461913307686,-0.5504518726892123,1.382137994846674
3278,REG2023ME03278,2023,ME,LATERAL_ENTRY,1.1880618762510602,0.13342691465345427,-0.17718487542838662
3279,REG2022ME03279,2022,ME,LATERAL_ENTRY,-0.2814631750493462,-2.4495920378914326,0.9271029658316023
3280,REG2022ME03280,2022,ME,LATERAL_ENTRY,-0.7071005858762134,-0.5775570245230115,-0.6366176209441123
3281,REG2022CE03281,2022,CE,REGULAR,1.0077935711396466,-0.46754654788279687,1.3172459401476873
3282,REG2020ECE03282,2020,ECE,REGULAR,-0.6911966267469493,0.5488785155203335,-0.394090478980577
3283,REG2022ECE03283,2022,ECE,REGULAR,-0.9325593884467056,1.8588026355805154,0.2594788230864766
3284,REG2022EEE03284,2022,EEE,REGULAR,0.018796191985491827,-0.3515294278910628,0.9843282827270147
3285,REG2022ECE03285,2022,ECE,REGULAR,0.29693954520150534,0.9062665545652719,-0.18345185387836582
3286,REG2022ECE03286,2022,ECE,REGULAR,0.6704048633735574,0.5082764311900971,1.3438214295481254
3287,REG2020EEE03287,2020,EEE,REGULAR,0.6849349394011915,-0.5925982839474283,1.1207586339390962
3288,REG2023CE03288,2023,CE,REGULAR,-0.3796535890915712,-0.6887323175867517,-1.9175646190215117
3289,REG2021CSE03289,2021,CSE,REGULAR,0.10044449685978103,0.6116357854983389,1.244147403639742
3290,REG2022ECE03290,2022,ECE,REGULAR,0.028666540368652703,0.23101541457623972,-0.9231577428076856
3291,REG2020CSE03291,2020,CSE,REGULAR,-0.9367373553060163,-1.690319025877201,0.35100115422484945
3292,REG2023ECE03292,2023,ECE,REGULAR,1.2115302123032052,-0.9408488722060531,-0.9036343635923532
3293,REG2022ME03293,2022,ME,REGULAR,0.2567472610395303,0.743133265424835,-0.7080770729458538
3294,REG2020CE03294,2020,CE,LATERAL_ENTRY,-0.6886588709738297,0.48946008329112434,0.9101866143764571
3295,REG2023ME03295,2023,ME,REGULAR,0.6868592573272025,-1.1303856195356372,-0.12780186614511707
3296,REG2022CE03296,2022,CE,REGULAR,0.8378369612122345,-0.48401962319627845,0.8047874435273991
3297,REG2023CSE03297,2023,CSE,REGULAR,1.5153967492635925,0.7642925814204332,-1.2412992727409569
3298,REG2021CSE03298,2021,CSE,REGULAR,-0.5724750238115909,0.03772645981954329,-2.0823657900540864
3299,REG2022CE03299,2022,CE,LATERAL_ENTRY,0.8127196611632896,-0.2992718001808317,-0.8313762282064611
3300,REG2022CSE03300,2022,CSE,LATERAL_ENTRY,0.9443229821221635,0.09692685296363293,-2.6701685634617562
3301,REG2022ECE03301,2022,ECE,LATERAL_ENTRY,0.09194640335974344,-1.381078202718446,-1.3564525673180317
3302,REG2022CSE03302,2022,CSE,REGULAR,-0.9326360186605909,0.3292614178220528,0.5438706589780058
3303,REG2022ECE03303,2022,ECE,REGULAR,-0.4294740601622848,1.202798452892992,-1.3877019486910944
3304,REG2020ECE03304,2020,ECE,LATERAL_ENTRY,0.29994536725017934,-1.97181516773194,1.1767833821743214
3305,REG2022CSE03305,2022,CSE,REGULAR,-1.7990008402114075,0.2504425935159528,-1.2990356362655615
3306,REG2021EEE03306,2021,EEE,LATERAL_ENTRY,-0.8485542590146132,-1.5665284961224044,1.6100871026815453
3307,REG2022CE03307,2022,CE,LATERAL_ENTRY,-0.1223098821861111,0.23988668615914344,-0.8180728884839722
3308,REG2023ME03308,2023,ME,REGULAR,-0.3646734033431833,2.2030064627717048,-1.554612373150055
3309,REG2021CE03309,2021,CE,REGULAR,0.2604186067710959,1.2705053810343956,-1.0712222864955512
3310,REG2022CE03310,2022,CE,REGULAR,-1.042969033343766,0.06980279583672658,-0.04470281574178449
3311,REG2022CE03311,2022,CE,REGULAR,-0.1320396864822392,-0.3805397280510515,-0.9948060936097859
3312,REG2022CE03312,2022,CE,REGULAR,-0.16609776301710188,1.406260179174236,0.7310042450668561
3313,REG2022ECE03313,2022,ECE,REGULAR,-0.628409063962174,1.6815883759249644,0.7935841176691436
3314,REG2022CSE03314,2022,CSE,REGULAR,-0.13938039625977947,1.1913791688480544,-1.2910462178892923
3315,REG2021EEE03315,2021,EEE,REGULAR,-1.2425640027997056,0.5282699389151054,-0.3227445527233424
3316,REG2021CE03316,2021,CE,REGULAR,0.7068962909185121,1.118912271707174,2.221203394271961
3317,REG2022ME03317,2022,ME,REGULAR,0.9899610547021999,0.3739079854646454,1.1108746048730815
3318,REG2021EEE03318,2021,EEE,REGULAR,-0.10159116005261025,-1.0706982827842255,-1.5766812718525267
3319,REG2023ECE03319,2023,ECE,REGULAR,-0.3371069725385019,0.3368430229165376,-0.9190197910689418
3320,REG2023ME03320,2023,ME,REGULAR,-0.9805463271163027,-0.6243219765982982,0.2697489374919197
3321,REG2023CE03321,2023,CE,REGULAR,-0.22392582491694826,1.484483922898453,0.7497730257337152
3322,REG2021CSE03322,2021,CSE,REGULAR,-0.35093788650598656,-0.5596541808251622,-0.18013560440985132
3323,REG2022CE03323,2022,CE,REGULAR,0.49271541946140096,-0.304065258065758,-1.1218288004125843
3324,REG2020CSE03324,2020,CSE,REGULAR,-0.05323366756343213,1.3427769644230034,-0.2705053040961747
3325,REG2021ME03325,2021,ME,REGULAR,-0.6551459748175437,1.0273562795509374,-0.2465257720042056
3326,REG2023CE03326,2023,CE,REGULAR,1.4478293321709832,1.2084399891360882,-0.7740256503626058
3327,REG2023CE03327,2023,CE,LATERAL_ENTRY,0.1518475496415706,-0.6860615265436788,-0.3521804481195873
3328,REG2023CSE03328,2023,CSE,LATERAL_ENTRY,-0.07051955272741914,-0.4786921889391912,-2.783716223798099
3329,REG2023ECE03329,2023,ECE,REGULAR,-0.19534380432962645,-0.7205962111994301,0.8360003915561117
3330,REG2020CE03330,2020,CE,REGULAR,0.3298863241197922,-2.613268539170018,1.9256486758740552
3331,REG2023CE03331,2023,CE,REGULAR,0.6056324251047015,0.42164390821604425,0.49528381637637364
3332,REG2023ME03332,2023,ME,REGULAR,-0.8705308658406445,1.231909515564442,0.10260598237770323
3333,REG2022ME03333,2022,ME,REGULAR,-1.6459388977685612,-0.025702232509186518,-1.695719490700449
3334,REG2021CE03334,2021,CE,REGULAR,1.7368727731524256,-0.8196796165389382,-2.241389587254008
3335,REG2020ECE03335,2020,ECE,REGULAR,-0.55404438408808,0.17823974390505556,1.4007772761956514
3336,REG2023ME03336,2023,ME,REGULAR,0.45596839988058907,-0.8035309614270922,2.753229510803207
3337,REG2021ECE03337,2021,ECE,LATERAL_ENTRY,1.4120963746775894,-0.4690706179438185,1.6629136549874428
3338,REG2021ECE03338,2021,ECE,REGULAR,-0.8706427909666666,-1.0031984649030776,-0.3792531559307416
3339,REG2023ECE03339,2023,ECE,REGULAR,1.7897906998373772,0.7427230614249261,-1.2100329674810664
3340,REG2023CE03340,2023,CE,REGULAR,-1.4055789105072019,0.6159550890440554,0.13394029593058274
3341,REG2021CSE03341,2021,CSE,REGULAR,-1.643097966582582,-2.286313818594038,-0.8427039936607469
3342,REG2021ME03342,2021,ME,LATERAL_ENTRY,1.637444815882714,1.696567616084033,-0.11697625665107049
3343,REG2021ECE03343,2021,ECE,REGULAR,-0.5794930678011468,0.25391571933480467,-0.36056673178985454
3344,REG2023EEE03344,2023,EEE,REGULAR,-1.211776919204981,0.06828327593863867,-0.027135232619142746
3345,REG2022CSE03345,2022,CSE,REGULAR,0.24873822972854467,-0.2669659461835618,-1.309210352534179
3346,REG2022ECE03346,2022,ECE,LATERAL_ENTRY,1.4033805327436546,-1.284129532581842,1.658931254979496
3347,REG2023CSE03347,2023,CSE,REGULAR,-0.04912272262259028,0.37513607217556344,-0.16863290969190903
3348,REG2023ME03348,2023,ME,REGULAR,-3.387234583891768,-0.8910505172076293,1.560552959916954
3349,REG2023EEE03349,2023,EEE,REGULAR,0.8748708753092173,0.4687752061135092,-1.0140883331826094
3350,REG2020CSE03350,2020,CSE,REGULAR,0.2788684195580776,0.8913396468447979,-0.36073055824440614
3351,REG2021CE03351,2021,CE,REGULAR,-0.451236745566911,-0.14999045077976747,-0.18610951475596318
3352,REG2022EEE03352,2022,EEE,REGULAR,-0.23103693566139843,1.5206009017632118,1.261761160395
3353,REG2021EEE03353,2021,EEE,REGULAR,0.850004267969593,0.6019362371032422,-0.04145796232978563
3354,REG2022CSE03354,2022,CSE,REGULAR,-1.1376002049642353,0.2769943311191006,1.7037271546972377
3355,REG2020ECE03355,2020,ECE,REGULAR,-0.10858647682794328,1.0317389805140587,-1.4468829667607033
3356,REG2021CE03356,2021,CE,REGULAR,1.4536341508749477,-1.6001892867621594,0.7065207734206274
3357,REG2020CE03357,2020,CE,REGULAR,-0.2489711584511615,-0.9812987632552502,-0.5423190856848674
3358,REG2020ECE03358,2020,ECE,LATERAL_ENTRY,-2.4654939933130136,1.262226753925343,3.229829126809528
3359,REG2021EEE03359,2021,EEE,REGULAR,-1.9836314728963822,0.5397664303241543,-1.4525254463122808
3360,REG2022EEE03360,2022,EEE,REGULAR,-0.8071774512125034,-0.34565365660566916,0.771850485806795
3361,REG2021ECE03361,2021,ECE,REGULAR,-0.28086924579765843,1.4989584626675316,0.9328388923622372
3362,REG2021EEE03362,2021,EEE,REGULAR,0.07236038990838448,0.6093147923247488,0.05613090661314557
3363,REG2022ME03363,2022,ME,REGULAR,-1.090626997511806,2.1495897580445225,2.4626211388522576
3364,REG2020ECE03364,2020,ECE,REGULAR,1.699137121500932,-1.6826419140052986,0.40614995209292865
3365,REG2023ME03365,2023,ME,REGULAR,-0.7630511295564708,1.4516222443932378,-1.8534947573739193
3366,REG2021ECE03366,2021,ECE,REGULAR,0.20042532698899473,0.9287444765775053,1.0126611287001142
3367,REG2022ME03367,2022,ME,REGULAR,1.8649656435653965,0.5695526868648089,0.8920107069019514
3368,REG2023EEE03368,2023,EEE,REGULAR,0.09393834644373124,-1.1692113327976903,-1.371196762300708
3369,REG2020CE03369,2020,CE,REGULAR,-0.7391365592307034,-0.21997008667302992,1.6346055117612015
3370,REG2020ME03370,2020,ME,REGULAR,-0.19681112309762697,-0.9381798512212423,0.35716258570127063
3371,REG2021EEE03371,2021,EEE,REGULAR,0.2271104955242303,-0.044900129443378484,0.11655528628372504
3372,REG2020CE03372,2020,CE,REGULAR,-1.3363569232706896,-1.661991701458333,0.7153102000563938
3373,REG2021ECE03373,2021,ECE,REGULAR,0.22377597714348113,-1.4330452211028035,1.5532230628760877
3374,REG2020EEE03374,2020,EEE,REGULAR,0.03135750846084837,-1.5436305218736848,0.9674294191540579
3375,REG2021CSE03375,2021,CSE,REGULAR,0.5199379551695549,1.9580374127941693,-0.9612585424295467
3376,REG2023ECE03376,2023,ECE,REGULAR,-0.33080770497722684,-0.3258976178858741,2.174837707063181
3377,REG2023ME03377,2023,ME,REGULAR,0.7146527715377919,-0.4066418188640996,-0.3221597329408051
3378,REG2023EEE03378,2023,EEE,REGULAR,0.19057728972775165,0.03476924809445675,1.1185414093359494
3379,REG2021ECE03379,2021,ECE,REGULAR,-0.6823225679131681,0.9267266314616388,0.10016725988550873
3380,REG2022ME03380,2022,ME,REGULAR,-0.42810614827327015,0.847007736161814,0.45291359112637125
3381,REG2021EEE03381,2021,EEE,REGULAR,-0.493357969058513,0.09000028297732356,-0.3719472646945709
3382,REG2023ECE03382,2023,ECE,LATERAL_ENTRY,0.6908871287623843,0.4203784290865348,-0.5695871087924915
3383,REG2020CE03383,2020,CE,REGULAR,1.7059568902427267,-0.8245859718761545,0.7238463732552615
3384,REG2023CSE03384,2023,CSE,LATERAL_ENTRY,-0.11555555386677474,-0.41271927919476437,-1.7227224815653555
3385,REG2021CE03385,2021,CE,REGULAR,0.03211545543232061,1.0876069851989536,0.762063873862598
3386,REG2021CE03386,2021,CE,REGULAR,1.9212374170896127,0.21421930914327358,0.3699573851862049
3387,REG2023CE03387,2023,CE,REGULAR,-0.702554941805118,1.7576034920447288,-0.3810961427315063
3388,REG2021CSE03388,2021,CSE,LATERAL_ENTRY,-1.4767344361881212,-0.2715207567240169,0.8474082354216742
3389,REG2021CE03389,2021,CE,REGULAR,-0.8097605415999324,-0.8054016700655807,0.020271892122288065
3390,REG2023EEE03390,2023,EEE,REGULAR,-1.5322217872403114,0.9502316923585495,-0.6800125236415226
3391,REG2023CSE03391,2023,CSE,REGULAR,-0.9646575888950566,-0.16508266237098573,2.4254125918038927
3392,REG2022CSE03392,2022,CSE,REGULAR,-0.07912222238450871,-0.11718523125540506,0.46605124887054655
3393,REG2023CE03393,2023,CE,REGULAR,-1.030286402586011,-1.6221655692081127,-1.87495239887418
3394,REG2021EEE03394,2021,EEE,LATERAL_ENTRY,-0.3430535277996466,1.3965978462231778,0.8601852107818442
3395,REG2022ME03395,2022,ME,REGULAR,0.2099260524129978,-0.632439038076175,0.5772056525279509
3396,REG2021EEE03396,2021,EEE,REGULAR,0.7204861082542877,-0.9045912137130739,0.9328287040921978
3397,REG2023ECE03397,2023,ECE,REGULAR,-0.6956454501201963,-0.9409359526428854,0.5321161341863817
3398,REG2020ECE03398,2020,ECE,LATERAL_ENTRY,1.2158735621989807,-0.3053494215712074,-1.0542252860029182
3399,REG2020CE03399,2020,CE,REGULAR,0.7974841151321669,0.013978623619684896,1.2498965025459863
3400,REG2022CE03400,2022,CE,REGULAR,-0.9445876907683204,-1.0786519924510842,0.8332556325987533
3401,REG2021ECE03401,2021,ECE,REGULAR,-0.8051319883859205,-0.25981653389290366,-0.29444944702490183
3402,REG2020EEE03402,2020,EEE,REGULAR,0.5506149637757695,-0.36994417856372275,0.3149101318319002
3403,REG2021CSE03403,2021,CSE,LATERAL_ENTRY,1.2084137244324658,-0.8984753858828899,-1.3375703572768314
3404,REG2020ECE03404,2020,ECE,REGULAR,0.6357411323709923,2.291127246494331,2.4215896423603676
3405,REG2022EEE03405,2022,EEE,REGULAR,-1.5706153347318386,-1.1629011377001146,1.0724252369221658
3406,REG2023ECE03406,2023,ECE,REGULAR,0.27685870707053206,0.17277775251935149,-0.1239957766522099
3407,REG2020ME03407,2020,ME,REGULAR,-0.4702011785812433,-0.9713187038461012,0.813259566870962
3408,REG2021ECE03408,2021,ECE,REGULAR,0.210961446276991,-0.8030730869573168,0.49661970491569296
3409,REG2020CE03409,2020,CE,REGULAR,1.0131470540263445,-0.7071878870177232,0.19303807467498793
3410,REG2020CE03410,2020,CE,REGULAR,0.3796486927813548,1.035130863583862,-0.43996535413558185
3411,REG2022CSE03411,2022,CSE,REGULAR,0.6211013877422089,0.6654944754208972,1.2782369230719093
3412,REG2021CSE03412,2021,CSE,REGULAR,-1.2465015731030542,2.2337624750976253,-0.31244642664601463
3413,REG2020CSE03413,2020,CSE,REGULAR,-0.048357308325206606,0.16342741123551757,-0.9107877831597694
3414,REG2022CSE03414,2022,CSE,REGULAR,-0.4116193335285746,1.4606014677494614,1.4761902785396457
3415,REG2023EEE03415,2023,EEE,REGULAR,0.4108458261054168,-0.05715057866706893,-0.7537590437461072
3416,REG2020CSE03416,2020,CSE,REGULAR,-0.8614551576732709,-0.7576889855965283,1.6148571698681955
3417,REG2022EEE03417,2022,EEE,REGULAR,-0.984427920527556,0.299287147941539,-0.05621681212847209
3418,REG2020ECE03418,2020,ECE,REGULAR,-0.09362778596860905,-0.5046319891835898,0.17818927202181598
3419,REG2021CSE03419,2021,CSE,REGULAR,-0.6626740519345098,0.992107421151511,-0.22134816838867843
3420,REG2020ME03420,2020,ME,REGULAR,0.5519693633849005,-0.09989757926648388,1.08504181797306
3421,REG2021EEE03421,2021,EEE,REGULAR,-0.551876051185797,-0.5621175920759395,0.873738818091332
3422,REG2023ME03422,2023,ME,REGULAR,-0.06457787865275445,-0.034202591431231416,-0.6949127775561155
3423,REG2020CE03423,2020,CE,REGULAR,-0.11898119144995101,-0.6453930945881101,-0.6896617174685151
3424,REG2023EEE03424,2023,EEE,REGULAR,0.1332382865864439,-1.2448715514454882,0.07965422339253156
3425,REG2021ME03425,2021,ME,REGULAR,-0.24936783834808848,-1.1300003760924564,-0.6339879499669326
3426,REG2022CSE03426,2022,CSE,REGULAR,0.878412979507654,-0.021882965085063183,-0.7037260562592106
3427,REG2021ME03427,2021,ME,REGULAR,-0.7941744284492098,-0.5527867751075789,0.40808037790953305
3428,REG2022ME03428,2022,ME,REGULAR,-0.09919946965654436,-0.23698483857274166,-2.052999804687201
3429,REG2023ME03429,2023,ME,REGULAR,0.22731379549231806,-1.0903921988074388,1.6133589290794836
3430,REG2022CSE03430,2022,CSE,REGULAR,0.8935422058891092,0.4165235447151714,0.1973684622346911
3431,REG2020CE03431,2020,CE,REGULAR,0.5631135271793231,1.0246964041062316,-0.4077968882030006
3432,REG2022CE03432,2022,CE,REGULAR,-1.4483559282207303,1.2958131758632485,-1.81359852946401
3433,REG2021EEE03433,2021,EEE,REGULAR,-2.0402294990853953,-0.09666282176479102,0.36312079833503397
3434,REG2023ECE03434,2023,ECE,REGULAR,0.4797983239969704,-0.7134700492892669,1.6554330809031192
3435,REG2022CE03435,2022,CE,REGULAR,1.2362517455768374,0.06828724872559469,0.3827202104647131
3436,REG2022ME03436,2022,ME,REGULAR,-0.2307261491361738,-0.7521047940965343,0.9048675092247521
3437,REG2021EEE03437,2021,EEE,REGULAR,0.7258123344200711,0.18105296854405661,-0.15498860228756448
3438,REG2022ME03438,2022,ME,REGULAR,-0.1450424301298647,-1.181386393400547,0.7472525563756606
3439,REG2021CSE03439,2021,CSE,LATERAL_ENTRY,-1.2764413352958714,-0.1319007827778658,-0.09711699946642763
3440,REG2023CSE03440,2023,CSE,REGULAR,-0.5180641706390695,0.05677333078079489,-0.9259613005146851
3441,REG2021EEE03441,2021,EEE,REGULAR,-1.2886117943651314,-1.4156140435920084,2.2816109693836917
3442,REG2023CE03442,2023,CE,LATERAL_ENTRY,-1.4103695772416978,-1.070346370480293,0.2836634016546075
3443,REG2021EEE03443,2021,EEE,REGULAR,-0.8791531990935461,-0.1350446018627742,0.801639716903692
3444,REG2021ECE03444,2021,ECE,REGULAR,0.6437340011921098,-0.8359397761665085,-1.6101697979934344
3445,REG2020EEE03445,2020,EEE,REGULAR,0.6559605521413735,-0.0015718073731942623,-0.4167054835910575
3446,REG2020CE03446,2020,CE,REGULAR,-0.3897621361164312,0.4016769289034601,2.5384934590617316
3447,REG2022ECE03447,2022,ECE,REGULAR,0.5332147536440942,-0.6941060813003287,-0.4513641732551218
3448,REG2021CE03448,2021,CE,REGULAR,0.37062376612547643,1.4500836507245265,1.3144120899610041
3449,REG2023CSE03449,2023,CSE,REGULAR,0.4928016369224837,1.5169432051679046,0.3591744686594919
3450,REG2021ECE03450,2021,ECE,REGULAR,-0.6837002867867954,-0.25240147201900065,-0.7013362526103881
3451,REG2020CE03451,2020,CE,REGULAR,0.8269884095111322,-0.6435927021155332,1.2925329656927895
3452,REG2020EEE03452,2020,EEE,LATERAL_ENTRY,0.4952862938893609,0.8518696335748305,-0.30937288875219576
3453,REG2022CSE03453,2022,CSE,REGULAR,-1.0966375086388196,-1.2225973479885914,0.5182752280363538
3454,REG2023ME03454,2023,ME,REGULAR,-0.5242889110312869,-0.9507966626942647,-1.1795619273125255
3455,REG2022CSE03455,2022,CSE,REGULAR,-0.33530084112344666,0.1211780256124466,1.4056251205951453
3456,REG2023EEE03456,2023,EEE,REGULAR,-0.06072590543883411,-0.7102471846665601,0.6430946388552329
3457,REG2022CSE03457,2022,CSE,LATERAL_ENTRY,-1.0608834215622855,-1.38928126862327,0.49738208669202055
3458,REG2020CSE03458,2020,CSE,REGULAR,0.032732477657032286,-1.4084233842060088,-0.49996249720863567
3459,REG2021ECE03459,2021,ECE,REGULAR,0.0299154251312936,-0.29852291580618057,-0.4941339084556417
3460,REG2022ME03460,2022,ME,REGULAR,-0.7763873718934172,-0.6186419820295285,-2.034113427279829
3461,REG2023CSE03461,2023,CSE,REGULAR,0.9687656021478318,0.16616418288734353,-1.140108860190293
3462,REG2023EEE03462,2023,EEE,REGULAR,-0.7989296253475275,-1.1428933344430572,0.21191779371540573
3463,REG2021EEE03463,2021,EEE,REGULAR,0.03499680600868976,-0.13364720160223859,-2.0246345541297863
3464,REG2021CE03464,2021,CE,REGULAR,0.20159229478072463,-0.5727054506520985,-1.5878325140338636
3465,REG2022CSE03465,2022,CSE,REGULAR,-1.2020033392056921,0.5794330929655631,0.7668608673967203
3466,REG2021CE03466,2021,CE,LATERAL_ENTRY,1.2856924464791224,-0.2847904542827663,0.17194140317400342
3467,REG2020ME03467,2020,ME,REGULAR,0.5675804506552077,-1.6650166320615098,-0.016138028535631798
3468,REG2021ME03468,2021,ME,REGULAR,-0.31709064581768276,0.8683078173776322,0.048473417086757446
3469,REG2020ME03469,2020,ME,REGULAR,0.4709670697851621,0.7349648157519848,1.733441339384263
3470,REG2020CSE03470,2020,CSE,LATERAL_ENTRY,0.23419415149820536,0.435946323899337,0.6673831031405686
3471,REG2022EEE03471,2022,EEE,REGULAR,0.42816803438433704,-1.5258412842082374,0.619044514270962
3472,REG2022CSE03472,2022,CSE,REGULAR,0.7225830981924504,1.4432835324486173,0.21265508171988973
3473,REG2022EEE03473,2022,EEE,REGULAR,-0.4858320963821477,-0.3985457330414953,0.2684633511159605
3474,REG2021ME03474,2021,ME,REGULAR,0.9980881914977882,0.7645790396989405,0.17640941567213667
3475,REG2023ME03475,2023,ME,REGULAR,0.8045003676773143,-0.16304891174674668,-0.3866149686112966
3476,REG2020EEE03476,2020,EEE,LATERAL_ENTRY,0.3760306635956959,-1.916300765997707,-0.034812314757952455
3477,REG2021ECE03477,2021,ECE,REGULAR,-0.31556769253452227,0.9465485277167827,0.3548181181783933
3478,REG2022ME03478,2022,ME,REGULAR,0.5903622081149453,0.34508618601508256,-0.9319911252835396
3479,REG2020EEE03479,2020,EEE,REGULAR,0.915529791724743,1.2640501705071647,0.4176751006519598
3480,REG2020EEE03480,2020,EEE,REGULAR,1.4809924041174929,-0.006603910483364725,-0.023843768136116463
3481,REG2023CE03481,2023,CE,REGULAR,0.29629536550366764,0.09473847583290661,0.38827425492643364
3482,REG2021ME03482,2021,ME,LATERAL_ENTRY,2.979854516737147,-1.3805710174469963,-0.23259923843548608
3483,REG2020EEE03483,2020,EEE,REGULAR,-0.53972679815177,0.14240486662813231,-0.5021078248296975
3484,REG2022CE03484,2022,CE,REGULAR,0.31017582718283815,0.8810133471652023,1.0859184115067195
3485,REG2021ME03485,2021,ME,LATERAL_ENTRY,-0.7722530708831956,-0.391178163635721,-0.5236855326768944
3486,REG2022CE03486,2022,CE,REGULAR,0.7316723266209116,1.2992046795392744,-0.6612936987993531
3487,REG2022ME03487,2022,ME,REGULAR,-0.7576978897437591,0.2770112029940243,0.808106279957503
3488,REG2022ECE03488,2022,ECE,LATERAL_ENTRY,2.154917869031592,1.2416511069935434,0.48713974487993383
3489,REG2021CE03489,2021,CE,REGULAR,2.367954058457647,-0.18899124366897713,-0.8329684675202987
3490,REG2023EEE03490,2023,EEE,REGULAR,1.3274299567492625,0.03091209665132714,0.1721173467308294
3491,REG2023ECE03491,2023,ECE,REGULAR,0.3058979758773683,0.27345626579644555,0.21592915101897484
3492,REG2022ECE03492,2022,ECE,REGULAR,0.16700477422757068,-1.9865271419775221,0.8326657578803606
3493,REG2023EEE03493,2023,EEE,REGULAR,-1.71374357412924,-0.46685541039991946,-0.3637845296098712
3494,REG2020ME03494,2020,ME,REGULAR,-0.7701191072317533,-0.7139529121595534,0.5451408795105409
3495,REG2023CSE03495,2023,CSE,REGULAR,0.3238392663274503,-0.9965284166185597,-1.3117204329106897
3496,REG2020EEE03496,2020,EEE,LATERAL_ENTRY,0.49187815057888806,-0.5824565446669256,0.30607963653084835
3497,REG2022ECE03497,2022,ECE,REGULAR,-1.2776120180371577,-2.000490862575225,0.8463721472327862
3498,REG2021CSE03498,2021,CSE,REGULAR,0.7225848110332054,0.25758174921043675,-1.3007350703873355
3499,REG2022CE03499,2022,CE,REGULAR,1.4470046175850602,1.2719183034223662,-1.2581972900269258
3500,REG2023CE03500,2023,CE,REGULAR,0.3327052943741829,1.0533102796418705,2.130104266320959
3501,REG2023CE03501,2023,CE,LATERAL_ENTRY,0.12989217029308803,1.0679592267360083,1.0576353199916007
3502,REG2021ECE03502,2021,ECE,REGULAR,-2.4335392731199232,-0.03836330690595214,1.252055091558079
3503,REG2020ECE03503,2020,ECE,REGULAR,1.5920027369828416,-0.8139486218500639,0.3376567976939641
3504,REG2023CE03504,2023,CE,REGULAR,0.41655376162904734,-0.9159978695561506,-0.052075163942980264
3505,REG2020CSE03505,2020,CSE,REGULAR,1.9306420024624773,1.0261759668603714,0.45267917616006303
3506,REG2021ME03506,2021,ME,REGULAR,-0.43044733867642976,0.9200138055422513,0.9091983490293388
3507,REG2023ME03507,2023,ME,REGULAR,-1.1755518955942148,0.4637796824630072,0.6359739396990048
3508,REG2020CSE03508,2020,CSE,REGULAR,-1.0898161034872262,-0.9582872030111941,-1.5925993936440683
3509,REG2023EEE03509,2023,EEE,REGULAR,-1.2552322034577534,2.09647620554557,2.3096836560642307
3510,REG2022CSE03510,2022,CSE,REGULAR,-0.449041941519135,-0.022333817718137108,-0.8737640927475011
3511,REG2022ECE03511,2022,ECE,REGULAR,-0.6542121157383459,0.4824182247247532,-0.9742095738891192
3512,REG2020ME03512,2020,ME,REGULAR,-0.45440651239148844,0.39667252654076907,-0.36594824722504005
3513,REG2021CSE03513,2021,CSE,REGULAR,0.7077411696428033,-0.94315322367288,-0.22142750309347226
3514,REG2020CSE03514,2020,CSE,REGULAR,0.3945067448208979,0.2629631636168223,-1.7132545216134494
3515,REG2021EEE03515,2021,EEE,REGULAR,-0.39364435910278517,2.3365722225571814,0.09074445220133684
3516,REG2023CSE03516,2023,CSE,REGULAR,-1.8520251731335842,0.33999354886518474,-0.5657281942053878
3517,REG2023CSE03517,2023,CSE,LATERAL_ENTRY,-0.8229486258623573,-1.4635031033044061,0.9626135747116324
3518,REG2021CSE03518,2021,CSE,REGULAR,0.04203903699723074,-0.23681784303685838,0.7132981766206321
3519,REG2023CSE03519,2023,CSE,LATERAL_ENTRY,-0.295201253102696,0.6145472376508676,1.1090994654767188
3520,REG2020CE03520,2020,CE,REGULAR,-0.10477201168153431,-0.6544457335513071,0.629476497114477
3521,REG2022ME03521,2022,ME,REGULAR,-0.3238180125248743,1.7593395350618295,0.9444875818473635
3522,REG2020EEE03522,2020,EEE,REGULAR,1.6121983174082761,-0.6770127186374348,0.7300360134867561
3523,REG2021CE03523,2021,CE,REGULAR,-0.7505968622627588,1.084604361456635,-0.514113023143628
3524,REG2022CE03524,2022,CE,REGULAR,0.1362829760539378,-1.1833941744295695,0.690094797602683
3525,REG2021CSE03525,2021,CSE,REGULAR,-0.7856072811244635,-1.564894919035778,-1.788388927204346
3526,REG2021CE03526,2021,CE,REGULAR,0.4493766390248095,-0.9287565596886601,-0.1381804933322729
3527,REG2020CE03527,2020,CE,REGULAR,1.5828800453236225,0.375182312451085,-0.5101250493637778
3528,REG2021CSE03528,2021,CSE,REGULAR,-1.1751619961278839,0.434971472673564,-0.12910270847372343
3529,REG2020ECE03529,2020,ECE,REGULAR,1.137453907923797,-1.7128076130966914,-0.4841605052685925
3530,REG2020ECE03530,2020,ECE,REGULAR,1.3899850432724048,-0.2747629760909964,-0.02876037551022778
3531,REG2020EEE03531,2020,EEE,REGULAR,-1.34000399502458,0.09730575190293085,-0.018306624706789416
3532,REG2021EEE03532,2021,EEE,REGULAR,-0.06021387961472527,2.0860051855221386,1.3374262538004262
3533,REG2021CE03533,2021,CE,LATERAL_ENTRY,1.7853391366968123,-0.8560010352744445,-0.35923655034770324
3534,REG2022CSE03534,2022,CSE,REGULAR,-0.5801452652155596,-0.49589815629597495,0.04130141786486448
3535,REG2020ECE03535,2020,ECE,REGULAR,1.7446550619086891,-1.524631319721042,-1.2052471644989584
3536,REG2020ECE03536,2020,ECE,REGULAR,-2.441915562924823,-0.8419765290621017,-0.44416742136371407
3537,REG2023ECE03537,2023,ECE,REGULAR,1.3346737841356766,-1.61542308289911,-1.1139541720979422
3538,REG2023CE03538,2023,CE,REGULAR,1.7210154744250474,-0.32928948400427754,-0.01605372954305363
3539,REG2021ECE03539,2021,ECE,REGULAR,0.4147279509224907,0.5048106236817225,-0.29473256929471026
3540,REG2020ME03540,2020,ME,REGULAR,-1.9354732461700666,-0.5437035681597352,-1.5550032836691179
3541,REG2022CE03541,2022,CE,REGULAR,-0.11124878102166337,-0.2507674246872151,1.9661042405839342
3542,REG2023CE03542,2023,CE,REGULAR,1.1463936755391384,1.2899972370292863,0.11050039274655195
3543,REG2023EEE03543,2023,EEE,REGULAR,0.9559468750943606,0.6681722881789728,-0.2734753280281471
3544,REG2021CE03544,2021,CE,REGULAR,0.19470243253995603,-0.021557033733795188,0.7474742120321414
3545,REG2023EEE03545,2023,EEE,REGULAR,-0.2307215412732177,0.8286168989062527,-1.3518351310403771
3546,REG2023EEE03546,2023,EEE,REGULAR,0.8613490221249572,0.3475157982269089,2.4320269751801242
3547,REG2023EEE03547,2023,EEE,REGULAR,0.005182484353656505,0.27545109836331355,-0.07825521553347335
3548,REG2023CE03548,2023,CE,REGULAR,-1.0180445374050637,-0.3124401417867776,1.9116989388605337
3549,REG2022EEE03549,2022,EEE,REGULAR,0.24088560019550218,-0.5535820109362976,0.10861135804182094
3550,REG2022CE03550,2022,CE,REGULAR,-1.1765479739412434,-1.0018987506741357,0.35972292514357795
3551,REG2022CE03551,2022,CE,REGULAR,-1.291796224330867,-0.30465870457762817,-0.5270810454007706
3552,REG2020ECE03552,2020,ECE,LATERAL_ENTRY,0.015079494992797477,1.2622413570734066,-0.6840835621600668
3553,REG2021EEE03553,2021,EEE,REGULAR,0.02188729131137335,1.2286758154369681,-1.5804423303659738
3554,REG2023ME03554,2023,ME,REGULAR,-0.23341482292397867,-0.5678931744748102,-0.5117222158330763
3555,REG2020ME03555,2020,ME,REGULAR,-1.5214329809143075,0.5325964876140653,-0.5472184402659728
3556,REG2020CE03556,2020,CE,REGULAR,1.7897907703084006,-0.36924389161575705,1.5908353339269714
3557,REG2022EEE03557,2022,EEE,LATERAL_ENTRY,0.195140049758993,-0.37832244799109405,-0.14511856333613612
3558,REG2023ME03558,2023,ME,LATERAL_ENTRY,-0.06695933390142567,0.6101335450879344,0.3421194201096571
3559,REG2022ME03559,2022,ME,LATERAL_ENTRY,-0.717282973015669,0.6602587067065493,-0.8860393883859076
3560,REG2020EEE03560,2020,EEE,REGULAR,-0.02238465649681007,-0.675039011419468,1.1974945165643633
3561,REG2020EEE03561,2020,EEE,REGULAR,0.08669457148553406,0.7429954109391514,1.5291010066732473
3562,REG2021CSE03562,2021,CSE,LATERAL_ENTRY,1.117520548774607,0.9460976488784196,1.7064585927974845
3563,REG2021CSE03563,2021,CSE,REGULAR,1.1616069404668121,1.0589280641174017,-1.5119852905682407
3564,REG2023EEE03564,2023,EEE,LATERAL_ENTRY,-0.413817636054196,1.386602455802502,1.4304174984022497
3565,REG2020ECE03565,2020,ECE,REGULAR,-0.6730019204499686,0.35403562721038845,-0.21145670935524988
3566,REG2021ECE03566,2021,ECE,LATERAL_ENTRY,-0.25241504518908536,-1.5952928806215314,-0.531949975672492
3567,REG2021CE03567,2021,CE,REGULAR,1.7888664942840682,-1.5865276436576432,-1.5659687963468298
3568,REG2022CE03568,2022,CE,REGULAR,0.7815181527137038,-1.219735606326348,-2.0035304194121597
3569,REG2021CSE03569,2021,CSE,LATERAL_ENTRY,-1.308035777360805,-1.7953282230512257,-1.218776233189182
3570,REG2021CE03570,2021,CE,REGULAR,-0.6999094117674,-1.3070082810896615,-2.493291514957522
3571,REG2020ME03571,2020,ME,REGULAR,0.0042221197585908,-3.0698400718388377,-0.04963373866944031
3572,REG2020CE03572,2020,CE,LATERAL_ENTRY,0.5510555079141456,-0.06650654530239258,-0.4653018388712632
3573,REG2021CSE03573,2021,CSE,REGULAR,-0.28803073943922103,1.383057398581605,-0.5118684010935176
3574,REG2022ECE03574,2022,ECE,REGULAR,1.5461085604314098,-0.5685393048890007,-0.2873588741496345
3575,REG2023CSE03575,2023,CSE,REGULAR,0.1253909718067383,-0.6081535516204094,0.11704103558126315
3576,REG2020EEE03576,2020,EEE,REGULAR,0.2438269266167647,-0.6770410173246515,-0.1730638331681045
3577,REG2022EEE03577,2022,EEE,REGULAR,0.6776827784191496,0.6069760923806689,1.451424324259031
3578,REG2023CSE03578,2023,CSE,REGULAR,-1.2012156441390893,-0.79360423322339,0.873942280471957
3579,REG2023CE03579,2023,CE,LATERAL_ENTRY,-0.3323459259382979,1.765530078710673,2.107631328702607
3580,REG2021EEE03580,2021,EEE,REGULAR,-1.141402351462523,-2.195717806608188,-0.573979793443263
3581,REG2021CE03581,2021,CE,REGULAR,0.8799875152999272,-0.6854355594395211,-0.4956604139187791
3582,REG2021ECE03582,2021,ECE,REGULAR,-0.8564195729613694,-0.16558750147603638,-0.597655628930756
3583,REG2022EEE03583,2022,EEE,REGULAR,0.46118452594414405,0.12294303138723488,-0.05259289099484313
3584,REG2020CSE03584,2020,CSE,REGULAR,-0.3283908375271743,-0.4756027518326039,-0.9392622443918538
3585,REG2020EEE03585,2020,EEE,LATERAL_ENTRY,0.8197274852317957,-0.05120632400216356,-0.0788588565444915
3586,REG2020CE03586,2020,CE,REGULAR,0.14395129287704847,0.4629199234278211,0.37057687156225677
3587,REG2023ECE03587,2023,ECE,REGULAR,-2.0721743729263586,1.0617385112074798,-1.1941166900196596
3588,REG2022CSE03588,2022,CSE,LATERAL_ENTRY,-0.13902812071358622,2.1435487613719655,0.3109404457666454
3589,REG2020EEE03589,2020,EEE,REGULAR,-0.09980671115393072,0.7453589747902679,0.13670532275726222
3590,REG2021CSE03590,2021,CSE,REGULAR,-0.053962660064733624,-1.4251709791337108,-0.18036924325855203
3591,REG2020CSE03591,2020,CSE,REGULAR,-2.520438470619065,0.016707384737974892,-1.82719593747126
3592,REG2022ME03592,2022,ME,REGULAR,-1.2209505709988706,-0.548853859632253,-0.4864926155454853
3593,REG2022ECE03593,2022,ECE,LATERAL_ENTRY,-0.6312703844998239,1.6469743826292353,-0.31525036312285104
3594,REG2020CSE03594,2020,CSE,REGULAR,-0.9177380816455876,0.10630716221332434,-0.796273028794336
3595,REG2023ECE03595,2023,ECE,REGULAR,0.6932723798411258,0.2501230629059395,0.9900599338124456
3596,REG2020ME03596,2020,ME,REGULAR,-2.360447499755531,-0.5011735332008286,2.7223109325816255
3597,REG2021ME03597,2021,ME,LATERAL_ENTRY,-0.031991096536398415,-1.076939252665135,-1.4306993716118372
3598,REG2021ME03598,2021,ME,REGULAR,0.10518365956392356,-1.1235103453834479,-0.29554480125901383
3599,REG2021EEE03599,2021,EEE,REGULAR,-1.542445083515727,-0.06008556737978037,-1.3837935308890936
3600,REG2020EEE03600,2020,EEE,LATERAL_ENTRY,1.2258790482242037,-2.1099078362694663,-0.28294497536435914
3601,REG2020ME03601,2020,ME,REGULAR,-1.2468305201432828,-1.7397453324806806,0.7813915011823453
3602,REG2020ECE03602,2020,ECE,REGULAR,-0.1236721460180847,-0.5627021657665037,-0.6573816578684561
3603,REG2020ECE03603,2020,ECE,REGULAR,-0.4734253397167225,-1.3403122689209055,-1.3413581845242166
3604,REG2023CSE03604,2023,CSE,REGULAR,-2.0919416725769833,-0.5198252221735387,0.18844008042075674
3605,REG2020ME03605,2020,ME,REGULAR,0.7560878806950055,2.58727145584531,-1.9762160643903117
3606,REG2022EEE03606,2022,EEE,REGULAR,-0.20110779528942632,0.849521986994124,-0.8667326706603131
3607,REG2022CE03607,2022,CE,REGULAR,-0.19321000094841478,0.8841996169144264,0.04903711378095517
3608,REG2022ME03608,2022,ME,REGULAR,-1.5709135756469907,0.8254521507811602,0.28719327787279425
3609,REG2020CSE03609,2020,CSE,REGULAR,0.4374746644216136,-0.4463327971520985,0.3762977791910654
3610,REG2021CSE03610,2021,CSE,REGULAR,-0.1990496153407668,-0.13537561153335706,1.8278721171737566
3611,REG2020ME03611,2020,ME,REGULAR,1.538847290469344,0.9112622830378235,-0.5234524298344567
3612,REG2022CSE03612,2022,CSE,REGULAR,1.2931480750212714,0.08735406861591015,-0.9207399664417357
3613,REG2020CSE03613,2020,CSE,REGULAR,0.5180192559756222,0.3428155766330055,-1.257791382344846
3614,REG2023EEE03614,2023,EEE,REGULAR,1.1861823494719967,-0.875750731227603,1.386390121317703
3615,REG2021EEE03615,2021,EEE,REGULAR,0.10173335480746218,-1.6740350047575745,-0.3554976481263554
3616,REG2023CSE03616,2023,CSE,REGULAR,1.7023432306833235,1.3036571644017645,0.28188005830670254
3617,REG2021CE03617,2021,CE,REGULAR,-0.2918493717963902,0.9881688897330232,0.2519995101601876
3618,REG2022ME03618,2022,ME,REGULAR,0.5575190722531147,-0.9196953187613095,0.6547472191614669
3619,REG2021EEE03619,2021,EEE,LATERAL_ENTRY,-0.05578622690702293,1.4601059062478021,-0.737015875785262
3620,REG2022ME03620,2022,ME,REGULAR,1.4387631124233622,-0.8783327991137351,1.9276880564908143
3621,REG2020EEE03621,2020,EEE,REGULAR,0.34535686073450617,0.010004445747878203,0.7813434393694474
3622,REG2022EEE03622,2022,EEE,REGULAR,-0.9305707077566631,-0.14393338401606803,-1.4381769033956318
3623,REG2021CSE03623,2021,CSE,REGULAR,-0.6821163359373542,0.21958575734134006,-0.2801919674382957
3624,REG2021EEE03624,2021,EEE,REGULAR,-0.8771929472488939,-0.39902793154992044,0.40043199385628025
3625,REG2020EEE03625,2020,EEE,LATERAL_ENTRY,-1.3815490588794384,-1.611717065618854,2.060826563902659
3626,REG2023CSE03626,2023,CSE,REGULAR,-0.5290246506387777,-0.18573676341849865,-1.1127640783210544
3627,REG2023ECE03627,2023,ECE,REGULAR,-0.2519696655467906,0.4542735002473084,-0.6428214143192982
3628,REG2021ECE03628,2021,ECE,REGULAR,0.1767533819900911,0.9014020901613844,-1.763723876486993
3629,REG2020ECE03629,2020,ECE,LATERAL_ENTRY,0.7812571909962575,1.1440926945412941,2.336746454024997
3630,REG2021CSE03630,2021,CSE,LATERAL_ENTRY,-0.7541921187951445,-0.17143526147808016,0.3393470113865225
3631,REG2022EEE03631,2022,EEE,REGULAR,-0.3765664856000874,-0.9808470466203956,1.1367630879047297
3632,REG2020ME03632,2020,ME,LATERAL_ENTRY,0.8491226024007282,-1.238286934985373,-0.46135198258649324
3633,REG2020CSE03633,2020,CSE,LATERAL_ENTRY,0.28908218618149595,-0.35854763411402885,-0.04193783081455354
3634,REG2022ME03634,2022,ME,REGULAR,-1.4683880988634812,-0.02642138428183185,-0.026414784657196985
3635,REG2023ME03635,2023,ME,REGULAR,-0.9992252288062643,-0.2518801358655672,0.7342435832860823
3636,REG2020CE03636,2020,CE,REGULAR,-0.8585336957421821,0.930129915945103,0.013381909786837494
3637,REG2021CE03637,2021,CE,LATERAL_ENTRY,0.971690726238144,0.48319092094831084,-0.5754968043154589
3638,REG2023ME03638,2023,ME,REGULAR,-0.3189299729500246,-0.7153375690946667,0.25223147991929806
3639,REG2021EEE03639,2021,EEE,REGULAR,-0.3172356502126091,2.1075931367856735,-1.0738631778357464
3640,REG2023CE03640,2023,CE,REGULAR,-1.4000619711077744,-1.323656732069987,0.38957958912817714
3641,REG2023ECE03641,2023,ECE,REGULAR,1.755905354109368,0.5727586956170508,-1.5506099091513503
3642,REG2023CSE03642,2023,CSE,LATERAL_ENTRY,0.9328971532456977,-1.6534105610591865,0.5032514745275087
3643,REG2022EEE03643,2022,EEE,LATERAL_ENTRY,-0.7228648046503318,0.7221643586571564,-1.2950551254051763
3644,REG2023ECE03644,2023,ECE,REGULAR,-1.5607682266966911,-1.14515780254648,0.2038307340527654
3645,REG2021ME03645,2021,ME,REGULAR,-1.2591564421407704,1.0592491568277567,0.10345193771048697
3646,REG2020EEE03646,2020,EEE,REGULAR,-0.5466576785786422,-0.05819651277981334,1.1963233278857164
3647,REG2022ECE03647,2022,ECE,REGULAR,-0.6693720916452528,0.11933637902614841,-1.090984495236458
3648,REG2021ECE03648,2021,ECE,LATERAL_ENTRY,-0.08727743833332116,0.12477857967741192,0.2578616172949595
3649,REG2022ME03649,2022,ME,LATERAL_ENTRY,0.7003694696476837,-0.3974591697846353,-0.47370913813461124
3650,REG2020EEE03650,2020,EEE,LATERAL_ENTRY,1.5520950076720532,-0.9314352901101262,-0.2597291173910833
3651,REG2022CE03651,2022,CE,REGULAR,0.8055164175122062,-0.703487215663686,-0.8678040112779463
3652,REG2023CSE03652,2023,CSE,REGULAR,0.8547979150407607,-0.9819895798429918,-0.28555688150627323
3653,REG2022ECE03653,2022,ECE,LATERAL_ENTRY,-1.5063804150608247,1.2821751596170599,1.012308847390478
3654,REG2022ME03654,2022,ME,REGULAR,-0.8070368578512126,0.6217581236782944,-0.8840250981794189
3655,REG2022ECE03655,2022,ECE,REGULAR,-0.36554958666681114,-0.4081966735302207,0.14448567124104786
3656,REG2021ME03656,2021,ME,REGULAR,-0.9239210771926485,0.2474722724529218,0.01631233934210837
3657,REG2023CE03657,2023,CE,REGULAR,0.5066156599231011,0.24400762964951944,-0.23219199489833087
3658,REG2020CSE03658,2020,CSE,REGULAR,-1.4822918233240703,1.9947339527082228,-0.6741189790132863
3659,REG2022EEE03659,2022,EEE,REGULAR,1.298010840085472,-2.3226461888929726,0.07233393603837522
3660,REG2023CE03660,2023,CE,REGULAR,1.0766064809804556,0.19627233844086328,1.312549194340226
3661,REG2020EEE03661,2020,EEE,REGULAR,2.38807837450993,-0.282448501560195,0.9288170187931283
3662,REG2022ME03662,2022,ME,LATERAL_ENTRY,-0.6672125933768445,-1.0871049874692014,-1.954891344598857
3663,REG2021CE03663,2021,CE,REGULAR,0.18869976233010707,0.49712765735620673,0.7627219933812449
3664,REG2022CE03664,2022,CE,REGULAR,-0.7777812114585814,-0.5521200515852117,-1.6311721302154552
3665,REG2021ME03665,2021,ME,REGULAR,0.3137461719931565,-0.6740208228231163,0.27208358373929276
3666,REG2022EEE03666,2022,EEE,REGULAR,1.4780327551149253,0.7856062406612739,1.0920202154355092
3667,REG2021ME03667,2021,ME,LATERAL_ENTRY,1.3426532450114794,1.8470672178884158,0.4108338077809825
3668,REG2020CE03668,2020,CE,REGULAR,1.4115117885397617,0.018099964323894817,-1.450418241232103
3669,REG2021ME03669,2021,ME,REGULAR,0.0006268318364188177,-0.06228182390564911,0.4779993874469378
3670,REG2023CE03670,2023,CE,REGULAR,-0.3375665886361984,2.244058511936747,0.07308213092744939
3671,REG2020EEE03671,2020,EEE,REGULAR,-0.1816864782254698,0.5514985299957589,1.4712621252058147
3672,REG2023EEE03672,2023,EEE,LATERAL_ENTRY,-0.6024938689130366,2.1272974137495684,-1.8454238848045357
3673,REG2022EEE03673,2022,EEE,REGULAR,-0.7550339959104986,1.8966040685739283,-0.04459867199522342
3674,REG2023ME03674,2023,ME,REGULAR,-0.7059851654989105,-0.348308395044006,0.1923689270375111
3675,REG2023ECE03675,2023,ECE,REGULAR,-0.11359692763474832,-1.010996960076007,0.01069331179648031
3676,REG2020CE03676,2020,CE,REGULAR,0.3544065674743389,-0.40573650163225167,0.49941460793906933
3677,REG2021ECE03677,2021,ECE,REGULAR,-0.47945941095045846,-1.0280678124641107,0.5020018890665597
3678,REG2020ME03678,2020,ME,REGULAR,-1.70686256219305,0.9411618657467511,-1.1883818721560526
3679,REG2022CE03679,2022,CE,REGULAR,-0.5539346838422423,0.7293697951297508,0.8876229633803967
3680,REG2021ME03680,2021,ME,REGULAR,-0.16066484837472153,1.5896615658433906,-0.1634989587288872
3681,REG2021CSE03681,2021,CSE,REGULAR,0.35215976323623555,0.53571874834145,-0.16415158480821837
3682,REG2020CSE03682,2020,CSE,REGULAR,0.6812562316208439,0.9894010636697103,0.9035713920356012
3683,REG2021ME03683,2021,ME,REGULAR,-1.1719209327168651,-0.5144780974176624,-0.7959547802024568
3684,REG2023ME03684,2023,ME,LATERAL_ENTRY,-0.7201020157788871,0.0653195493584684,-1.4985681304559393
3685,REG2023EEE03685,2023,EEE,REGULAR,-0.44977423019038104,-0.7790305264093323,0.7974667404742496
3686,REG2022ME03686,2022,ME,REGULAR,-1.692426913931632,-1.5028017113050698,-0.20013455422813764
3687,REG2021EEE03687,2021,EEE,REGULAR,-1.2485816890997645,0.20681636179140384,-0.6794195609428907
3688,REG2021ECE03688,2021,ECE,REGULAR,0.2905803478745374,-2.5280045890204903,-0.8341940938737827
3689,REG2023EEE03689,2023,EEE,REGULAR,-1.6503545041545293,-0.9820924068002156,0.13035720265710996
3690,REG2023EEE03690,2023,EEE,LATERAL_ENTRY,0.08488824152666716,0.3385944331158625,0.19365531663149269
3691,REG2020ECE03691,2020,ECE,REGULAR,0.055739773326367856,0.6647630897243628,-2.239322666564225
3692,REG2021CE03692,2021,CE,REGULAR,1.5443334869712346,-0.22676079665014462,0.6726128910898422
3693,REG2022ECE03693,2022,ECE,LATERAL_ENTRY,0.39775914421247055,0.18532165889781335,-1.60111738768568
3694,REG2021ECE03694,2021,ECE,REGULAR,-0.2566859399258801,-1.7435532044459714,-1.0958046527034282
3695,REG2023ECE03695,2023,ECE,REGULAR,-1.8515562917293436,-0.698171328474495,-0.7938154439952722
3696,REG2023ECE03696,2023,ECE,REGULAR,0.6511270606822913,-0.3789228935364889,0.53693709283693
3697,REG2023ME03697,2023,ME,REGULAR,-0.8966132689962005,-0.11702459765656072,0.12841378268016837
3698,REG2020CSE03698,2020,CSE,LATERAL_ENTRY,-0.1890100194903872,0.08434103219821125,0.8494562551043311
3699,REG2023EEE03699,2023,EEE,REGULAR,-0.24144306041634547,1.4046883313272998,-2.463886694684311
3700,REG2020EEE03700,2020,EEE,REGULAR,-1.9038895341252002,0.0254406820750314,-1.1624189639290536
3701,REG2021ME03701,2021,ME,REGULAR,0.8220484403720753,1.6619297703472755,-0.6386898406438029
3702,REG2020CSE03702,2020,CSE,LATERAL_ENTRY,0.4544055593214179,-0.4589573337942803,0.6286310017788237
3703,REG2020ME03703,2020,ME,REGULAR,-1.6223406408284906,-1.4338636526151392,-0.6892325721353322
3704,REG2020CSE03704,2020,CSE,REGULAR,0.26748740873384264,0.5591996034408749,-1.0540868798292014
3705,REG2023EEE03705,2023,EEE,REGULAR,0.32423730126634465,0.9457291126502332,0.6680008739414233
3706,REG2021ECE03706,2021,ECE,REGULAR,-0.45983156206462994,-0.7346751254506114,-0.2959206032814136
3707,REG2020ECE03707,2020,ECE,REGULAR,0.658548553730445,1.1942945702200611,-0.55860552883825
3708,REG2021ME03708,2021,ME,REGULAR,-0.4190255848402959,-0.5710189766585289,-0.9718572107264333
3709,REG2023CE03709,2023,CE,REGULAR,1.4042418905902314,-1.1618242978830002,1.1507752991009499
3710,REG2022CE03710,2022,CE,REGULAR,0.23733777412671386,0.8543173391737832,1.2917478507326312
3711,REG2023CSE03711,2023,CSE,REGULAR,2.5065498906524692,-0.34988942393163847,-0.019136481784908635
3712,REG2021ME03712,2021,ME,REGULAR,0.7019409772190264,0.9691829873622679,0.7335184624712162
3713,REG2023ECE03713,2023,ECE,REGULAR,1.0109611858611562,-0.7934614696311579,0.7773564295851174
3714,REG2022ECE03714,2022,ECE,REGULAR,-1.0969856920886971,0.01319719863403305,0.09676159683682146
3715,REG2023CSE03715,2023,CSE,LATERAL_ENTRY,0.5019934306743351,1.4407026919712949,-1.6758168102577338
3716,REG2021CE03716,2021,CE,REGULAR,2.3874963228742714,-1.0083106167918325,-0.7119029279398493
3717,REG2020ECE03717,2020,ECE,REGULAR,-1.2919415856276668,-0.8620970437447922,-0.7397023235293195
3718,REG2023CE03718,2023,CE,REGULAR,-0.8251981321533275,0.7789732914514368,-1.4853328709016493
3719,REG2022ECE03719,2022,ECE,REGULAR,0.9761876378871974,3.059706271084655,0.7787527857528446
3720,REG2023EEE03720,2023,EEE,REGULAR,-0.5439330475504653,1.0783867677061056,0.16302091323277582
3721,REG2021EEE03721,2021,EEE,LATERAL_ENTRY,-1.757133968368063,0.7624354671991704,-1.0018270177711681
3722,REG2023CE03722,2023,CE,REGULAR,0.8338719914296715,-1.6818144538663589,0.7252398504962689
3723,REG2021CE03723,2021,CE,REGULAR,0.3560225035862777,0.9594099968570928,-0.6466556335942929
3724,REG2020ECE03724,2020,ECE,REGULAR,-1.1234717190204166,2.1150516821422025,0.5083650441335016
3725,REG2023CSE03725,2023,CSE,LATERAL_ENTRY,-1.4883254135185378,-0.12916976316448395,-0.27723669854677996
3726,REG2022ME03726,2022,ME,REGULAR,-0.1366106534676014,0.09411541349923064,0.4844108812022122
3727,REG2023EEE03727,2023,EEE,REGULAR,-1.1848400604750189,0.47371502653892616,0.9467695460069344
3728,REG2022CE03728,2022,CE,REGULAR,-2.3307727820257185,1.575681897225293,0.7022043139226125
3729,REG2020CE03729,2020,CE,REGULAR,0.9561290412932575,-1.0208817019915097,0.7871490498965369
3730,REG2020EEE03730,2020,EEE,REGULAR,0.9020762444317644,-0.6515465769762155,0.7798745284307934
3731,REG2020ME03731,2020,ME,REGULAR,-0.1964474910457107,0.16827298131919224,-0.3026030234289217
3732,REG2021EEE03732,2021,EEE,REGULAR,-0.791786135965779,0.3929540631734413,0.559778494786625
3733,REG2022CSE03733,2022,CSE,REGULAR,-0.5845914456550211,-0.8440900609951246,1.7310983601060217
3734,REG2021CE03734,2021,CE,REGULAR,0.11789407276334242,0.35045472850934,-0.5423371518784242
3735,REG2021ME03735,2021,ME,LATERAL_ENTRY,0.4788045425211815,-1.7575523889478057,0.40389852387250513
3736,REG2020ME03736,2020,ME,REGULAR,0.08773933348733493,0.5727253193298222,-1.131089745168842
3737,REG2020ME03737,2020,ME,REGULAR,-0.513404135704601,-1.163463248037279,-0.7530408892764614
3738,REG2020CSE03738,2020,CSE,REGULAR,-1.191372370372549,0.695903219490632,1.7874210522016525
3739,REG2022ECE03739,2022,ECE,REGULAR,-0.3361874094461426,0.1921828250348399,-1.0722378065151503
3740,REG2022CE03740,2022,CE,REGULAR,-1.2991784069543628,0.687176406286206,0.7967662924936864
3741,REG2022EEE03741,2022,EEE,REGULAR,-0.9015281476102877,0.2935901139594668,1.1419564938691233
3742,REG2023ECE03742,2023,ECE,LATERAL_ENTRY,-0.15191009726067323,-0.7433600032981118,-0.4165796507360777
3743,REG2023ME03743,2023,ME,REGULAR,2.1357227571923354,-0.6675675005360322,-0.5061382560520149
3744,REG2021ECE03744,2021,ECE,REGULAR,-1.4053365191622977,1.0723887923273803,0.09423507839398602
3745,REG2021ME03745,2021,ME,REGULAR,-0.9002205238491575,-0.35862666504265517,0.48545813990871944
3746,REG2023CSE03746,2023,CSE,REGULAR,-0.8268183844523018,-1.226870117798026,1.0639974465778492
3747,REG2023CE03747,2023,CE,LATERAL_ENTRY,0.8532506845803646,-1.401233626293016,0.6245363395707166
3748,REG2023ECE03748,2023,ECE,REGULAR,-1.1921144457737456,0.5947414401459624,1.2026679606250972
3749,REG2022CE03749,2022,CE,REGULAR,-0.7375283651361643,-0.8675976587001362,0.07603661065410179
3750,REG2021ME03750,2021,ME,REGULAR,-0.8990068585442356,0.335118680827599,-0.3284675822833256
3751,REG2022CSE03751,2022,CSE,REGULAR,-0.35786878075326023,-0.22663047587631888,-0.019736803688362482
3752,REG2020CSE03752,2020,CSE,REGULAR,-0.3139708948156759,0.12573303078810188,-0.2968098042839185
3753,REG2023EEE03753,2023,EEE,REGULAR,2.111613218417973,0.5227667423667182,0.9252905496854981
3754,REG2020CE03754,2020,CE,REGULAR,1.3548929315218388,1.694430926901224,-0.10396035968912515
3755,REG2022CE03755,2022,CE,REGULAR,-0.7694293566330509,-1.3626817552560835,0.1396973296170067
3756,REG2022EEE03756,2022,EEE,REGULAR,-0.41200232638392265,-1.2156073567734818,-0.8175032998942169
3757,REG2023CE03757,2023,CE,REGULAR,-0.3714339586299144,0.17604968725227854,-1.0407420243948495
3758,REG2020ECE03758,2020,ECE,REGULAR,-0.05368166375321784,-0.12561996067613454,-0.31419727795685704
3759,REG2023EEE03759,2023,EEE,REGULAR,1.570295513321641,-2.4596671470716576,1.734148024184437
3760,REG2022EEE03760,2022,EEE,LATERAL_ENTRY,-0.6071529663023779,-2.1147648964521877,-0.25333374148674426
3761,REG2020CSE03761,2020,CSE,LATERAL_ENTRY,1.0088153550438954,-0.6170497881602497,0.9137407408368338
3762,REG2020CE03762,2020,CE,REGULAR,0.6763817197037947,1.2946333037401292,0.6025009698088679
3763,REG2020ECE03763,2020,ECE,REGULAR,0.5819938044171737,0.48936498527543776,1.1238932901712488
3764,REG2023EEE03764,2023,EEE,REGULAR,-1.1579956366942243,-1.9872108879668884,-0.4663290765702632
3765,REG2021EEE03765,2021,EEE,REGULAR,-0.0031775544728762884,0.3983060740135549,0.557611623058457
3766,REG2021ME03766,2021,ME,REGULAR,1.0399283774411603,-0.7554075404604715,-0.30389788593002803
3767,REG2020ME03767,2020,ME,REGULAR,0.17562771268226632,-1.5630386140675137,-0.7948070634171296
3768,REG2022ME03768,2022,ME,REGULAR,-0.3224206869029506,0.25434212693793284,-1.1412276775629304
3769,REG2022EEE03769,2022,EEE,REGULAR,-0.4416901044284806,-0.6458489882940185,-1.726803202706756
3770,REG2021ECE03770,2021,ECE,REGULAR,0.8216157522371632,-1.8316512287136264,-0.901103286984357
3771,REG2022ECE03771,2022,ECE,REGULAR,-0.5495445908100448,-0.0809879094021674,-1.2595627288697413
3772,REG2021CSE03772,2021,CSE,REGULAR,0.357192878994939,-0.6003566942635733,1.0162879427566356
3773,REG2022ECE03773,2022,ECE,LATERAL_ENTRY,1.390725929141431,-0.31611628063041075,-0.9661265231290901
3774,REG2023CE03774,2023,CE,REGULAR,1.7459036321856196,0.6871774750986485,0.2742150351301673
3775,REG2021ME03775,2021,ME,REGULAR,-0.3636812720778923,-0.45081028991117833,0.041138538762297845
3776,REG2022ECE03776,2022,ECE,LATERAL_ENTRY,2.494898079593644,-0.2919578398919327,0.5625518868304624
3777,REG2021ME03777,2021,ME,REGULAR,-1.109182064403771,-0.047061194071171035,-2.525006791173707
3778,REG2023ME03778,2023,ME,REGULAR,-1.7684087928006984,1.6113597933205999,0.40136750592223985
3779,REG2021ME03779,2021,ME,REGULAR,-0.23808456407769168,0.3752876226248898,1.6011825126237147
3780,REG2020CE03780,2020,CE,REGULAR,2.2462578469049146,0.3171805620498513,-1.0196811781611128
3781,REG2020CSE03781,2020,CSE,REGULAR,-0.6244184760156507,-0.5101864979160069,2.0411748660379403
3782,REG2022CE03782,2022,CE,LATERAL_ENTRY,1.428709157382663,-0.9084095134749577,0.2362171049562352
3783,REG2023CE03783,2023,CE,REGULAR,1.8379176146380507,0.44753677072977205,1.0301474617980426
3784,REG2022ECE03784,2022,ECE,REGULAR,-1.6098278467595266,-0.22090200885629788,1.422031622028446
3785,REG2020ECE03785,2020,ECE,LATERAL_ENTRY,0.34716303093212963,0.8150159164873207,-0.18498073919233968
3786,REG2020CSE03786,2020,CSE,REGULAR,-1.9260130668406117,0.20726875313021484,0.48514309564823804
3787,REG2020ECE03787,2020,ECE,REGULAR,-1.3068213411611485,1.7582721578752782,0.4402480302103979
3788,REG2020EEE03788,2020,EEE,REGULAR,-0.8233495383626358,0.5251129428858157,1.0419126041774782
3789,REG2020ME03789,2020,ME,REGULAR,1.6056901078208434,-0.8753235675910453,0.0728017943623093
3790,REG2022CE03790,2022,CE,REGULAR,1.7108085441143155,1.232918586677483,-0.33674303004789563
3791,REG2022ECE03791,2022,ECE,REGULAR,1.9615487232440085,-1.720783757644129,0.8964609201702426
3792,REG2023ME03792,2023,ME,REGULAR,0.7407879932719303,-0.6894817268234458,-0.16542856575429382
3793,REG2022CE03793,2022,CE,REGULAR,-0.4782180022203089,-0.7137189653740461,-2.1541315939199697
3794,REG2020CSE03794,2020,CSE,LATERAL_ENTRY,-0.16881583758221946,1.1892602561779086,0.20166584357132158
3795,REG2023ME03795,2023,ME,LATERAL_ENTRY,-1.5960515623958629,0.531918674094052,-0.7222032811214254
3796,REG2021ECE03796,2021,ECE,REGULAR,-1.4918924186619136,-2.3782596208849998,-0.336120598002291
3797,REG2020ECE03797,2020,ECE,REGULAR,1.1993745850804078,-0.4031538623979297,1.15315087644801
3798,REG2022ECE03798,2022,ECE,REGULAR,-1.341640976542342,-0.007968024861214118,0.31341205266384853
3799,REG2023ECE03799,2023,ECE,LATERAL_ENTRY,0.9032093341312314,-0.9369942289200422,0.45631305795869076
3800,REG2022CE03800,2022,CE,REGULAR,0.5414271305752031,0.44298172950685083,0.277138644765627
3801,REG2021ECE03801,2021,ECE,REGULAR,-3.0361781069594023,-1.6719237733955967,0.705941349751912
3802,REG2022CE03802,2022,CE,REGULAR,1.4203944947946792,0.10915994024393842,0.03640740664026957
3803,REG2022ECE03803,2022,ECE,REGULAR,0.7840896324124739,0.44817732718093745,-0.01295434828290414
3804,REG2020ME03804,2020,ME,REGULAR,0.5873557717532321,-0.052034430625044946,-0.6276671413290702
3805,REG2022ECE03805,2022,ECE,REGULAR,-0.47542522971599066,0.6129711219695407,1.161177701059641
3806,REG2022ECE03806,2022,ECE,REGULAR,-1.042105575754862,-0.2322700687387603,1.0324682831334389
3807,REG2020ME03807,2020,ME,REGULAR,-0.10391293402323216,1.338652625117742,-1.5902519042444776
3808,REG2022ECE03808,2022,ECE,REGULAR,-1.4507094548159754,1.229310691907974,-0.36229010397795286
3809,REG2023EEE03809,2023,EEE,REGULAR,-0.46107997435638975,-1.6342883799949988,-0.6594589432149472
3810,REG2023ME03810,2023,ME,REGULAR,-1.2015981118316312,1.5386218740262032,-0.9217650938009309
3811,REG2023ECE03811,2023,ECE,REGULAR,-0.767729142768612,1.445635046658087,-0.3235910712810315
3812,REG2022ME03812,2022,ME,REGULAR,0.5018943898606217,0.0687617508447828,1.0541831646373077
3813,REG2021CSE03813,2021,CSE,LATERAL_ENTRY,-0.516730437521854,-0.23313593254505174,1.4478577661513639
3814,REG2021ECE03814,2021,ECE,REGULAR,-0.27910585635994656,0.2650072720946241,0.5203880026212752
3815,REG2022EEE03815,2022,EEE,REGULAR,1.004522174790948,0.9199766424174479,-0.8000406804800874
3816,REG2023CSE03816,2023,CSE,REGULAR,-0.1157796114311449,-1.4375647167621368,-1.589903003422171
3817,REG2020CSE03817,2020,CSE,REGULAR,1.495024519636157,-0.12231037606927596,0.1425038986720126
3818,REG2020CE03818,2020,CE,REGULAR,0.26389251849658063,0.5760034500128405,1.8108732335944926
3819,REG2021EEE03819,2021,EEE,REGULAR,-0.01923508911892533,-2.3154453373656176,-0.554906869988666
3820,REG2023EEE03820,2023,EEE,REGULAR,-0.48984742313183643,0.4934823189718855,-1.468665526659181
3821,REG2021CSE03821,2021,CSE,REGULAR,2.516646555793866,-0.6842979794038673,-1.8155792897895147
3822,REG2021CSE03822,2021,CSE,LATERAL_ENTRY,-0.7753675845865745,-0.7713261415573625,-0.7619772317066479
3823,REG2021CSE03823,2021,CSE,REGULAR,0.38126914696797887,0.8181755254714744,0.40239116902820543
3824,REG2022ME03824,2022,ME,REGULAR,-0.12051837437919372,0.4634449381160623,0.07268946303543318
3825,REG2021CE03825,2021,CE,REGULAR,-0.46834868855944944,0.8215388173082104,-1.0758585618378669
3826,REG2021ME03826,2021,ME,REGULAR,-0.41145650976648196,-1.5730085426495004,0.0630776754292401
3827,REG2021CSE03827,2021,CSE,REGULAR,0.7565941185064321,-0.20478525760573577,1.2854869497089856
3828,REG2021ECE03828,2021,ECE,REGULAR,-1.204814340937455,-1.1705149301289088,1.0317619044996247
3829,REG2022EEE03829,2022,EEE,LATERAL_ENTRY,-0.037741796208600506,0.38595673625863275,-0.5900566735280575
3830,REG2021CSE03830,2021,CSE,REGULAR,-1.4798649055088138,0.4466665821901814,-1.593673125089101
3831,REG2022CSE03831,2022,CSE,LATERAL_ENTRY,0.39817878801530954,-2.064262272445422,-1.036171721587784
3832,REG2021CE03832,2021,CE,REGULAR,1.2783442016559303,-1.8229659266596239,0.40980944540442127
3833,REG2021ECE03833,2021,ECE,REGULAR,0.08892533051357349,-0.14099576452747964,-2.199574339488854
3834,REG2020EEE03834,2020,EEE,REGULAR,-0.9249415882099906,-0.2850136251807453,-1.9986110717180092
3835,REG2020EEE03835,2020,EEE,REGULAR,0.37338023492230876,-0.25712460979323837,0.3136047311824456
3836,REG2022CE03836,2022,CE,REGULAR,-0.2441749672458623,2.2114058643510512,1.236224747790713
3837,REG2023EEE03837,2023,EEE,REGULAR,-1.1795174566405118,0.1323090206885346,2.2083482643398704
3838,REG2021ECE03838,2021,ECE,LATERAL_ENTRY,-1.9109659355922048,1.0840642470071082,0.19002879407706721
3839,REG2023EEE03839,2023,EEE,REGULAR,-0.3990900985424667,0.30243154719963344,0.438875998563543
3840,REG2020ME03840,2020,ME,REGULAR,0.134728459770038,0.9799984632628076,-0.5538551561873253
3841,REG2023ME03841,2023,ME,REGULAR,-0.6866128183846327,1.622461156602609,1.7165633271123484
3842,REG2022CE03842,2022,CE,LATERAL_ENTRY,-0.9208340310733539,1.010370850190332,0.34087079134628084
3843,REG2022EEE03843,2022,EEE,REGULAR,0.550362439231904,-0.09919585716558511,-0.7613927066557417
3844,REG2023ECE03844,2023,ECE,REGULAR,-1.4108508912541708,-1.689635454447032,-0.5769852675470976
3845,REG2022CE03845,2022,CE,LATERAL_ENTRY,1.6152966716385595,2.03041629208066,-0.4318760465588382
3846,REG2020ECE03846,2020,ECE,REGULAR,0.44546092408622306,0.04819445448910635,1.7978739795210186
3847,REG2020EEE03847,2020,EEE,REGULAR,-1.199995580093643,-0.5111977985613847,0.4427533213091045
3848,REG2022ECE03848,2022,ECE,REGULAR,0.04191804023862554,0.7310375253855356,0.8524412648213425
3849,REG2020ECE03849,2020,ECE,REGULAR,-0.4310999895256928,0.7775497655241282,-0.11039990409904325
3850,REG2020EEE03850,2020,EEE,LATERAL_ENTRY,0.22237774893055606,-1.6641177558844114,-0.419130209940556
3851,REG2022ME03851,2022,ME,REGULAR,0.31574045109384286,0.07835053233308249,0.34068652480868356
3852,REG2021ME03852,2021,ME,REGULAR,0.16687021585048137,-0.6019367621890407,-1.0080045339099157
3853,REG2023CE03853,2023,CE,REGULAR,-1.072559970994274,-1.1064654836274361,-0.1793523936018766
3854,REG2022CE03854,2022,CE,REGULAR,-0.9794476170247225,-1.1945150389016288,2.3257203986927086
3855,REG2022CSE03855,2022,CSE,REGULAR,0.3461011449480532,-0.48474513068011094,-0.907714275187488
3856,REG2022EEE03856,2022,EEE,REGULAR,1.7284196662346876,-0.4382355480360761,1.1287461559446743
3857,REG2020EEE03857,2020,EEE,REGULAR,0.5580151256333936,0.0373247663870283,0.16509893557043223
3858,REG2023ME03858,2023,ME,REGULAR,0.3695938155047825,-0.42805178414858275,-0.8037581143300139
3859,REG2022CE03859,2022,CE,REGULAR,-0.7656786179842419,-0.7763640214625551,0.8145965765897881
3860,REG2023ECE03860,2023,ECE,REGULAR,0.4234158554251784,-1.0877357201232787,-0.5739021370441768
3861,REG2020EEE03861,2020,EEE,REGULAR,-1.1368711816344155,0.7471865901250933,-0.9999470267933823
3862,REG2022EEE03862,2022,EEE,REGULAR,1.3173839179398212,-1.0847564341588138,0.7731318638032247
3863,REG2022ECE03863,2022,ECE,REGULAR,-0.5737555504043761,1.9875341610233674,0.11804946668977435
3864,REG2022ME03864,2022,ME,REGULAR,-1.2169625768435195,1.590941358554105,-0.6603312628001163
3865,REG2023ECE03865,2023,ECE,REGULAR,-0.6153873097625132,-1.9102541812810507,0.5981746029905671
3866,REG2023CSE03866,2023,CSE,LATERAL_ENTRY,1.299181252629184,0.8033160427378291,-1.646241349106251
3867,REG2020CSE03867,2020,CSE,REGULAR,-0.44125560951006937,-0.8239751584107831,-0.5248106343369602
3868,REG2021CE03868,2021,CE,REGULAR,-1.3327707749297721,-0.7238117978770412,0.5926980809082311
3869,REG2022ME03869,2022,ME,REGULAR,1.0596986858041393,-1.1430913688343682,-0.4785905516305926
3870,REG2022EEE03870,2022,EEE,REGULAR,1.2031555599366837,0.5096838407462164,0.6078915092165353
3871,REG2022CE03871,2022,CE,REGULAR,-0.05072667649707912,0.35303638356506645,-0.06742899634275008
3872,REG2021ME03872,2021,ME,REGULAR,-0.7461437035383703,-1.6980919577970242,0.7749349594220498
3873,REG2023ME03873,2023,ME,REGULAR,0.8847058197228541,-0.1759091355515497,-0.5140741113005324
3874,REG2020ME03874,2020,ME,REGULAR,0.9489053703967205,0.4481387274067076,0.4207631976917133
3875,REG2020ECE03875,2020,ECE,REGULAR,-1.2315415473802107,-0.3963377171239139,0.09663180116422272
3876,REG2022EEE03876,2022,EEE,REGULAR,-1.3497762667606046,-0.5184356318775039,-0.5798551814633284
3877,REG2023ME03877,2023,ME,REGULAR,1.0175387312417188,-1.968511229328971,1.1272443424924565
3878,REG2023ME03878,2023,ME,REGULAR,0.35380878843840763,0.3806464279451594,0.45782402125066585
3879,REG2023CE03879,2023,CE,REGULAR,-0.430812740548882,-1.2580036163998234,0.429163993448813
3880,REG2022CSE03880,2022,CSE,REGULAR,-1.2681136379511289,-1.3140408319192651,-0.7738643362713578
3881,REG2023EEE03881,2023,EEE,REGULAR,1.4246753888730344,-0.789310232196503,2.763314672385596
3882,REG2021ECE03882,2021,ECE,REGULAR,-0.9340367825556467,0.5872903962039655,-0.31902066135092905
3883,REG2020EEE03883,2020,EEE,LATERAL_ENTRY,0.4395100188191182,0.19462857791741106,-0.7922759541714712
3884,REG2021ME03884,2021,ME,REGULAR,-0.41205226978492193,1.562668505230683,0.4782239401626234
3885,REG2022EEE03885,2022,EEE,REGULAR,-0.337749032701935,-0.798185893896966,-0.7322824104302025
3886,REG2020CSE03886,2020,CSE,REGULAR,-0.5532676586867606,4.147895050333843,-0.8231000094479985
3887,REG2023CSE03887,2023,CSE,REGULAR,0.05167018890043356,0.9921270387570604,-1.2567680144595086
3888,REG2020ME03888,2020,ME,REGULAR,-0.7774176421991921,-0.05447091709771335,-0.024902686362820503
3889,REG2023ECE03889,2023,ECE,REGULAR,-1.6817997978411705,-0.12772144021734488,-0.5194885149560845
3890,REG2021CSE03890,2021,CSE,REGULAR,-0.2106470673132337,0.31609675546062715,1.5645751121996672
3891,REG2022CSE03891,2022,CSE,REGULAR,0.23146158249877297,0.3097295030870087,-1.9327341425689386
3892,REG2020CSE03892,2020,CSE,REGULAR,-0.24991848483952864,-1.20430893253951,0.4230799603243528
3893,REG2021CSE03893,2021,CSE,REGULAR,0.612705966739795,-0.0847735695721163,-0.5893392580883285
3894,REG2023CSE03894,2023,CSE,REGULAR,1.6956486128307204,0.09479495967607107,-0.24747600804098666
3895,REG2023EEE03895,2023,EEE,LATERAL_ENTRY,1.0164799693863367,0.14028153294152532,-0.09356353831021388
3896,REG2020ME03896,2020,ME,REGULAR,-0.7198590091073341,-0.20952838151705544,-0.5900259690908214
3897,REG2023CSE03897,2023,CSE,REGULAR,-0.5328515408601846,-1.133006565781397,0.6942110429452255
3898,REG2020CE03898,2020,CE,REGULAR,-1.4485309420337003,-0.0815794387630938,1.1411486322279518
3899,REG2020ME03899,2020,ME,REGULAR,-1.9387999093815775,-1.1354441943371232,0.6424744465726187
3900,REG2023ECE03900,2023,ECE,REGULAR,-1.2715440721267672,-0.04917413002709046,0.34253098972959317
3901,REG2020ME03901,2020,ME,REGULAR,-0.5412944891384287,-0.22810468445151663,1.3170586779673645
3902,REG2023CE03902,2023,CE,REGULAR,-0.18173424485361891,-0.27483237805722727,0.3705020108280917
3903,REG2023CSE03903,2023,CSE,REGULAR,-0.7660804561469297,-0.6091360888575632,-1.4012540141997682
3904,REG2021ECE03904,2021,ECE,REGULAR,-1.5904302585192973,0.8710452931452174,-2.3819912731366584
3905,REG2023CSE03905,2023,CSE,REGULAR,-0.2450650870432607,-1.1020919555925588,0.1437374378208568
3906,REG2022ECE03906,2022,ECE,LATERAL_ENTRY,-0.4178235188093809,0.5919119062445883,-0.019153090401341374
3907,REG2020ECE03907,2020,ECE,LATERAL_ENTRY,0.005785114826653559,0.09011042923108632,-1.405676807704002
3908,REG2021ME03908,2021,ME,REGULAR,-1.536459703546122,-0.3166933337242733,1.3443490834259
3909,REG2022EEE03909,2022,EEE,REGULAR,0.06205826470539632,0.6482465433674083,0.17420134235907095
3910,REG2020ME03910,2020,ME,REGULAR,-0.39385053612312304,0.7585357401050976,1.2550102168635007
3911,REG2022EEE03911,2022,EEE,REGULAR,-0.66758289705895,0.41670781964097137,0.46012429163816976
3912,REG2021EEE03912,2021,EEE,LATERAL_ENTRY,-0.16679395237954375,1.3405391785455831,-0.47096396756124376
3913,REG2022CSE03913,2022,CSE,REGULAR,0.377723229935892,-1.047642486156631,0.1882420162805176
3914,REG2020ME03914,2020,ME,REGULAR,-0.563765816853309,0.8980791607716266,0.2072472817649218
3915,REG2023EEE03915,2023,EEE,REGULAR,1.1265178936857032,-0.9738661536932566,-0.1869715128172817
3916,REG2020CE03916,2020,CE,REGULAR,-1.4047652216670008,0.7463165225591263,0.7665037670055789
3917,REG2023CSE03917,2023,CSE,REGULAR,-0.879870404710092,-0.8003406320359496,1.530172055220521
3918,REG2022ME03918,2022,ME,REGULAR,1.4356771037997964,1.3686234226985106,-0.6945031613848099
3919,REG2021ME03919,2021,ME,REGULAR,-1.4747530064510297,-0.2379903088307421,-0.3039616277887284
3920,REG2021EEE03920,2021,EEE,LATERAL_ENTRY,0.6167768567167279,-0.7891681373287791,-1.278511501272209
3921,REG2021CE03921,2021,CE,REGULAR,-1.5654731623141587,0.8651320911599828,1.3293639912144088
3922,REG2022EEE03922,2022,EEE,REGULAR,1.47553895416861,-0.031573862656833825,-0.7878432005881694
3923,REG2021EEE03923,2021,EEE,LATERAL_ENTRY,0.2509863685807407,-1.7566462344073102,-0.12191575962225164
3924,REG2022ME03924,2022,ME,REGULAR,-0.7050974857287525,0.9287014719329582,0.9754923623803439
3925,REG2021EEE03925,2021,EEE,LATERAL_ENTRY,-1.5055713410196836,-0.26216392012514006,-0.3350378920183519
3926,REG2022EEE03926,2022,EEE,REGULAR,-1.1330751730921569,-1.486162274606616,0.4927193465670251
3927,REG2023EEE03927,2023,EEE,REGULAR,-0.45197363861273987,-0.5766858245748957,1.4241878100827314
3928,REG2020CSE03928,2020,CSE,REGULAR,-0.03289432644776374,-0.6098367206722215,0.7115968031001441
3929,REG2022EEE03929,2022,EEE,LATERAL_ENTRY,0.49232306391234126,2.4065258685822086,-2.3905578050202423
3930,REG2022ECE03930,2022,ECE,LATERAL_ENTRY,0.3994491421961073,0.14983905381468807,0.6765699283895829
3931,REG2022CE03931,2022,CE,REGULAR,-2.155890739226377,0.26618433113747114,-0.794064730343127
3932,REG2022CSE03932,2022,CSE,REGULAR,2.047768790586787,0.8466316210331553,0.4880127154018677
3933,REG2020ECE03933,2020,ECE,REGULAR,0.9839710477500608,-0.9127438381473463,-0.5312112986813364
3934,REG2022ME03934,2022,ME,REGULAR,1.1194577547152547,0.03400716946394476,1.9037302276465946
3935,REG2022ME03935,2022,ME,REGULAR,2.354711397744092,-0.5852068969036013,0.1451486961703552
3936,REG2021ME03936,2021,ME,REGULAR,-0.9448805011240154,-0.9353972599822935,0.8405676977916716
3937,REG2022CSE03937,2022,CSE,REGULAR,-1.1476626279477486,0.36882441224866147,0.7733416946447087
3938,REG2021ME03938,2021,ME,LATERAL_ENTRY,-0.4233774902357365,1.2281152937809285,1.1259303306340565
3939,REG2022CE03939,2022,CE,REGULAR,0.6121487543660803,-0.5421749228749163,-0.8105375611126893
3940,REG2023ECE03940,2023,ECE,REGULAR,0.6178910065626476,0.09705236291042144,-0.8470913093687211
3941,REG2023EEE03941,2023,EEE,REGULAR,-0.5767478254688776,-1.3583772685040414,2.257907698801984
3942,REG2020ECE03942,2020,ECE,REGULAR,2.247356908849594,0.5965416642044749,1.656114892880357
3943,REG2023ECE03943,2023,ECE,LATERAL_ENTRY,1.4025460222205832,1.2495949332371197,0.15163477940817363
3944,REG2020CE03944,2020,CE,REGULAR,-0.9425754319909965,-0.3224567662439455,-0.08303909315315218
3945,REG2022ECE03945,2022,ECE,LATERAL_ENTRY,-2.282280746754324,0.9978783061334139,-0.345725733438269
3946,REG2021CE03946,2021,CE,REGULAR,0.39480370488603606,1.3152901147477354,0.3360756059905912
3947,REG2020ME03947,2020,ME,REGULAR,0.13916846173262085,-0.710282037151078,-0.624714166853275
3948,REG2021ECE03948,2021,ECE,REGULAR,0.153427380385389,-0.7495462387472462,-1.655066114509862
3949,REG2021ECE03949,2021,ECE,REGULAR,-1.9398859788059604,0.05567430649672625,0.38334213970512815
3950,REG2022CE03950,2022,CE,REGULAR,1.703973771732034,0.9121147771056591,0.3150902334695747
3951,REG2020ECE03951,2020,ECE,REGULAR,-1.5933294071789548,0.5906651931206637,-0.41142870310733826
3952,REG2022CSE03952,2022,CSE,REGULAR,0.6940884647937279,0.21331812367117936,0.2495930973585804
3953,REG2020EEE03953,2020,EEE,REGULAR,0.05583069342144333,0.7336677785790328,0.4377508808361797
3954,REG2021CE03954,2021,CE,REGULAR,1.5589475318321446,-0.08628315189661892,-0.20651587377426675
3955,REG2021CE03955,2021,CE,REGULAR,-1.0659502819370918,0.9527075752575865,0.590259515372651
3956,REG2023ME03956,2023,ME,REGULAR,1.4746909362788017,-1.476451931247371,-0.40589908762096594
3957,REG2023ME03957,2023,ME,REGULAR,1.0865330331503797,0.12161980433785125,0.682599131262002
3958,REG2023EEE03958,2023,EEE,REGULAR,0.6320158384472817,0.7485724817361277,0.6568379831232731
3959,REG2022CSE03959,2022,CSE,REGULAR,-1.7566760634058711,1.0300271251789241,0.6160559459186172
3960,REG2020CE03960,2020,CE,LATERAL_ENTRY,-0.962792303461686,0.17541364182641137,0.3470662722002771
3961,REG2020CE03961,2020,CE,REGULAR,0.5304234639752379,-0.3983386226887527,2.0850296762606915
3962,REG2020CSE03962,2020,CSE,REGULAR,-2.289227264184065,0.5415829319994119,0.176212705638623
3963,REG2021CSE03963,2021,CSE,REGULAR,0.5506793226250375,0.8681754795558938,-0.725887583831994
3964,REG2020ME03964,2020,ME,REGULAR,0.2991956221800896,-0.1121019627410117,2.6366621114692643
3965,REG2023ME03965,2023,ME,LATERAL_ENTRY,-1.0292507031229927,-1.854844948055274,1.423943380764008
3966,REG2020ME03966,2020,ME,REGULAR,0.44865357145160856,-0.8806805686999404,0.6243868941981445
3967,REG2020ME03967,2020,ME,REGULAR,0.6578891343618591,0.09505707799052146,0.17414775800578922
3968,REG2021CSE03968,2021,CSE,REGULAR,-0.09307900935152867,-0.5252029346605784,0.37249554883118985
3969,REG2020CSE03969,2020,CSE,REGULAR,-0.7677174533650679,-0.12290973351843454,-0.11020375041304147
3970,REG2021CSE03970,2021,CSE,LATERAL_ENTRY,0.8668527291319673,2.412376653923846,-0.8845889468094964
3971,REG2023CE03971,2023,CE,REGULAR,0.4992584855816641,-0.5218834137050443,-1.1390566661397103
3972,REG2021ECE03972,2021,ECE,REGULAR,-0.1952945797961987,-1.0371946977668485,-0.41335029676045315
3973,REG2020ME03973,2020,ME,REGULAR,0.08358674262930679,-0.3080536730706866,1.198369010406861
3974,REG2021ECE03974,2021,ECE,REGULAR,0.9811478261603003,-2.333763907254147,0.6122769888067473
3975,REG2023ECE03975,2023,ECE,REGULAR,1.3782298466701495,1.0532871339523997,0.9062811201760208
3976,REG2023ME03976,2023,ME,REGULAR,-0.3118270528745533,-0.1300708412835327,0.8893179073293531
3977,REG2022EEE03977,2022,EEE,REGULAR,2.1217245555939606,2.012943379764975,-0.5345329946738723
3978,REG2021CSE03978,2021,CSE,REGULAR,1.2473421346646019,0.02336730058559567,2.018314904305884
3979,REG2022CE03979,2022,CE,REGULAR,-0.3240334108451713,-0.3656113189940691,-0.7344400000857142
3980,REG2021ME03980,2021,ME,REGULAR,0.7089682397369979,-1.0197365473416686,0.6957074159398469
3981,REG2021ECE03981,2021,ECE,LATERAL_ENTRY,0.34513930965405826,0.28601615539704284,-1.8201492150456389
3982,REG2021CE03982,2021,CE,LATERAL_ENTRY,1.1377530422910016,-0.07280683292011868,-1.6067183342213327
3983,REG2022CSE03983,2022,CSE,REGULAR,1.1079825110536439,-0.5157374727634081,-1.0411847851742944
3984,REG2023CE03984,2023,CE,REGULAR,0.6608481338784316,1.15423480489976,-0.12324193885113374
3985,REG2023ECE03985,2023,ECE,REGULAR,0.3140910312005339,-0.18192726352968525,-1.9654747341855676
3986,REG2023ECE03986,2023,ECE,REGULAR,0.8626472844452608,-1.1706792835036948,1.0182204292344588
3987,REG2022ECE03987,2022,ECE,REGULAR,0.5056310512531128,0.19250493701867427,0.6644002490290501
3988,REG2023ME03988,2023,ME,REGULAR,1.2266538650824201,1.2000455531706102,-0.27124473751674977
3989,REG2021CE03989,2021,CE,REGULAR,-0.3807958538356351,0.7444454732331404,0.7615828521273778
3990,REG2022EEE03990,2022,EEE,LATERAL_ENTRY,0.4226237175671739,-1.116887273779908,0.09583787796542467
3991,REG2021ME03991,2021,ME,REGULAR,1.1740610464215746,0.565774568191564,-1.22584443986832
3992,REG2021EEE03992,2021,EEE,REGULAR,0.4248560773823195,-0.30597561428164965,-0.1482675222853841
3993,REG2022CE03993,2022,CE,LATERAL_ENTRY,2.541765349870879,-1.2514716539027697,-1.7666122888360731
3994,REG2022CE03994,2022,CE,REGULAR,-0.7203335303278557,-1.0239529455465468,0.09658233469207957
3995,REG2020EEE03995,2020,EEE,REGULAR,3.296717537444139,-1.4469585215458134,-1.9767240766805607
3996,REG2021ECE03996,2021,ECE,REGULAR,-2.0747358221225483,0.14401170666942645,0.4341420240093177
3997,REG2023ME03997,2023,ME,REGULAR,1.4588275466785003,1.3278599275082155,-1.2310930592657698
3998,REG2021ME03998,2021,ME,REGULAR,0.32568309383772637,-0.6790973635694569,-0.1123231172015702
3999,REG2021CSE03999,2021,CSE,REGULAR,1.097925715235262,-0.25224735330835657,1.7416966520188921
4000,REG2021ECE04000,2021,ECE,LATERAL_ENTRY,0.533710058276787,-0.9052645394678434,1.1281251307292286
4001,REG2022EEE04001,2022,EEE,REGULAR,1.28876686695801,0.3354522504986103,0.07239206350463563
4002,REG2020CSE04002,2020,CSE,REGULAR,-0.5039473612613552,0.20163729403163613,-1.1272419983878157
4003,REG2022EEE04003,2022,EEE,REGULAR,0.251069560976945,-0.8053575966500807,-0.31684321911156244
4004,REG2021CSE04004,2021,CSE,REGULAR,-0.5005395085832681,1.1047763680558182,2.021714986154262
4005,REG2023ECE04005,2023,ECE,REGULAR,-0.8722740951353968,-0.16920973832562736,0.21678207171360697
4006,REG2021CE04006,2021,CE,LATERAL_ENTRY,-0.9804528959686019,-0.07801128822630118,0.6270286659192188
4007,REG2023EEE04007,2023,EEE,REGULAR,-0.9605035349648755,1.4324072576377531,0.5202820618006929
4008,REG2021ME04008,2021,ME,REGULAR,-2.8511678072466404,-0.5761545513551488,-2.7022422583615797
4009,REG2021CSE04009,2021,CSE,REGULAR,-1.4204411601518236,0.15421518307301632,0.3617609787629536
4010,REG2022CSE04010,2022,CSE,REGULAR,-0.04186669651633724,1.6348664354350901,-2.2604750131592444
4011,REG2022EEE04011,2022,EEE,LATERAL_ENTRY,0.6856162422128526,0.15424956318583552,-1.0203008539030132
4012,REG2020ME04012,2020,ME,REGULAR,1.950816508694874,0.28566514310508834,-0.10881519307257756
4013,REG2021ME04013,2021,ME,LATERAL_ENTRY,0.7751818291196712,1.2037105353950985,1.6068927004822113
4014,REG2023ECE04014,2023,ECE,REGULAR,-0.5452870705094125,-0.24304406264474712,1.4054286815359291
4015,REG2020CSE04015,2020,CSE,REGULAR,-0.03833347218847708,-0.4362313299493104,0.07934076276584918
4016,REG2021ECE04016,2021,ECE,REGULAR,0.3379981206959357,0.12738509982699775,-1.311758544475317
4017,REG2021ECE04017,2021,ECE,REGULAR,0.03492913375477897,-1.0149624132286816,0.47856454040038177
4018,REG2020CE04018,2020,CE,REGULAR,0.02140532153797481,-0.5143412605706125,-0.3586199493630518
4019,REG2021CE04019,2021,CE,REGULAR,-0.7369887848484384,-2.2776153067105995,-1.0246334053135078
4020,REG2020CE04020,2020,CE,REGULAR,-0.7761001409940655,1.2415385498218194,-1.0333799100428895
4021,REG2020CE04021,2020,CE,REGULAR,-0.4665075273501172,-0.4089155349199863,-0.6993188732566719
4022,REG2021EEE04022,2021,EEE,REGULAR,-1.1978537453259108,0.5234790540937814,0.03851311628527672
4023,REG2020CE04023,2020,CE,REGULAR,0.9684744231672682,0.7522414078026203,-1.372971581558587
4024,REG2022CSE04024,2022,CSE,REGULAR,-0.4076569684631906,0.5144274550226804,-0.45632805293510914
4025,REG2020EEE04025,2020,EEE,REGULAR,0.38199517290346824,1.478094818837572,-0.7822335176443129
4026,REG2022CE04026,2022,CE,REGULAR,0.2809920106994006,-1.0551016302666845,-0.41456386324869343
4027,REG2021ME04027,2021,ME,REGULAR,-1.7892347300963465,-2.304626667575456,0.5007822565169906
4028,REG2022EEE04028,2022,EEE,REGULAR,-0.28442122849818324,0.748120032251875,0.013655663837457525
4029,REG2022ECE04029,2022,ECE,REGULAR,1.286050103863426,0.5669802632671008,-1.664665985025513
4030,REG2023CSE04030,2023,CSE,REGULAR,0.29625193188996507,0.1262558727139327,-0.6128579946744072
4031,REG2020ME04031,2020,ME,LATERAL_ENTRY,0.2987553119881882,1.0694432755560228,-0.1902321072394553
4032,REG2020CE04032,2020,CE,REGULAR,-1.7600527801528132,-0.06026328058386053,-0.5102196738717701
4033,REG2020EEE04033,2020,EEE,LATERAL_ENTRY,1.0711551721116688,-0.49267158356909696,-1.2740516282886714
4034,REG2021CE04034,2021,CE,REGULAR,-1.2712510692697885,-0.2100872075744946,-0.6495575802725635
4035,REG2022ECE04035,2022,ECE,LATERAL_ENTRY,-0.23315086310366953,-1.3428825554154062,-1.7595929513669326
4036,REG2023EEE04036,2023,EEE,REGULAR,0.02856213366466,2.7859119139940556,0.9818219444386037
4037,REG2020ECE04037,2020,ECE,LATERAL_ENTRY,2.2785173159559986,-0.21438893197677833,0.047514634761288484
4038,REG2021CSE04038,2021,CSE,REGULAR,-0.9604169204092289,-0.7746013478853117,-0.9938252888572713
4039,REG2021ECE04039,2021,ECE,LATERAL_ENTRY,0.44974937118110486,0.7833533478212547,0.12863934918253633
4040,REG2023ME04040,2023,ME,REGULAR,1.4162719054838573,0.11767139777915904,-1.7955488116015894
4041,REG2020CSE04041,2020,CSE,REGULAR,-0.3251299983324292,-0.26578733689982614,1.1599622074410596
4042,REG2020CE04042,2020,CE,REGULAR,-0.6974991904168614,1.587375666946666,0.6651656439423783
4043,REG2023ECE04043,2023,ECE,REGULAR,-1.0116208319130646,0.2605732060304859,1.366029827277988
4044,REG2020ECE04044,2020,ECE,REGULAR,-1.956319821074563,-0.3960059346683209,0.2139423010789787
4045,REG2020CE04045,2020,CE,REGULAR,-0.08333147487540847,-1.6807878975523232,0.6219809940211398
4046,REG2020ECE04046,2020,ECE,LATERAL_ENTRY,-1.334828583078318,0.2055190728837138,-0.45450170084358993
4047,REG2020EEE04047,2020,EEE,REGULAR,0.35099959176972534,0.5539689256819401,0.33762153050386134
4048,REG2021ECE04048,2021,ECE,REGULAR,-0.02668113383841335,-1.8658857479785826,0.4875580051653644
4049,REG2023CSE04049,2023,CSE,REGULAR,0.8813483352429998,0.466938052563124,1.2811835564951748
4050,REG2021ECE04050,2021,ECE,REGULAR,-0.11984208327449479,-1.6915862561957624,-0.40677933761002455
4051,REG2020ECE04051,2020,ECE,REGULAR,0.2435408252130967,1.3966433875591446,-0.5341713413477687
4052,REG2020ME04052,2020,ME,REGULAR,-1.2348774776631997,-0.8377864907783265,1.7084177810813173
4053,REG2022ECE04053,2022,ECE,REGULAR,1.5932765056743545,-0.3870870333443783,1.413448735616474
4054,REG2022CE04054,2022,CE,REGULAR,0.4185108467888582,0.1865844744793248,1.1127162230231573
4055,REG2021ECE04055,2021,ECE,LATERAL_ENTRY,-0.7875615963342825,-0.06773563371306675,0.7144327744527936
4056,REG2022CE04056,2022,CE,REGULAR,-0.4578336501557658,-1.6992690809506257,-0.13603931261608013
4057,REG2021ECE04057,2021,ECE,REGULAR,-0.8168863934497188,0.5210617563176024,-0.529761913250804
4058,REG2023ECE04058,2023,ECE,REGULAR,1.0757848673533517,2.737700468240538,-0.45293633420083695
4059,REG2020CE04059,2020,CE,REGULAR,0.4139868269591313,-1.246070564039077,-0.5175416801267985
4060,REG2023CSE04060,2023,CSE,REGULAR,-0.49219101561942985,0.11682413939179016,0.08325648097841933
4061,REG2023CE04061,2023,CE,REGULAR,-0.924938412610673,0.8900758695201475,-0.22517211311245536
4062,REG2020ECE04062,2020,ECE,REGULAR,-0.6114512672429789,-1.109073072523648,0.15747618156846047
4063,REG2021ECE04063,2021,ECE,LATERAL_ENTRY,0.7165588133811139,-0.06935519910415595,0.1044665098303101
4064,REG2023EEE04064,2023,EEE,REGULAR,-0.14526759748162552,0.03164580185356812,0.7695246203986692
4065,REG2020ME04065,2020,ME,REGULAR,1.109970032284352,-0.6677327347803867,-0.9705260509107044
4066,REG2023ME04066,2023,ME,REGULAR,-1.2414435184630914,-0.4721804560838631,0.6992018335488428
4067,REG2021ECE04067,2021,ECE,REGULAR,0.8680546542277768,0.496701612242392,0.10797981288504269
4068,REG2021CE04068,2021,CE,REGULAR,0.4707532415477864,-0.13170025385990994,-0.5914882570709169
4069,REG2021CE04069,2021,CE,REGULAR,-0.8184213614743238,0.9489420515473626,0.08920923244101718
4070,REG2023EEE04070,2023,EEE,REGULAR,1.4808835912960665,-0.8767522314712319,0.9188046467023571
4071,REG2020EEE04071,2020,EEE,REGULAR,-0.18409543708741957,-0.9054170547503619,-0.16093494231504413
4072,REG2020EEE04072,2020,EEE,LATERAL_ENTRY,-0.32563323218112006,0.5667774688155444,-0.5467581480120538
4073,REG2020CE04073,2020,CE,REGULAR,-1.43715378981121,-1.276105673706229,0.37162963803304055
4074,REG2023ECE04074,2023,ECE,REGULAR,0.11069057054688558,0.3880746732863843,1.5584052226061684
4075,REG2022ECE04075,2022,ECE,REGULAR,2.3687164651947503,-0.2747844358000674,2.3836753807382025
4076,REG2023EEE04076,2023,EEE,LATERAL_ENTRY,1.4238836901560672,-1.435954978028016,-0.21506203606086322
4077,REG2022CE04077,2022,CE,REGULAR,1.0217252687600726,0.3375737334390134,-0.4030922897540097
4078,REG2020ME04078,2020,ME,REGULAR,0.0876251551699639,0.15068422885191396,-0.7690501075867064
4079,REG2022EEE04079,2022,EEE,REGULAR,-0.432976265242216,2.2584607961546443,1.2284664904235425
4080,REG2020CSE04080,2020,CSE,REGULAR,-1.4738408968097159,-0.5697116506539142,-0.4981188273548515
4081,REG2020ECE04081,2020,ECE,REGULAR,1.021658728197938,0.059654565007084104,-0.16306127972697482
4082,REG2023ECE04082,2023,ECE,REGULAR,0.7561151761751815,0.670167262130463,-0.03139593706602425
4083,REG2023CE04083,2023,CE,REGULAR,0.6288138283327617,-0.04950464606506815,0.8747546767096062
4084,REG2023ECE04084,2023,ECE,REGULAR,-0.3226077728016462,1.0394413922305916,0.29060469726179183
4085,REG2020ME04085,2020,ME,REGULAR,1.9825130636978765,2.392298383669758,0.7633194514331476
4086,REG2021CE04086,2021,CE,REGULAR,0.06842531120790343,0.21028456389522832,0.5380348391544619
4087,REG2020CSE04087,2020,CSE,REGULAR,-0.39429589003569016,-0.36327744536881734,0.697708114637183
4088,REG2021EEE04088,2021,EEE,REGULAR,1.3233640593707405,-0.1727817895593738,-0.19798436940665895
4089,REG2021ME04089,2021,ME,REGULAR,-0.5672353729328713,0.5453595164417959,-0.06940329429243772
4090,REG2021EEE04090,2021,EEE,REGULAR,1.7831713842103598,-0.8290804628397985,-0.34673924119512634
4091,REG2020CSE04091,2020,CSE,REGULAR,-1.7605683819687592,-0.05776470935555866,0.6509350032530206
4092,REG2023ECE04092,2023,ECE,REGULAR,-0.01296088428890537,-0.7002051861393083,-0.6492989028157524
4093,REG2020ECE04093,2020,ECE,REGULAR,0.8445823320314594,0.9426910313571608,-0.44573100991337417
4094,REG2022CSE04094,2022,CSE,LATERAL_ENTRY,-1.0016115239351977,-1.3099830361559428,1.5209347285857213
4095,REG2022ECE04095,2022,ECE,REGULAR,-0.6331322097304,0.19743114156823624,0.2950445672486496
4096,REG2021CSE04096,2021,CSE,REGULAR,-0.7873156222315935,1.111176302373768,-0.8098156386046926
4097,REG2023CSE04097,2023,CSE,REGULAR,0.34616582105478094,0.06839386063666252,1.5383949844382783
4098,REG2022CSE04098,2022,CSE,REGULAR,-0.12536698599750856,-0.3478324601385652,-1.7006278679744258
4099,REG2020ME04099,2020,ME,REGULAR,0.480660264005165,1.2076946630587495,0.9708196074171138
4100,REG2021EEE04100,2021,EEE,REGULAR,-0.9076454297898571,-0.8446214651010399,-0.1868153704650658
4101,REG2020CE04101,2020,CE,REGULAR,-1.540820838239643,0.2324286038002629,0.7150431070145676
4102,REG2020EEE04102,2020,EEE,LATERAL_ENTRY,-0.7011642221636102,-1.1052340683795763,0.858860697014663
4103,REG2020ME04103,2020,ME,REGULAR,0.6799686647978321,2.4257629980549185,-1.0245980464957776
4104,REG2020CE04104,2020,CE,REGULAR,-0.8927682428617922,0.6131119522797052,0.2911844484716422
4105,REG2021EEE04105,2021,EEE,REGULAR,-0.6852075616917427,-0.922595113620397,-1.393055612194807
4106,REG2021ECE04106,2021,ECE,REGULAR,1.0513996442549824,0.6062563405678479,-1.104364779357776
4107,REG2020EEE04107,2020,EEE,REGULAR,-0.4989275502582468,-0.26654975500488537,0.19530673985162098
4108,REG2023ECE04108,2023,ECE,REGULAR,1.9729911841782866,-0.3745634353706246,1.1609521024840483
4109,REG2020CSE04109,2020,CSE,REGULAR,0.8068584976064089,1.127471424009324,-0.6697747756685017
4110,REG2023CSE04110,2023,CSE,REGULAR,0.5227931332873682,0.7164553793160368,-0.8318077936161518
4111,REG2020ME04111,2020,ME,REGULAR,-1.4644482749692205,0.8839431209287274,-1.0589128180112783
4112,REG2022ME04112,2022,ME,REGULAR,0.8132769395477111,-0.5545040658474447,0.4985440316601284
4113,REG2023EEE04113,2023,EEE,REGULAR,-0.4364885253145266,-0.7998007574355133,0.44095777952297344
4114,REG2021ECE04114,2021,ECE,REGULAR,-0.7406241040888085,-2.876032282046417,-0.7285288762214843
4115,REG2021CSE04115,2021,CSE,LATERAL_ENTRY,0.6422919936033016,0.15839195575246848,1.303874145931379
4116,REG2023ME04116,2023,ME,REGULAR,-0.32853722208854036,-0.8811413088777623,-1.005712980422521
4117,REG2020ME04117,2020,ME,REGULAR,0.71373521966136,0.3279703904722328,0.962591982845802
4118,REG2021ME04118,2021,ME,REGULAR,0.5125995112727985,-1.9245938786319685,0.6079155485728651
4119,REG2022CSE04119,2022,CSE,REGULAR,-2.3276066070091983,0.45259612582547115,0.7473710730767994
4120,REG2021CE04120,2021,CE,REGULAR,-0.7856611930952911,-1.1211698157201273,-0.3998466440257348
4121,REG2022CSE04121,2022,CSE,REGULAR,0.7323653068043068,0.5722954753701535,-0.5612218268293419
4122,REG2022ME04122,2022,ME,LATERAL_ENTRY,1.3657102608873568,1.7306270394450654,0.662367553637271
4123,REG2021EEE04123,2021,EEE,REGULAR,0.4280144757658991,-1.6387936170798316,1.836572634028904
4124,REG2023CE04124,2023,CE,REGULAR,-0.95786539542868,-0.34390849218098474,0.39923817625149
4125,REG2023ECE04125,2023,ECE,REGULAR,-0.10930869658077089,0.37505281034510035,1.5377699538871124
4126,REG2021EEE04126,2021,EEE,LATERAL_ENTRY,-1.1913603509163007,0.6316708696348552,0.9995966729200259
4127,REG2021CSE04127,2021,CSE,REGULAR,-0.9344853483095023,1.375179057607244,1.873576393897136
4128,REG2021ECE04128,2021,ECE,REGULAR,-0.8934190858392855,-0.4202390748649771,1.1859082554298621
4129,REG2020ME04129,2020,ME,REGULAR,0.7282381073058656,-0.14215117360181917,0.8930678269867728
4130,REG2023ME04130,2023,ME,LATERAL_ENTRY,0.14765184053745017,0.9831680915696848,-1.16163595893045
4131,REG2023CSE04131,2023,CSE,REGULAR,0.42545683655139394,0.6196319629408847,0.07128556952650845
4132,REG2020EEE04132,2020,EEE,REGULAR,-0.37359604876801594,0.8803080262239731,-0.20859811407510392
4133,REG2023ECE04133,2023,ECE,REGULAR,-0.12057116299389203,0.21149203463191785,-0.12664751526933685
4134,REG2022CE04134,2022,CE,REGULAR,2.841823560917177,-0.13087916361449617,0.44602860966283314
4135,REG2022EEE04135,2022,EEE,REGULAR,0.7542896703992832,0.09739894606070588,-0.01775331852846646
4136,REG2020ECE04136,2020,ECE,REGULAR,0.8929229762916551,0.24677157145848805,-0.8915885335239649
4137,REG2022ME04137,2022,ME,REGULAR,-0.4839240117725786,0.3934430472833983,1.1508019570579198
4138,REG2021CE04138,2021,CE,REGULAR,0.08208825049054352,-0.42425687289727837,0.8076405808854908
4139,REG2020EEE04139,2020,EEE,REGULAR,-1.0103338502364385,0.6811620645961635,0.028199075720235417
4140,REG2022CE04140,2022,CE,REGULAR,0.7454953375768243,-0.46259833283959406,1.8662730762681674
4141,REG2021EEE04141,2021,EEE,LATERAL_ENTRY,-0.20256078470351496,-0.03379999957206004,0.18696909912287174
4142,REG2022ME04142,2022,ME,REGULAR,-1.0104861962046285,-0.9309744354432911,-0.4858382353014301
4143,REG2023EEE04143,2023,EEE,LATERAL_ENTRY,0.43318669538033927,-0.4856296769062161,1.5448452305293205
4144,REG2022ECE04144,2022,ECE,REGULAR,-1.0327409957357603,0.6431112985801718,0.21967224611500796
4145,REG2022ECE04145,2022,ECE,REGULAR,-0.6069569680151267,-1.3603312205866902,-0.9232731163163074
4146,REG2021ECE04146,2021,ECE,REGULAR,-1.3221282360503228,-1.2409214848171524,0.5614719778717568
4147,REG2020ECE04147,2020,ECE,REGULAR,0.18420844265114247,-0.889656483546141,1.1451880569815647
4148,REG2022CSE04148,2022,CSE,REGULAR,1.1627853918188706,2.252344795981425,0.3233486563033481
4149,REG2023ME04149,2023,ME,REGULAR,-0.10851762129813838,-1.3378588716006807,0.6327465191965413
4150,REG2021CSE04150,2021,CSE,REGULAR,-0.3790231557496025,-1.5614131712965467,-0.6629480894477537
4151,REG2021ECE04151,2021,ECE,LATERAL_ENTRY,-2.2151407708497026,0.09950985547971362,-0.9538348580781012
4152,REG2022ME04152,2022,ME,REGULAR,1.8766196445828447,0.5255087207345112,0.5497500952228326
4153,REG2022ME04153,2022,ME,REGULAR,0.3406284208920478,0.8912743434289978,0.597468116659135
4154,REG2020ECE04154,2020,ECE,REGULAR,0.008342529107693416,1.105842296600126,-0.4896648728931758
4155,REG2021EEE04155,2021,EEE,REGULAR,0.13729956810954286,0.6366871289428547,0.2996536572444504
4156,REG2021ECE04156,2021,ECE,REGULAR,-0.05767533118721418,-1.4998041644801012,0.3215518803464554
4157,REG2022CSE04157,2022,CSE,REGULAR,-1.3194621420146233,0.19860215984005244,1.795073656627562
4158,REG2022CSE04158,2022,CSE,REGULAR,-1.3315423718081452,-0.44393410169558084,0.16440354411484173
4159,REG2020EEE04159,2020,EEE,REGULAR,-0.4470299283059119,0.15359299051132466,-0.25489250888726406
4160,REG2022ME04160,2022,ME,LATERAL_ENTRY,-0.5378255895391083,-0.07707660097737244,0.48126121294580054
4161,REG2020ECE04161,2020,ECE,REGULAR,-0.7257477330874575,0.6184230507167665,-0.6697838773656236
4162,REG2023CE04162,2023,CE,REGULAR,0.7133302082462272,-0.3391773082823718,-0.08288919182234523
4163,REG2022CSE04163,2022,CSE,REGULAR,-0.8402254228726305,-0.2044892336664296,-1.762510532290005
4164,REG2023ECE04164,2023,ECE,REGULAR,0.8719529769393867,-1.9321044603945547,-0.28085729510071755
4165,REG2023CE04165,2023,CE,REGULAR,0.6563533649668873,-0.3234632481465546,-1.7547167800376948
4166,REG2023EEE04166,2023,EEE,REGULAR,-0.5145077867533621,-0.045672467001461346,-0.4331331093653666
4167,REG2021CE04167,2021,CE,LATERAL_ENTRY,0.8077357725400265,1.1487314149837036,0.009012362087999605
4168,REG2022EEE04168,2022,EEE,REGULAR,0.4846031286352233,-0.3179494507965076,-0.07695476929021253
4169,REG2023CE04169,2023,CE,REGULAR,-0.6880088148448377,-0.3060993933310847,-0.5806352797527065
4170,REG2021ECE04170,2021,ECE,LATERAL_ENTRY,0.9013767164289197,-0.09520111554106249,-1.2977140246150383
4171,REG2021ME04171,2021,ME,REGULAR,-0.4944926018821485,0.0376450650971495,-0.13613584886697372
4172,REG2020CE04172,2020,CE,REGULAR,1.9801543515313924,-0.25197966786436266,1.111224014401108
4173,REG2023CSE04173,2023,CSE,REGULAR,1.7150761274537012,-0.27041987705742676,-0.6449679117649062
4174,REG2020ECE04174,2020,ECE,LATERAL_ENTRY,1.3294317050943831,0.4334274626469134,0.02906011613592665
4175,REG2022ME04175,2022,ME,REGULAR,0.0029006248807657196,0.07711360290090409,0.8187288360195736
4176,REG2021ME04176,2021,ME,REGULAR,1.4226708322521013,-0.0292822561480185,0.04629587286022625
4177,REG2021ME04177,2021,ME,REGULAR,0.8066809042333004,-0.10686416480785614,-0.33092175024796683
4178,REG2020ME04178,2020,ME,LATERAL_ENTRY,1.3742163093412734,0.7237020339030581,0.6597418430381006
4179,REG2023CE04179,2023,CE,REGULAR,-0.546359118346482,0.03822987286340906,-0.5516986724444608
4180,REG2022ECE04180,2022,ECE,REGULAR,-0.6577181394184186,0.617838218879222,-1.9416940474929452
4181,REG2023CE04181,2023,CE,REGULAR,-0.9543797233026288,0.4155379938370026,1.0355650677774098
4182,REG2022EEE04182,2022,EEE,REGULAR,0.34463050463451084,-0.226644623566309,-0.6308550387124194
4183,REG2020CE04183,2020,CE,REGULAR,0.13505570478369083,0.9393630640715723,0.34337034979547504
4184,REG2021ME04184,2021,ME,REGULAR,0.7555049064655894,-1.6537523350828152,1.223173117718746
4185,REG2023EEE04185,2023,EEE,REGULAR,-1.5838955910878496,-1.1769198921315844,0.15591858605111167
4186,REG2022ECE04186,2022,ECE,REGULAR,-0.11597125276146363,-0.3249785941686678,1.1951854024030977
4187,REG2022EEE04187,2022,EEE,REGULAR,-1.0674169858886888,0.849381577377611,-0.3729585102131256
4188,REG2022EEE04188,2022,EEE,REGULAR,-1.1449082576389766,-0.0068539949014909144,1.1184694114433436
4189,REG2020ME04189,2020,ME,LATERAL_ENTRY,-1.256269144910345,-1.3047937736208417,-0.8991960960480192
4190,REG2021EEE04190,2021,EEE,REGULAR,1.1042145208197445,-0.01110259062283435,1.4043055051659388
4191,REG2021ME04191,2021,ME,REGULAR,1.2625801891613782,-0.5940808570382876,0.6900087582370844
4192,REG2022EEE04192,2022,EEE,LATERAL_ENTRY,-0.6611891326560946,1.669900546636963,-0.17144205018004974
4193,REG2021ECE04193,2021,ECE,REGULAR,0.002788696001866945,-0.13911947419317516,0.026381148868043245
4194,REG2021CSE04194,2021,CSE,REGULAR,-0.42560933873483586,1.057057168290192,-0.7606826864812379
4195,REG2023ME04195,2023,ME,REGULAR,-0.14457836594464157,0.19259317105993184,0.49044376240207893
4196,REG2023ECE04196,2023,ECE,REGULAR,-1.1908167133830003,1.7891373967611799,-0.45190853190720215
4197,REG2022ECE04197,2022,ECE,REGULAR,0.6808242091727538,0.05345216576063642,0.02801479195690148
4198,REG2020ECE04198,2020,ECE,REGULAR,-0.8264737179404995,-0.523461042504468,0.7038776469067247
4199,REG2021EEE04199,2021,EEE,LATERAL_ENTRY,1.552480373785073,0.2457850173811903,-1.1630991850510541
4200,REG2023CE04200,2023,CE,REGULAR,-2.0675233201984087,0.5795059819423658,-0.24486838393386814
4201,REG2020EEE04201,2020,EEE,REGULAR,-0.1603000165473523,-0.6573355157012702,-0.27499514544358067
4202,REG2023EEE04202,2023,EEE,REGULAR,1.1920325985342897,0.13196555660190523,1.059516990372666
4203,REG2021CE04203,2021,CE,REGULAR,0.32553420588185894,0.526559217917296,-0.8474073075538474
4204,REG2022EEE04204,2022,EEE,REGULAR,-0.025808888618631173,-1.724222857104935,0.5860804903131819
4205,REG2022ECE04205,2022,ECE,REGULAR,-0.3022300368019311,1.2903039360596666,-0.6422872151546583
4206,REG2022ECE04206,2022,ECE,LATERAL_ENTRY,-1.8042416476381968,-0.9443551412333039,0.12369569508961095
4207,REG2020CE04207,2020,CE,REGULAR,-1.6166864064114945,0.7212281920076732,-1.581195191279979
4208,REG2022CE04208,2022,CE,REGULAR,-0.48219347773586296,0.8189872752630003,-0.5022220995748643
4209,REG2023ME04209,2023,ME,REGULAR,0.4790770554974521,-1.1721730470264382,0.9680296071963479
4210,REG2021ME04210,2021,ME,REGULAR,2.3388229415282447,0.8348357375846623,-0.16283403955110465
4211,REG2023ME04211,2023,ME,REGULAR,-0.7607338467770106,0.2523982066520493,-1.1384625911543043
4212,REG2023EEE04212,2023,EEE,REGULAR,-1.8896977865979003,-0.5711700164371942,-1.2826966226103667
4213,REG2020CE04213,2020,CE,REGULAR,0.031061747459672547,-0.017384146528721015,0.8705130635554745
4214,REG2022ME04214,2022,ME,REGULAR,-0.5220601020484592,1.2375007025379259,-0.3790559956788136
4215,REG2023ME04215,2023,ME,LATERAL_ENTRY,-0.0608029818409991,0.7676713698411167,-0.21645383069223195
4216,REG2021CE04216,2021,CE,REGULAR,-1.0603398250581455,-1.2813330301857804,-1.1215917527347823
4217,REG2020CE04217,2020,CE,REGULAR,-1.3258060328618753,0.6762317976394673,0.10798934648344241
4218,REG2021ECE04218,2021,ECE,REGULAR,-0.5689963998455404,-1.1192152495740926,1.4590500460209415
4219,REG2023ECE04219,2023,ECE,REGULAR,0.034823605670767144,-0.2678283911336216,-1.8077192017126418
4220,REG2020CSE04220,2020,CSE,REGULAR,1.2884890830729645,0.21884269388573027,0.9543813304181675
4221,REG2023CE04221,2023,CE,REGULAR,-1.0206250405038206,-0.8160641884917624,-0.42035532657652597
4222,REG2023CE04222,2023,CE,REGULAR,0.9991495946171859,0.4313851184005227,-0.13917179601910046
4223,REG2020ECE04223,2020,ECE,REGULAR,0.6386715252601253,-0.08257737595348658,-0.8376318418692847
4224,REG2023CSE04224,2023,CSE,REGULAR,-0.040465729926508445,0.6310292023085858,1.6709168053710197
4225,REG2021ME04225,2021,ME,REGULAR,-0.0974033875722421,-0.3738096887456513,-1.0290389756921567
4226,REG2023CSE04226,2023,CSE,REGULAR,0.7193735610598704,0.30019523877250415,0.3209324851629384
4227,REG2022EEE04227,2022,EEE,REGULAR,2.0085057342887778,0.08081318460761375,-1.5172693973057967
4228,REG2022EEE04228,2022,EEE,REGULAR,0.9441934794130628,-2.1472017930564586,-0.768181231336283
4229,REG2020ECE04229,2020,ECE,LATERAL_ENTRY,0.07615901024625008,1.0594488394260166,-0.0785693474887933
4230,REG2023ECE04230,2023,ECE,REGULAR,-0.877727335322902,-0.268081108885498,-0.6424973548592735
4231,REG2023ME04231,2023,ME,REGULAR,-0.3970794402094839,-0.5813064019537125,-0.9745993055540371
4232,REG2023CE04232,2023,CE,REGULAR,1.557376998764244,-1.605207117877063,0.3131437255376883
4233,REG2020CSE04233,2020,CSE,LATERAL_ENTRY,1.8507736460120157,-1.7394928664515845,-0.5727141635652006
4234,REG2022ECE04234,2022,ECE,REGULAR,-0.7481288786064563,-0.5700439924170098,-2.110680847588415
4235,REG2021EEE04235,2021,EEE,REGULAR,0.5818812995760403,-1.3383765348357681,0.27764132753442305
4236,REG2020CSE04236,2020,CSE,REGULAR,0.865985332962196,-1.7940832391116053,-1.4167103089447146
4237,REG2021ME04237,2021,ME,LATERAL_ENTRY,-0.2329550134485338,-0.0570799031958977,-0.553646484550792
4238,REG2022CSE04238,2022,CSE,REGULAR,0.3132239910065639,1.0008030433825523,-0.7093589096424198
4239,REG2022CE04239,2022,CE,REGULAR,2.021193599580755,-0.2163003284635096,0.6951645831510663
4240,REG2022ME04240,2022,ME,REGULAR,0.015353451755977077,0.8804711054283936,-0.4326944606082731
4241,REG2022ECE04241,2022,ECE,REGULAR,-1.0923362979510105,0.1318177325967188,1.5511470813980184
4242,REG2022ECE04242,2022,ECE,REGULAR,0.7694573108029034,1.5366558287399776,-0.5615120214444915
4243,REG2020ECE04243,2020,ECE,REGULAR,1.1077805868969772,0.5085123406439142,-0.2692968706141016
4244,REG2022EEE04244,2022,EEE,REGULAR,0.48812903545922776,0.15358500003462883,-0.5727126798313026
4245,REG2023CE04245,2023,CE,REGULAR,-0.44110688765486483,-0.16638350168541371,-0.4416552446040044
4246,REG2021ME04246,2021,ME,REGULAR,-0.17937767213077158,-1.5056029163585969,0.07922877004354587
4247,REG2022ME04247,2022,ME,REGULAR,0.5104399780009937,0.3548565402577775,-0.5076678492097068
4248,REG2021EEE04248,2021,EEE,REGULAR,-0.27424350847644696,0.44946465197448,0.03624572732326077
4249,REG2020CE04249,2020,CE,REGULAR,-0.36704139608245534,-0.37404412439466284,0.5990917671149544
4250,REG2022CE04250,2022,CE,REGULAR,-0.7021934948906061,2.7038751925892255,1.385555582216974
4251,REG2022ECE04251,2022,ECE,REGULAR,-2.0305766118258752,-0.3390693946152719,0.2935258726116549
4252,REG2020EEE04252,2020,EEE,REGULAR,-0.1619587913100224,-0.04615654896216766,-0.2758916570468219
4253,REG2023ECE04253,2023,ECE,REGULAR,-1.1255196313167182,1.2082571406720397,-0.4581389059691063
4254,REG2020ME04254,2020,ME,LATERAL_ENTRY,-0.2045252836077054,-0.9218586799275783,0.9383913340595865
4255,REG2023EEE04255,2023,EEE,REGULAR,-0.07131789051481921,1.2429502030420623,1.172251512984841
4256,REG2023CSE04256,2023,CSE,REGULAR,0.5697833505344024,0.061770871376545564,-0.06119574110790367
4257,REG2023EEE04257,2023,EEE,REGULAR,-0.4798176140313472,0.16353370610282156,0.5358310171616424
4258,REG2020ECE04258,2020,ECE,REGULAR,0.7757478424264387,-0.43838577468587037,0.44214367920896724
4259,REG2022EEE04259,2022,EEE,LATERAL_ENTRY,-1.9131109389806655,-0.572403645531329,-1.1455232195037977
4260,REG2021ECE04260,2021,ECE,REGULAR,-1.3813128343946004,1.258194441193777,0.6454471810545677
4261,REG2021CE04261,2021,CE,REGULAR,-0.5698979194121059,-0.2869175759376756,0.31162882372473005
4262,REG2022CSE04262,2022,CSE,REGULAR,0.6943993421472374,0.2673913007974061,1.2867697563752534
4263,REG2021ECE04263,2021,ECE,REGULAR,0.7544658289351189,-1.5068016448352908,-0.21363030848538567
4264,REG2022ME04264,2022,ME,REGULAR,-0.9287833699834163,0.1015559856102445,-0.26812703062785004
4265,REG2020ME04265,2020,ME,REGULAR,-0.6400996517169069,-1.2187111007693654,-2.050139042555353
4266,REG2021ME04266,2021,ME,REGULAR,1.2671821317388838,1.2651988879529497,-1.2554680096924173
4267,REG2020CE04267,2020,CE,REGULAR,0.2932713754434303,-1.7313068096727535,0.359521062140472
4268,REG2023ME04268,2023,ME,REGULAR,-0.4002229523995679,-0.28900565805490175,2.191987381003528
4269,REG2020EEE04269,2020,EEE,REGULAR,-0.04435288060065447,1.1832109029451072,0.3367274840978863
4270,REG2021CSE04270,2021,CSE,REGULAR,-0.35431389674725505,0.5559970515714441,-0.3088646305731551
4271,REG2022EEE04271,2022,EEE,REGULAR,-0.9792147934743612,-0.4720274551606999,-0.40436628546340864
4272,REG2020ECE04272,2020,ECE,REGULAR,-1.338749741102591,-1.5698603005816048,-0.896925392044678
4273,REG2022EEE04273,2022,EEE,REGULAR,0.8779097977530019,-1.2321984663131045,0.25026173764547277
4274,REG2020CE04274,2020,CE,LATERAL_ENTRY,-0.9379224926030842,-1.688592200627407,0.7845362375298336
4275,REG2023CE04275,2023,CE,REGULAR,-1.9186761655227416,-0.5038754402029701,0.7117486399752095
4276,REG2020EEE04276,2020,EEE,REGULAR,-0.4273416121837854,-1.3451193311100536,0.49620389903074363
4277,REG2020CSE04277,2020,CSE,LATERAL_ENTRY,-1.637968225333258,-0.7248566756938344,0.03129148361077589
4278,REG2020ECE04278,2020,ECE,REGULAR,-0.6718672619928747,0.5323037768383855,-1.4133339664027331
4279,REG2020CSE04279,2020,CSE,REGULAR,-0.6718645076195995,-0.8135513073093346,-0.48832767680027656
4280,REG2023ME04280,2023,ME,REGULAR,-0.5134109244564404,1.3778796418184736,2.0079560958623213
4281,REG2021ME04281,2021,ME,REGULAR,-0.09417253955545139,-0.3227058998684365,-0.7999666467484103
4282,REG2022CE04282,2022,CE,REGULAR,-1.8775833652979093,-1.6111077573600283,-1.026153516920301
4283,REG2022CSE04283,2022,CSE,REGULAR,-0.23436602171943755,-0.5660097285200232,-1.3313494413752138
4284,REG2022ECE04284,2022,ECE,REGULAR,-0.2197437480218142,0.6460809376377292,0.48332067862588923
4285,REG2023ECE04285,2023,ECE,REGULAR,0.6957197008450764,-0.7680703554643681,-1.9835756781146474
4286,REG2022CE04286,2022,CE,REGULAR,0.4673311296456491,-1.2570530746434425,-0.2753225280871538
4287,REG2021CSE04287,2021,CSE,REGULAR,0.3556106029960117,1.8498621973867424,0.4476436401971237
4288,REG2023ME04288,2023,ME,REGULAR,-1.9822048854104144,-1.6123747040309508,2.5603954846995793
4289,REG2020ME04289,2020,ME,REGULAR,1.4545288689773865,-2.3103660883022696,0.2884164713787953
4290,REG2022ME04290,2022,ME,REGULAR,0.8424447008310508,1.017126792105105,1.8566360566350362
4291,REG2020CE04291,2020,CE,REGULAR,0.0474531160806478,0.999470201598114,1.209175597469766
4292,REG2022ECE04292,2022,ECE,REGULAR,-2.0632306019569393,-0.8599049331774803,-0.8418218031902239
4293,REG2021EEE04293,2021,EEE,REGULAR,0.2925984457408303,-0.07460538911875449,-0.03591040363842985
4294,REG2022CSE04294,2022,CSE,REGULAR,-1.0295645922271728,0.27127303010929316,0.9481500118021107
4295,REG2020CSE04295,2020,CSE,REGULAR,1.6051980152095255,0.795267212482204,1.2249814080558845
4296,REG2022ME04296,2022,ME,REGULAR,-0.9907135213880943,-1.1491989346880624,0.5179733762901655
4297,REG2020EEE04297,2020,EEE,LATERAL_ENTRY,-1.7144424755382626,1.1962484362498762,-1.200092888427668
4298,REG2020ECE04298,2020,ECE,REGULAR,0.7873383004385003,1.1672561626565265,-0.9840270467258534
4299,REG2023EEE04299,2023,EEE,REGULAR,-1.2741790157830006,-0.7926367439472988,-0.5555767668782052
4300,REG2021ME04300,2021,ME,REGULAR,-0.4519678481932752,0.34183032184610596,0.894657451692005
4301,REG2020CE04301,2020,CE,LATERAL_ENTRY,-0.13174264069731725,-0.3552898000160094,0.9566175028461738
4302,REG2021ECE04302,2021,ECE,REGULAR,-0.8362931307319059,-0.43093515700003,-1.092423129098757
4303,REG2021EEE04303,2021,EEE,REGULAR,-0.14470952760797803,1.6008608123314565,-0.20352421587153044
4304,REG2021ECE04304,2021,ECE,REGULAR,1.1747398570335101,0.9615401838992422,0.23067188264719166
4305,REG2021CSE04305,2021,CSE,REGULAR,0.20595410184210142,1.7629683942031156,-0.9316591427992701
4306,REG2020CSE04306,2020,CSE,REGULAR,0.4578250557951102,1.223709993212651,-1.1989233419597563
4307,REG2023CSE04307,2023,CSE,REGULAR,1.2652056916478573,1.5698933830756918,1.1261689091393843
4308,REG2021ME04308,2021,ME,REGULAR,-0.3362843674989955,1.0970534224750779,1.656642406436628
4309,REG2020CE04309,2020,CE,REGULAR,0.8154893322996768,0.16772404963795876,-0.47267389793993014
4310,REG2022ECE04310,2022,ECE,REGULAR,-0.11943788263706824,-0.005144527738227039,1.4762230044946574
4311,REG2021CSE04311,2021,CSE,REGULAR,1.2030338669097587,-1.2918771356553185,0.6899361792315373
4312,REG2023EEE04312,2023,EEE,LATERAL_ENTRY,0.9871681933074687,0.7804667886468013,-0.05949496648047176
4313,REG2023ECE04313,2023,ECE,REGULAR,0.31593100782932415,-0.39717987743452765,-0.38614202373853346
4314,REG2023CSE04314,2023,CSE,REGULAR,-0.05429371752190458,0.9429364077572585,-0.3278430410499731
4315,REG2022CSE04315,2022,CSE,LATERAL_ENTRY,-0.3292045633289162,-1.3082191978963706,0.9305107655361015
4316,REG2022ECE04316,2022,ECE,REGULAR,0.31140835118933086,-0.4192313788989148,1.388088236640302
4317,REG2021ECE04317,2021,ECE,REGULAR,-0.7527574968571061,0.810530762789549,-0.2540205661706743
4318,REG2021ECE04318,2021,ECE,REGULAR,0.5992628254007983,-0.6994895050506996,0.48052966252196005
4319,REG2023CE04319,2023,CE,REGULAR,-0.41205565476057665,0.7386080660934153,0.9183631149338709
4320,REG2023CE04320,2023,CE,REGULAR,0.557738828932371,-0.10798346674527037,0.14018003100159276
4321,REG2022ME04321,2022,ME,REGULAR,-2.690275631353535,-0.2722221717726958,-0.22425879143948552
4322,REG2021CE04322,2021,CE,REGULAR,0.669252564126162,-0.6832321086079146,1.1236285580930745
4323,REG2021EEE04323,2021,EEE,REGULAR,-0.8239318034408531,-0.08564528364546055,-0.45219226460212275
4324,REG2021EEE04324,2021,EEE,REGULAR,0.21326906594261347,0.0013533024656418784,-0.8284081072387683
4325,REG2020ECE04325,2020,ECE,LATERAL_ENTRY,0.4406625568120475,1.5006608494600309,-0.476098469442846
4326,REG2022EEE04326,2022,EEE,REGULAR,0.5627098375725612,1.4705815724192046,-0.055677312866689
4327,REG2021CSE04327,2021,CSE,REGULAR,-0.4237962824158636,-0.5212298773701094,-0.9564928417678186
4328,REG2023ME04328,2023,ME,REGULAR,-0.5357039346755033,0.8284934091069035,0.9592864070350874
4329,REG2021CSE04329,2021,CSE,REGULAR,2.199830133702082,0.027720182183276525,-0.42798793144603875
4330,REG2022CSE04330,2022,CSE,REGULAR,0.4371772747804524,-0.89396418540324,0.1859967761256674
4331,REG2022ECE04331,2022,ECE,REGULAR,-0.9416177655837017,0.5059343058207516,1.031018217042444
4332,REG2020CE04332,2020,CE,LATERAL_ENTRY,0.8745876458098074,1.6716594366486115,1.070882292171469
4333,REG2022EEE04333,2022,EEE,REGULAR,0.29677250708423497,0.7985681267484328,-1.0892244918732625
4334,REG2021EEE04334,2021,EEE,REGULAR,-0.0087895221227777,0.14594995715715203,-0.11690964900850807
4335,REG2022EEE04335,2022,EEE,REGULAR,1.79608512178758,-0.8748623906746194,0.15865661132826148
4336,REG2021CSE04336,2021,CSE,REGULAR,-0.4451419135785441,-0.3131523188529271,1.0871807910749942
4337,REG2021CSE04337,2021,CSE,REGULAR,-0.3234339340220389,1.4109514811386785,-1.2334335628753905
4338,REG2020ECE04338,2020,ECE,REGULAR,-0.2493849708586994,-1.3732883224676549,0.6195362087859823
4339,REG2021ECE04339,2021,ECE,REGULAR,-1.1700036864398629,0.6779632895993346,-0.05229713757100648
4340,REG2022CE04340,2022,CE,REGULAR,-0.3083784692336465,2.4738104537102488,1.753763584020699
4341,REG2022ME04341,2022,ME,LATERAL_ENTRY,0.8320022395786655,1.5838024071325443,-1.5349286413736518
4342,REG2020ECE04342,2020,ECE,REGULAR,1.3124121587968651,-0.7192801431286939,-0.7643883802912621
4343,REG2020CSE04343,2020,CSE,LATERAL_ENTRY,-1.2315136500324815,-0.3986818511545833,-1.197711067754512
4344,REG2023CSE04344,2023,CSE,REGULAR,0.4181540432253344,0.7843600740361452,0.12155713586255774
4345,REG2021EEE04345,2021,EEE,REGULAR,1.5818760934989877,1.2121067127178047,0.08186134108175565
4346,REG2022ME04346,2022,ME,REGULAR,0.3259636053279932,1.791700059654988,-0.5108932192376867
4347,REG2020CSE04347,2020,CSE,REGULAR,1.1886814550340055,-0.9024181459309779,-0.9973489879003351
4348,REG2023ECE04348,2023,ECE,REGULAR,0.45328921964135827,0.4002606230830512,0.9926781897778979
4349,REG2020ME04349,2020,ME,REGULAR,-0.6378040674775352,1.3350518667941367,-1.5881299259955441
4350,REG2020CSE04350,2020,CSE,REGULAR,2.141982640147936,-0.6846297971775508,-0.2620352218414382
4351,REG2022ECE04351,2022,ECE,REGULAR,1.9251131239369192,0.7888946307844868,1.2154705420797876
4352,REG2020CSE04352,2020,CSE,REGULAR,-1.2236692720607711,-0.02971385149615308,1.2610089907918465
4353,REG2020ME04353,2020,ME,LATERAL_ENTRY,0.352951432069085,-0.3211037903770391,0.7253385712512255
4354,REG2023ECE04354,2023,ECE,REGULAR,-0.47140274718301745,-0.2742728573382259,0.24377097228960842
4355,REG2020CE04355,2020,CE,REGULAR,2.002529521894005,0.8318333655074657,-1.151307777750659
4356,REG2020CE04356,2020,CE,REGULAR,-1.007908738895004,1.5730822075210518,-0.18923302850729032
4357,REG2022ECE04357,2022,ECE,REGULAR,-0.08155079508977878,-1.2972115391662733,0.16013489698287253
4358,REG2021ME04358,2021,ME,REGULAR,-0.5836255854546498,-1.842382028466416,-0.32588083360310477
4359,REG2021CE04359,2021,CE,REGULAR,-0.35376671425737294,0.40360244634903714,1.4517588076738706
4360,REG2022CSE04360,2022,CSE,REGULAR,-2.077220877075955,1.2587476574216843,0.5910505791592214
4361,REG2021EEE04361,2021,EEE,REGULAR,1.4803707499856724,-0.3606478574917862,-0.6933300023137564
4362,REG2023ME04362,2023,ME,REGULAR,0.7224091679624486,1.3575057230231635,-1.0826689602373538
4363,REG2021ECE04363,2021,ECE,REGULAR,0.5261335607146493,1.0138192368213195,-1.849190879703741
4364,REG2022EEE04364,2022,EEE,REGULAR,-0.31556736072366876,0.3836532997161949,1.7463568541143693
4365,REG2021CSE04365,2021,CSE,REGULAR,0.5416408017639912,-1.305488912123599,-0.3666875411870352
4366,REG2020EEE04366,2020,EEE,REGULAR,0.30918107698237374,0.2780921605635637,-0.30137275474038977
4367,REG2020ECE04367,2020,ECE,REGULAR,-1.474317884283255,-0.29984723749851216,-0.8600243839217877
4368,REG2021CSE04368,2021,CSE,REGULAR,-0.5076357477273576,-0.14369511766217447,-3.0531533648996607
4369,REG2023EEE04369,2023,EEE,LATERAL_ENTRY,1.914904504978405,-1.0824410437804357,-1.208351949495599
4370,REG2022EEE04370,2022,EEE,REGULAR,-0.6642809744743209,-0.42171185184350274,-1.5478404612786614
4371,REG2023CSE04371,2023,CSE,REGULAR,-1.0712182230107092,-1.6227065707438688,0.20712127707087358
4372,REG2022CSE04372,2022,CSE,REGULAR,0.18604771215121202,1.4416461833422005,0.2886096512984931
4373,REG2020CSE04373,2020,CSE,REGULAR,0.5924210073873069,0.7038073822515749,-0.47241214410834226
4374,REG2022CSE04374,2022,CSE,REGULAR,0.48878647378239914,-1.1157847113854849,0.02462598855679703
4375,REG2022ME04375,2022,ME,REGULAR,0.902916551413958,-1.029129678078305,-0.5043120335043169
4376,REG2023EEE04376,2023,EEE,LATERAL_ENTRY,0.07163127677616955,0.786860068735157,0.5904523007847245
4377,REG2020CSE04377,2020,CSE,REGULAR,-0.5128188094563433,-0.6826320220121218,0.3070275179293628
4378,REG2022ME04378,2022,ME,REGULAR,-0.3771557828112729,-0.6836904851242517,0.19902111276273202
4379,REG2021EEE04379,2021,EEE,REGULAR,-0.02999831495234657,0.7246117100951326,1.0560570233848479
4380,REG2021ECE04380,2021,ECE,REGULAR,-0.9225926312594953,-0.9888685733362548,-0.4064832669144875
4381,REG2023CE04381,2023,CE,REGULAR,-1.0949806181122828,-0.6535992851816712,-0.557775362518763
4382,REG2023EEE04382,2023,EEE,LATERAL_ENTRY,-1.1349741648992575,1.6484126076944867,0.7554617138709632
4383,REG2020CE04383,2020,CE,REGULAR,0.8331303283983444,-0.33779626305732835,0.14091087838694707
4384,REG2020ECE04384,2020,ECE,REGULAR,-0.42061934245602134,-0.219107162333627,0.06816710038658609
4385,REG2022CE04385,2022,CE,REGULAR,-0.7442747098740682,1.4234379234442338,-0.24125311871540903
4386,REG2023CSE04386,2023,CSE,LATERAL_ENTRY,-2.0487540284471115,0.08220433631370518,-1.9420122465327243
4387,REG2022CSE04387,2022,CSE,REGULAR,0.2151564208915537,0.12673148563790018,-0.9714339279224332
4388,REG2020CE04388,2020,CE,REGULAR,0.564514442494071,0.6950751080610454,0.17481734991455505
4389,REG2020EEE04389,2020,EEE,REGULAR,0.7341802319800231,-1.5869870002647386,0.5553549280524989
4390,REG2020CE04390,2020,CE,REGULAR,0.2774966961794649,1.5931062215029255,-1.0381069864610342
4391,REG2023CSE04391,2023,CSE,REGULAR,-0.8358835590428486,0.11530424049815623,-0.4671995148738041
4392,REG2020EEE04392,2020,EEE,REGULAR,-0.6382079064738281,0.5928848305272745,0.24719567387368102
4393,REG2020CSE04393,2020,CSE,REGULAR,-1.2084208326121881,-1.1274550043906715,-0.33020483107729315
4394,REG2020EEE04394,2020,EEE,REGULAR,-0.10335651471869607,0.7643002689639313,-0.6277386437387453
4395,REG2023EEE04395,2023,EEE,REGULAR,-1.0832392612057151,1.0158448669839886,0.008688129171636963
4396,REG2021ECE04396,2021,ECE,REGULAR,-0.7781627346831779,0.6526277560328521,-0.013719375245264606
4397,REG2022ECE04397,2022,ECE,REGULAR,0.8053661016207374,0.8478904944525848,-0.5334717451890099
4398,REG2021EEE04398,2021,EEE,REGULAR,0.7812913955303626,-0.387710579751621,-0.5799901019570649
4399,REG2023CE04399,2023,CE,REGULAR,0.11392074386513237,0.7707374977524811,0.178660832729574
4400,REG2020ECE04400,2020,ECE,REGULAR,-1.1071929552053092,-0.3581905005470362,-0.18556132913500595
4401,REG2022ME04401,2022,ME,REGULAR,1.4707029653410049,0.7325390353216314,0.9608706536483692
4402,REG2021EEE04402,2021,EEE,REGULAR,0.16660334763854637,0.33689236469544814,1.5788561203734834
4403,REG2023ECE04403,2023,ECE,REGULAR,-0.14996202289627097,0.6791921419241791,-1.1351601296858251
4404,REG2021EEE04404,2021,EEE,REGULAR,-0.31083914827499803,-0.12805117872967775,-1.5742096456021195
4405,REG2021ME04405,2021,ME,REGULAR,0.18809956615274828,0.5075128720823281,0.3958981069433685
4406,REG2020CSE04406,2020,CSE,REGULAR,1.384311753030786,-0.764332368880566,-1.2373215261798731
4407,REG2021EEE04407,2021,EEE,REGULAR,0.9412219317146497,-2.083906529208803,-0.12290229595588598
4408,REG2021ME04408,2021,ME,REGULAR,-1.0297174654671466,0.12100924319881162,0.3636726478389822
4409,REG2023CSE04409,2023,CSE,REGULAR,-0.6324441920639787,0.18661482607356927,0.22742126793771542
4410,REG2022CSE04410,2022,CSE,REGULAR,-1.0468579584583377,0.8863938975951133,-1.1371319509454654
4411,REG2020ECE04411,2020,ECE,REGULAR,-1.2513770301250424,1.0613960432687646,0.7971783484083358
4412,REG2020ME04412,2020,ME,REGULAR,-0.5919475625676713,-2.6700999790333615,1.0996748093942164
4413,REG2022CE04413,2022,CE,REGULAR,0.23001673775495812,0.36485122092911765,0.3242836248225476
4414,REG2023EEE04414,2023,EEE,REGULAR,0.13043955865550189,-0.6518187151163334,0.11587674255328372
4415,REG2022EEE04415,2022,EEE,REGULAR,-0.8247839900402458,-0.3975644529564495,-0.3649601826044765
4416,REG2021ECE04416,2021,ECE,REGULAR,0.0381529446046709,0.17772405795397242,0.7996376730107474
4417,REG2021ME04417,2021,ME,REGULAR,-1.509104909796774,1.681210939592827,0.5079255532797956
4418,REG2022EEE04418,2022,EEE,REGULAR,-0.5703806475999041,0.029432700419992814,1.8875513502558465
4419,REG2020ME04419,2020,ME,REGULAR,0.051707848191756965,1.0736414873768128,0.4529746550455394
4420,REG2021EEE04420,2021,EEE,REGULAR,-0.5645913928917426,-0.5075045619643784,0.4355644754036715
4421,REG2021CE04421,2021,CE,REGULAR,-0.019301475301826222,0.20434943003648348,0.43082977051459587
4422,REG2023ECE04422,2023,ECE,REGULAR,-0.6808432890249392,0.10319443608634743,-1.9177635997752938
4423,REG2023CSE04423,2023,CSE,REGULAR,-0.9679183200240504,-1.6123576309253735,-0.1465182790115405
4424,REG2023EEE04424,2023,EEE,REGULAR,0.6186085476102836,0.28114325269156065,-0.9895804037291447
4425,REG2020ME04425,2020,ME,REGULAR,1.2444997498059318,0.8886628197703732,0.6898322710184597
4426,REG2021EEE04426,2021,EEE,REGULAR,1.112866277661617,-0.37118585265837206,1.1091282838962613
4427,REG2022ECE04427,2022,ECE,REGULAR,-0.8199208001745127,-0.5330489004962988,-0.11657884527973678
4428,REG2020ME04428,2020,ME,REGULAR,-0.9477328298858384,0.5473126738667212,0.2247659271403471
4429,REG2022CSE04429,2022,CSE,LATERAL_ENTRY,1.8641468989392433,-2.446258179915583,1.133204717761554
4430,REG2020ME04430,2020,ME,LATERAL_ENTRY,-1.2896007746073543,0.6084361254683593,-0.05093543531601611
4431,REG2020CSE04431,2020,CSE,REGULAR,-0.34614182859741266,-1.89945525162808,-0.0017536548817415178
4432,REG2022CE04432,2022,CE,REGULAR,-0.748828625700889,-1.9712537091064803,-0.3996714592583262
4433,REG2021EEE04433,2021,EEE,LATERAL_ENTRY,-0.5907288248442353,1.5775161516575131,0.5837575882260555
4434,REG2023EEE04434,2023,EEE,REGULAR,-1.1210859587610038,0.23457001993653365,0.6010827381077641
4435,REG2021ECE04435,2021,ECE,REGULAR,-0.19108732441870616,-0.8960027018755283,1.218619344831492
4436,REG2021EEE04436,2021,EEE,REGULAR,1.7037006383837894,-0.6950507834175662,-0.7072477802632811
4437,REG2020CE04437,2020,CE,REGULAR,0.8601554100590405,-1.5891164182836328,-0.15492820364735516
4438,REG2022ME04438,2022,ME,REGULAR,-0.30155004203498564,-1.8943511954213832,-1.2933265588194252
4439,REG2023CE04439,2023,CE,REGULAR,1.611931505752672,0.3344833428249796,0.5927763635211716
4440,REG2020ME04440,2020,ME,REGULAR,1.6082160464089543,-0.37959188455924636,0.72125108877196
4441,REG2021CSE04441,2021,CSE,REGULAR,0.6982655364920956,0.043814192831760926,1.4507099241344232
4442,REG2021CE04442,2021,CE,LATERAL_ENTRY,0.7657805394802747,-0.43053977589764086,-0.08810488022517705
4443,REG2021CSE04443,2021,CSE,REGULAR,-0.8206235032895639,-0.1553440463671795,0.8770463644871782
4444,REG2023CSE04444,2023,CSE,REGULAR,0.43872924404538116,0.17306294909053835,-0.6740525153157869
4445,REG2020CE04445,2020,CE,LATERAL_ENTRY,0.22616135016361244,-1.3227853432197574,0.29434372778868734
4446,REG2020CE04446,2020,CE,LATERAL_ENTRY,0.8400771367809615,0.5756440309638933,0.392342816750988
4447,REG2023EEE04447,2023,EEE,REGULAR,-0.913538945615327,0.3656775661096029,1.0837975762442962
4448,REG2021CE04448,2021,CE,REGULAR,-0.390571405038059,-0.851999920855544,0.9392980033564944
4449,REG2022CSE04449,2022,CSE,REGULAR,0.12396856615548493,1.186494040066019,-1.1428681235315288
4450,REG2021CE04450,2021,CE,REGULAR,0.5734721369151443,-0.9403699477331879,0.22935805938499096
4451,REG2022ME04451,2022,ME,REGULAR,-1.1777139203281193,1.1612581733099088,-0.39791441861348287
4452,REG2021ME04452,2021,ME,REGULAR,1.0561305319991199,1.1436508108170804,0.5462407586133076
4453,REG2021ECE04453,2021,ECE,REGULAR,0.43535812704814747,0.5503036740090902,0.8910786773973972
4454,REG2023ECE04454,2023,ECE,REGULAR,0.34819882846444833,-1.5243590701971772,1.6956098601292395
4455,REG2020ECE04455,2020,ECE,REGULAR,0.14618734016760962,0.5621775260250088,-0.5932783511539199
4456,REG2021CSE04456,2021,CSE,REGULAR,0.2809088264360596,1.4645643604979646,-0.08092601168428296
4457,REG2020ECE04457,2020,ECE,REGULAR,-0.4290137116911507,0.4233170663071546,1.1384861465428586
4458,REG2023EEE04458,2023,EEE,REGULAR,1.63682960114411,0.5836341442633873,0.2288250976278471
4459,REG2022ECE04459,2022,ECE,REGULAR,0.030347524716023647,-0.5193433735857252,0.8841504918823457
4460,REG2021ME04460,2021,ME,REGULAR,-0.5886420123018562,-0.6753052143250893,-0.13229120314924112
4461,REG2020CE04461,2020,CE,REGULAR,-1.0148376261890482,-0.8195806064139468,1.9832418142218982
4462,REG2023EEE04462,2023,EEE,REGULAR,0.28253134709449573,-0.3413943742470701,1.236236706108769
4463,REG2021CSE04463,2021,CSE,REGULAR,0.20803199688177393,-2.458955619725699,0.09365887721495852
4464,REG2023EEE04464,2023,EEE,REGULAR,-0.973884186117414,0.588788877223153,-0.22431547522261966
4465,REG2023CSE04465,2023,CSE,REGULAR,-1.4387499030302693,0.33674382693297655,-1.7714596261398785
4466,REG2023ECE04466,2023,ECE,REGULAR,1.005436181507806,0.007618503386573995,0.8849807829023898
4467,REG2020CE04467,2020,CE,REGULAR,0.47763439100988486,-1.319728656149004,-0.1315940821633258
4468,REG2023ME04468,2023,ME,REGULAR,0.4266317859767969,-0.18472591197948338,0.538838703537096
4469,REG2022ECE04469,2022,ECE,REGULAR,0.2202970521953939,-1.4720798935095638,0.8271002185708735
4470,REG2021ECE04470,2021,ECE,REGULAR,-0.029039155857988674,0.22210628380417038,-0.0873981453288258
4471,REG2020EEE04471,2020,EEE,REGULAR,-2.0447015849075094,0.8423390063444206,-0.06838289371401578
4472,REG2021ECE04472,2021,ECE,REGULAR,-0.46742762810231303,1.3646468339934779,1.3618892530686975
4473,REG2020CE04473,2020,CE,REGULAR,-0.4901098254296866,0.7462342955485843,0.6274979767191466
4474,REG2020EEE04474,2020,EEE,REGULAR,-0.14093850158389237,0.058982721557375516,-0.23542885163879962
4475,REG2020CE04475,2020,CE,LATERAL_ENTRY,0.35205151095182724,-1.9666389327133549,-0.6070594848347454
4476,REG2023CE04476,2023,CE,REGULAR,0.5757492183166991,0.9298770958468389,0.5602598613329849
4477,REG2023ECE04477,2023,ECE,REGULAR,0.9858517790015056,-1.4129175994148724,0.25481921834699817
4478,REG2022CE04478,2022,CE,REGULAR,1.7160759463985173,-0.09912051915662319,0.4834947019642914
4479,REG2022CE04479,2022,CE,REGULAR,0.7803955945851846,-1.0254698443982602,1.8338247289999745
4480,REG2023ECE04480,2023,ECE,LATERAL_ENTRY,0.4995007969689037,0.7945447982133127,0.5064103413791371
4481,REG2020ECE04481,2020,ECE,LATERAL_ENTRY,-0.9876583295984417,-0.6822389947743331,-0.5049782350072989
4482,REG2021ECE04482,2021,ECE,REGULAR,-1.1188465181313738,-0.6044129087470321,0.20964938347225226
4483,REG2020ME04483,2020,ME,REGULAR,1.0145485379976305,-0.6386158865933148,-0.8926134990408563
4484,REG2021CE04484,2021,CE,REGULAR,0.04675098830684196,-0.6362153983515545,-1.8685862420277977
4485,REG2021ME04485,2021,ME,REGULAR,1.3448881020389312,-0.655115576454404,-0.6618550943636917
4486,REG2021CSE04486,2021,CSE,REGULAR,-0.35422229778063513,-0.0314218999039425,-0.659978731673013
4487,REG2022CE04487,2022,CE,REGULAR,-0.004970995718661238,-1.7019845106355689,-0.4942070488600552
4488,REG2022ECE04488,2022,ECE,LATERAL_ENTRY,0.9580151837326999,-1.1628304337043616,1.0807522768983595
4489,REG2022ECE04489,2022,ECE,REGULAR,0.8190855192396523,0.25069177577495333,-1.4659366256238662
4490,REG2021ME04490,2021,ME,REGULAR,-0.5427789794874188,1.1153860592652276,-1.138317668424555
4491,REG2022ECE04491,2022,ECE,LATERAL_ENTRY,-1.392319201352004,0.8351193134848532,-1.3310804289493534
4492,REG2020CSE04492,2020,CSE,REGULAR,1.5175609545221287,1.1531715635507414,-0.620752109768889
4493,REG2021EEE04493,2021,EEE,REGULAR,-0.2766007395255464,0.7408649162568266,-0.8457241179534425
4494,REG2022CE04494,2022,CE,REGULAR,1.022726845357996,-1.0026625215317715,-0.770361742239243
4495,REG2020CSE04495,2020,CSE,REGULAR,1.5462030518478607,1.120789914599576,0.45179957768872886
4496,REG2020ECE04496,2020,ECE,REGULAR,-0.6586182357396703,-0.30383373743449843,0.28012921456748574
4497,REG2022CSE04497,2022,CSE,REGULAR,0.5654481206678688,0.9359513048206425,-0.3717560675107281
4498,REG2020ECE04498,2020,ECE,REGULAR,1.0983801405090108,0.03196409124938665,0.17530005404552484
4499,REG2021EEE04499,2021,EEE,REGULAR,-0.16147281701833482,-0.31728491585888396,-1.125627112056832
4500,REG2021ME04500,2021,ME,REGULAR,-0.5408006917055673,0.4640285391806819,-0.5580593603172669
4501,REG2023EEE04501,2023,EEE,LATERAL_ENTRY,-2.1303627708517454,1.7849827566808207,0.9979443634392972
4502,REG2022ME04502,2022,ME,REGULAR,0.1827131547940168,-0.445879336226828,-0.3679381269402995
4503,REG2022ECE04503,2022,ECE,REGULAR,-0.9591754295933342,0.06778195717152705,0.25871016055812696
4504,REG2022CSE04504,2022,CSE,REGULAR,-0.30065393132372226,-2.1789128076637514,-1.3516820355759254
4505,REG2020ME04505,2020,ME,REGULAR,1.2229300246180335,0.40463687797624154,1.7976514820063636
4506,REG2021ECE04506,2021,ECE,REGULAR,-0.031138069669310837,-2.7687566489724116,0.6203385767441011
4507,REG2020CSE04507,2020,CSE,REGULAR,-1.0946051429375772,-0.37324365758609657,0.29861946707825804
4508,REG2023ME04508,2023,ME,REGULAR,1.2559459654383198,1.297766359224592,-0.3122831341298548
4509,REG2022CSE04509,2022,CSE,REGULAR,0.08971056911931645,-0.6601640866135599,-0.020787183890901204
4510,REG2021ECE04510,2021,ECE,REGULAR,1.639297135207276,0.9239743341675953,0.5456106633808282
4511,REG2022EEE04511,2022,EEE,REGULAR,0.5170276448247577,0.8585514701033784,0.1613870496345091
4512,REG2023ECE04512,2023,ECE,REGULAR,-0.2541258231901035,0.6756593522989808,0.014448510471436525
4513,REG2020ECE04513,2020,ECE,REGULAR,-0.022105293107386213,-0.39196641967735624,0.516182362303746
4514,REG2022CSE04514,2022,CSE,REGULAR,0.38272718415568296,-0.9264388994557825,1.0064439899032849
4515,REG2023EEE04515,2023,EEE,LATERAL_ENTRY,1.1294218894285826,0.5571527445407829,-1.0756082476060034
4516,REG2022ME04516,2022,ME,LATERAL_ENTRY,0.36398060384964687,0.5853592400667382,0.6569044226843328
4517,REG2020CSE04517,2020,CSE,REGULAR,0.16295039440456288,1.5545204069661789,1.6646211301095029
4518,REG2022ME04518,2022,ME,REGULAR,1.307948061447848,-0.7829430792723844,0.38485056468220186
4519,REG2023ECE04519,2023,ECE,REGULAR,1.3494731052616238,-0.9564671437396102,0.4499088888312278
4520,REG2021ECE04520,2021,ECE,REGULAR,-0.8294677345802876,1.7439781685211573,1.0089024803871096
4521,REG2020EEE04521,2020,EEE,REGULAR,0.6506108961061356,0.9839269092062237,-0.9956424072441601
4522,REG2020ECE04522,2020,ECE,REGULAR,0.19460759846102424,0.4647952694439654,1.2316943004340057
4523,REG2020EEE04523,2020,EEE,REGULAR,-0.3784273757348716,-0.42508643626978526,-0.7688270653922703
4524,REG2022CE04524,2022,CE,LATERAL_ENTRY,0.300285816417426,-0.16101935225648373,-0.9574554379939421
4525,REG2020ECE04525,2020,ECE,LATERAL_ENTRY,-1.4947471226195939,0.3050412477836996,0.5642752106490326
4526,REG2023EEE04526,2023,EEE,REGULAR,0.175836516544474,-0.39936349131725574,-0.18835622647590086
4527,REG2022EEE04527,2022,EEE,REGULAR,1.871248918330586,-0.004951273461915913,-1.269626761962255
4528,REG2021ECE04528,2021,ECE,REGULAR,-0.9592501971012752,0.9496593586124389,-1.416941475259401
4529,REG2021ME04529,2021,ME,REGULAR,0.09196068135929918,-0.16786146181831202,0.17482973477260352
4530,REG2022EEE04530,2022,EEE,REGULAR,-0.9699241959108487,1.8591326606714005,-1.113170112005127
4531,REG2021EEE04531,2021,EEE,REGULAR,0.20069386525947275,-0.9503856518769839,0.6504405032522131
4532,REG2022ME04532,2022,ME,REGULAR,0.7259890043581374,-1.8234927350495862,-1.250428545040594
4533,REG2022ME04533,2022,ME,REGULAR,-1.357632444948907,-0.1267892516659413,1.1537685390885666
4534,REG2023CSE04534,2023,CSE,REGULAR,0.06865145707428366,-0.8099168567891817,0.8488738302850475
4535,REG2021ME04535,2021,ME,REGULAR,-0.8008409161627891,1.5645812410574147,-0.9245552194693163
4536,REG2020CSE04536,2020,CSE,REGULAR,0.9343287467259977,-2.07226933539796,-0.13613300422842234
4537,REG2022CSE04537,2022,CSE,REGULAR,-1.3762212204043263,-0.35210499414442864,-1.064377764237964
4538,REG2020CSE04538,2020,CSE,LATERAL_ENTRY,1.9024298804711979,-1.3394921629700358,-0.1220596953690234
4539,REG2021CE04539,2021,CE,REGULAR,0.4012824161772051,0.13697308959866786,1.4743129392917256
4540,REG2023ECE04540,2023,ECE,REGULAR,0.1474224414226123,0.5636343254431191,-0.49244138392126235
4541,REG2022ECE04541,2022,ECE,REGULAR,1.2148846241258517,0.6654617925785523,0.5514796621906507
4542,REG2021CSE04542,2021,CSE,REGULAR,-0.11501132552450752,1.694465328859301,-1.3776495218931497
4543,REG2022CSE04543,2022,CSE,REGULAR,0.4665723427571206,-1.399416599700194,0.7806911214579358
4544,REG2020CE04544,2020,CE,LATERAL_ENTRY,0.42752504578692474,-0.6045800876541457,0.8638420936387817
4545,REG2021ME04545,2021,ME,REGULAR,-0.19127751241290827,0.48895152407280074,-0.28694916961176636
4546,REG2021EEE04546,2021,EEE,REGULAR,-0.26764483437065756,-0.1420802522891213,0.3530078126329337
4547,REG2022ECE04547,2022,ECE,REGULAR,0.4683091756212118,0.21795817563740372,-0.35738766466323213
4548,REG2020EEE04548,2020,EEE,REGULAR,0.6445326873130467,-0.24318094807710125,0.6220649049902
4549,REG2021ME04549,2021,ME,REGULAR,-0.3053737360936483,-2.2176465207197604,-0.7780089123665535
4550,REG2022ME04550,2022,ME,REGULAR,-1.1393116720675505,-0.28302160553892824,-0.009056263622981188
4551,REG2020ME04551,2020,ME,REGULAR,1.2981939116966108,1.6181067830476878,0.6834172312388914
4552,REG2021CSE04552,2021,CSE,LATERAL_ENTRY,-0.029478115021937257,1.614729303006885,-0.6809668359129796
4553,REG2022CSE04553,2022,CSE,REGULAR,-1.7143442633905823,0.24392866234815738,-0.12983695061300488
4554,REG2021ECE04554,2021,ECE,REGULAR,0.9202357076984347,1.6344718983073303,0.5945400074189489
4555,REG2022ECE04555,2022,ECE,REGULAR,-0.14895569937769582,1.6449724314454182,-0.491349850710925
4556,REG2021CE04556,2021,CE,REGULAR,-0.6874973754040563,1.7924445742639927,-0.7637852737655436
4557,REG2021ME04557,2021,ME,REGULAR,-1.0003261355651174,-0.5472551083387226,-1.9364497551901951
4558,REG2023ME04558,2023,ME,REGULAR,0.10668190517828668,0.8028073985675465,0.4284872811902322
4559,REG2021ECE04559,2021,ECE,REGULAR,0.8828822154087992,1.8867759423884196,2.56529911566415
4560,REG2023ME04560,2023,ME,REGULAR,1.420326175908303,0.17147141006578837,-0.9652732188218359
4561,REG2021CE04561,2021,CE,REGULAR,-0.8166229788539516,-0.1731749922884554,1.859922387520317
4562,REG2020ECE04562,2020,ECE,REGULAR,-0.5303697074540814,0.17959723082636947,0.9407637770128738
4563,REG2020ECE04563,2020,ECE,REGULAR,-3.285666204083319,-1.0634125209517162,1.9531712024134955
4564,REG2021ME04564,2021,ME,REGULAR,1.0429024484457006,1.4515015859701066,-0.8169415092994052
4565,REG2023EEE04565,2023,EEE,REGULAR,0.0915478569418085,0.6946924336884149,0.8328865751009126
4566,REG2021ECE04566,2021,ECE,REGULAR,0.49354796868514195,-0.20092946121171887,-1.8475841644996494
4567,REG2021EEE04567,2021,EEE,REGULAR,0.5675793301847946,-0.9786601792750931,-0.15952884650624666
4568,REG2023ME04568,2023,ME,REGULAR,-0.5115326550484846,0.25621171012768185,0.1845487041322562
4569,REG2023CE04569,2023,CE,REGULAR,-1.2024869048662492,-1.1658888602762059,1.4334757192657326
4570,REG2023ECE04570,2023,ECE,REGULAR,-1.5398725927149048,-0.8504793848229976,0.8611485424647951
4571,REG2021EEE04571,2021,EEE,REGULAR,-0.5622333850713315,0.3381968208130751,1.2430814985223755
4572,REG2023CE04572,2023,CE,REGULAR,0.7132552061063908,-1.072778326095164,1.459116044907632
4573,REG2021ECE04573,2021,ECE,REGULAR,-0.15620655517057488,0.17718182943416302,-0.3135510406419374
4574,REG2023ECE04574,2023,ECE,REGULAR,0.6061108379479584,1.0541235984824813,-0.9920695333636701
4575,REG2021CSE04575,2021,CSE,REGULAR,0.4363233969132486,-0.2915591196129401,-0.4319583874326635
4576,REG2022ECE04576,2022,ECE,REGULAR,0.8861021835307203,0.5086379076688787,0.2154647277820342
4577,REG2023EEE04577,2023,EEE,REGULAR,0.7984526861345533,0.37362761962445146,-1.4549201015733078
4578,REG2022CSE04578,2022,CSE,REGULAR,1.1663271817406191,-1.8788569137431494,0.17695924973983332
4579,REG2022ME04579,2022,ME,REGULAR,1.1165642691137982,0.24560281705791556,0.35952316028032216
4580,REG2020ME04580,2020,ME,LATERAL_ENTRY,-2.4237473182779774,0.762510580763997,-0.5793405695758157
4581,REG2022ECE04581,2022,ECE,REGULAR,-0.7017273465958874,-0.3232569530486076,-0.3570044894510149
4582,REG2020EEE04582,2020,EEE,REGULAR,-0.7176355919716624,-0.12243452236905353,-0.6335665296453106
4583,REG2020ME04583,2020,ME,REGULAR,0.6602132090507503,-0.4265053196588392,0.5847721243364211
4584,REG2021CSE04584,2021,CSE,REGULAR,-0.2382448778240337,0.44101240937770675,-0.40072234520944783
4585,REG2022CE04585,2022,CE,REGULAR,-0.6147406161178844,1.2739467294749474,-1.4951396584838834
4586,REG2023CE04586,2023,CE,LATERAL_ENTRY,-1.1382621349580988,-0.4917339568146927,0.6908394509286927
4587,REG2023ECE04587,2023,ECE,REGULAR,-0.2989771050759749,-0.39226135702429976,0.08252414132912496
4588,REG2022ECE04588,2022,ECE,REGULAR,-1.7510685855622767,1.6088579889629906,-2.6608630795732187
4589,REG2021CE04589,2021,CE,LATERAL_ENTRY,0.0002738278678406544,0.8354635924176458,-0.5109135406710672
4590,REG2020CE04590,2020,CE,REGULAR,0.9260600675265641,1.3608391004801064,0.40177495376976485
4591,REG2022ME04591,2022,ME,REGULAR,1.6808907572318674,-1.3311401902739375,1.1081542393054178
4592,REG2021CE04592,2021,CE,REGULAR,-1.2889165619233345,2.8315503513995504,-0.47087357347236247
4593,REG2021CSE04593,2021,CSE,LATERAL_ENTRY,-1.5171005768965415,-0.2822591744462098,0.07220653913760525
4594,REG2021CE04594,2021,CE,REGULAR,0.9936698412762871,2.1499421499827456,0.6000753702026188
4595,REG2020EEE04595,2020,EEE,REGULAR,1.396359944381337,1.1475237226003865,0.8343362020998416
4596,REG2022ECE04596,2022,ECE,REGULAR,0.6097457319467532,-0.21091941029747835,0.9158530583140834
4597,REG2020ECE04597,2020,ECE,REGULAR,1.5817637029614795,1.7010124105367244,1.3798015531879129
4598,REG2023CE04598,2023,CE,REGULAR,-0.6700596858653397,-1.6511304736310881,0.11236153574385471
4599,REG2020ECE04599,2020,ECE,LATERAL_ENTRY,-0.07371051413012551,0.2913631159837713,0.5321320078359945
4600,REG2023CSE04600,2023,CSE,REGULAR,0.14756729455489434,0.0036073537076300433,1.0459944569590156
4601,REG2023ECE04601,2023,ECE,REGULAR,0.18991089943914738,2.6258583953179975,-1.0918963820421894
4602,REG2021CSE04602,2021,CSE,REGULAR,1.0918760062474988,-1.3121641298553959,1.8804628501481804
4603,REG2021CE04603,2021,CE,REGULAR,-1.498824913895362,-0.6422684913108627,0.41247633914815524
4604,REG2022CE04604,2022,CE,REGULAR,-0.1609777068647716,1.4087223432842282,-0.47277632261535985
4605,REG2022CSE04605,2022,CSE,REGULAR,-1.8191877230427498,0.08734622664187372,1.0326780789570496
4606,REG2022CE04606,2022,CE,REGULAR,0.7201318532182163,-3.2955611799673084,1.1567619824643116
4607,REG2023EEE04607,2023,EEE,REGULAR,-1.0071747357076501,-0.9491176282799884,-0.6799359447584152
4608,REG2022CSE04608,2022,CSE,REGULAR,-1.1271325836818435,-0.4550546320004146,0.3434493659671464
4609,REG2023ME04609,2023,ME,LATERAL_ENTRY,0.20274813916391604,0.3925400087998957,1.203502944717012
4610,REG2023EEE04610,2023,EEE,REGULAR,0.9214059210056197,-0.5597056114923079,-0.21697905756521874
4611,REG2021ECE04611,2021,ECE,REGULAR,0.17599725212739498,0.020001322150924445,1.8856687850553053
4612,REG2023EEE04612,2023,EEE,LATERAL_ENTRY,-1.8369831612251455,-1.7706523099222744,-0.7195195128860274
4613,REG2022ECE04613,2022,ECE,REGULAR,-0.234171028396825,0.4364968449453706,-0.8709242213976451
4614,REG2023ECE04614,2023,ECE,REGULAR,0.8199715899203761,-1.8327062129565748,-0.3971661738562422
4615,REG2021CSE04615,2021,CSE,REGULAR,1.226062033644951,0.3012478930185536,-1.4081283178505524
4616,REG2023EEE04616,2023,EEE,REGULAR,-1.2634485247478389,-0.7960488500342344,1.1564564877672674
4617,REG2021EEE04617,2021,EEE,REGULAR,-0.797860568861729,0.5148941080659255,-0.47889622967824036
4618,REG2022ECE04618,2022,ECE,REGULAR,-1.5743633573235716,-2.34840562880592,-1.1557412736009913
4619,REG2021CSE04619,2021,CSE,REGULAR,0.7245089183941045,-1.0089508244010919,-1.0641332631054787
4620,REG2023CSE04620,2023,CSE,REGULAR,-1.3178705610925152,1.6836181802116004,1.8174192906003104
4621,REG2022EEE04621,2022,EEE,REGULAR,1.7032476078890804,0.9291771683193147,0.8487766346686767
4622,REG2020ME04622,2020,ME,REGULAR,-1.040021148660708,-0.06313824623651149,-0.8502623180247028
4623,REG2021ECE04623,2021,ECE,REGULAR,-0.14039853504720307,-0.017162460705810907,-0.737270588469554
4624,REG2023CE04624,2023,CE,REGULAR,-0.678609115220506,0.3600528021598523,0.42932341745426345
4625,REG2021EEE04625,2021,EEE,LATERAL_ENTRY,1.1852276940859066,1.6141145160942794,0.9946224192749956
4626,REG2023CE04626,2023,CE,REGULAR,-0.763848662733959,2.4764062313852637,-1.1768813204315556
4627,REG2021CSE04627,2021,CSE,REGULAR,0.9441521914230817,-1.2599882842029764,-0.24950139987957742
4628,REG2021CE04628,2021,CE,REGULAR,-0.898049675105254,-1.1190463782488422,0.28986929354256397
4629,REG2023ECE04629,2023,ECE,REGULAR,-0.73772105769141,0.33393248703048645,-0.025136446915406535
4630,REG2021CE04630,2021,CE,REGULAR,0.038294487252045956,-0.021562117888700445,1.439202264319429
4631,REG2022EEE04631,2022,EEE,LATERAL_ENTRY,-1.0737213396011043,-0.6253723633600957,-1.3086355935952332
4632,REG2021ME04632,2021,ME,LATERAL_ENTRY,-2.0365439434245833,-0.9261858764240133,0.6611380133380368
4633,REG2022ECE04633,2022,ECE,LATERAL_ENTRY,0.055889279539998754,-0.8561844540449463,1.1485430150232032
4634,REG2023EEE04634,2023,EEE,REGULAR,-0.7766351599419932,0.014033733881851283,-0.6995826964973172
4635,REG2020CE04635,2020,CE,REGULAR,-3.655086515104106,-0.48639176879086643,-1.3840889920124233
4636,REG2022CE04636,2022,CE,REGULAR,-0.7997979377203086,-1.3896973062030795,1.3312062661810866
4637,REG2021CE04637,2021,CE,REGULAR,-0.8238469311483309,2.632691479462288,0.6302002105195784
4638,REG2023ECE04638,2023,ECE,REGULAR,-0.5682938649805763,-0.3063971417129326,0.14859107234704033
4639,REG2020EEE04639,2020,EEE,REGULAR,0.8752544488873382,-0.3055706279304162,-0.5669264192020004
4640,REG2021EEE04640,2021,EEE,REGULAR,0.6374050087283539,-0.5935911403691042,-1.8327194181238113
4641,REG2022ME04641,2022,ME,REGULAR,0.4094854578835981,1.1758142234156344,-0.42106274958100975
4642,REG2021EEE04642,2021,EEE,REGULAR,-0.11664924688905683,1.714830168925766,1.2730129989007062
4643,REG2023EEE04643,2023,EEE,REGULAR,0.17488536824705064,0.1887250851952709,0.9216332138214193
4644,REG2022CE04644,2022,CE,REGULAR,0.05116755914510561,0.752014046061744,0.41111414131397833
4645,REG2021ME04645,2021,ME,REGULAR,0.9264481468249857,-0.40452976354780945,0.42293443184520274
4646,REG2023ECE04646,2023,ECE,REGULAR,1.5006153871350185,-0.6213834467477355,0.8491543040802064
4647,REG2022CE04647,2022,CE,REGULAR,-0.7847245909880806,1.38511200158328,0.7539015865851516
4648,REG2021ECE04648,2021,ECE,LATERAL_ENTRY,-0.32088643761445595,1.33334392748678,-0.3377691150910298
4649,REG2021CE04649,2021,CE,LATERAL_ENTRY,-0.19802721959740258,0.2866848198743432,-1.2745102093049272
4650,REG2020CSE04650,2020,CSE,LATERAL_ENTRY,1.990147773818276,0.09898648704025091,-0.10743975483696008
4651,REG2020CSE04651,2020,CSE,REGULAR,0.9502792834882797,0.3220472043256931,-0.39955305599675006
4652,REG2022ME04652,2022,ME,REGULAR,1.0642758718444707,-0.1595948270093285,-0.5664941663041977
4653,REG2020CSE04653,2020,CSE,REGULAR,0.04180047191122156,-0.0831075254665403,1.9043850803301512
4654,REG2020CSE04654,2020,CSE,REGULAR,2.487920407234893,-0.3918221523807928,-1.0077910540877386
4655,REG2020CE04655,2020,CE,LATERAL_ENTRY,0.8504904518915329,1.289612614339787,1.3507086035877178
4656,REG2020ECE04656,2020,ECE,REGULAR,-1.0365342515641702,1.0580289131443559,0.5710548343397251
4657,REG2021CE04657,2021,CE,REGULAR,1.1975479030735794,-1.0076271432409794,-0.022579435563610212
4658,REG2022CE04658,2022,CE,REGULAR,0.06794483448650403,-1.0953762570396017,1.4408305988248775
4659,REG2022CE04659,2022,CE,REGULAR,-0.777905724174565,0.07453400022224349,0.21503581213723
4660,REG2021ME04660,2021,ME,REGULAR,-1.4239803338209671,0.7202615235526091,0.78049752068786
4661,REG2020CE04661,2020,CE,REGULAR,-0.8369560396988299,1.32376206283529,-0.7991362008564648
4662,REG2022CSE04662,2022,CSE,REGULAR,0.3527496086255131,-0.1876091446442799,-1.0168945142376007
4663,REG2023CSE04663,2023,CSE,REGULAR,-1.7000721649783064,-2.88201336316803,-0.8750446944279707
4664,REG2022ECE04664,2022,ECE,REGULAR,1.3759084192989735,-0.3744549147013795,-0.4649130755560231
4665,REG2021ME04665,2021,ME,REGULAR,0.9811495194007849,0.5038878713794005,0.27308885852988896
4666,REG2022EEE04666,2022,EEE,REGULAR,-1.3351466116608586,-0.3233260018399105,-1.1456871703659177
4667,REG2021ECE04667,2021,ECE,REGULAR,1.228539790356901,-1.8527465292302485,0.18545191015772677
4668,REG2022CSE04668,2022,CSE,REGULAR,1.641256893054721,-1.3334113861368384,0.6717969451862478
4669,REG2021EEE04669,2021,EEE,REGULAR,1.413529805095847,-0.22171849381178274,0.18392932627159647
4670,REG2023ME04670,2023,ME,REGULAR,-0.12891970800619026,-0.5718616155932046,-0.8284815597870121
4671,REG2021ME04671,2021,ME,REGULAR,-0.2854235209552161,-0.5189570826434774,-0.3041546491212015
4672,REG2022CSE04672,2022,CSE,REGULAR,-0.4883837695554094,-0.6498675248349698,0.7169548265894379
4673,REG2021ECE04673,2021,ECE,REGULAR,-0.10548115990242542,0.5301960611047812,0.5981351871645788
4674,REG2023ECE04674,2023,ECE,REGULAR,-1.2570216687399511,-0.8764111862785643,0.6120175665469741
4675,REG2020CSE04675,2020,CSE,REGULAR,0.3623602063444147,-0.14692652247401083,-1.1473289785544885
4676,REG2020EEE04676,2020,EEE,REGULAR,-1.3211285042650711,-0.32091724173126207,-0.5788403200820791
4677,REG2020ME04677,2020,ME,REGULAR,0.7081121401845892,0.8138412692605572,-0.21071048057617164
4678,REG2023ME04678,2023,ME,REGULAR,0.8169851431432842,-0.7223336238502043,0.4410541128156447
4679,REG2022EEE04679,2022,EEE,REGULAR,-0.2352063884535507,0.7667112824326293,-0.4799523527983767
4680,REG2023EEE04680,2023,EEE,REGULAR,-1.8433180017484796,0.6305715078597889,-1.1381981804567798
4681,REG2023CE04681,2023,CE,REGULAR,-0.8561158374095804,0.4248662744437865,-0.3585596015307069
4682,REG2020EEE04682,2020,EEE,REGULAR,-0.4566354965508648,0.48866336582097003,0.7365070872331158
4683,REG2021ECE04683,2021,ECE,REGULAR,-1.1645288260785236,0.538960281037568,0.5163430005440565
4684,REG2022CE04684,2022,CE,LATERAL_ENTRY,0.9573574551117774,-0.48716872532434025,-0.22900533099751208
4685,REG2023EEE04685,2023,EEE,REGULAR,-1.0835461924485188,-1.6641829545710272,1.0261622148441978
4686,REG2022ECE04686,2022,ECE,REGULAR,-1.019426733775593,-1.659735361381571,-1.2562860414069255
4687,REG2023EEE04687,2023,EEE,REGULAR,-1.6548207042711882,0.1988375150504223,-0.27864715328365675
4688,REG2022ECE04688,2022,ECE,LATERAL_ENTRY,1.139274446089479,1.7137670452094473,-0.5160208221958954
4689,REG2021EEE04689,2021,EEE,REGULAR,0.2665005996003115,0.41116698834522314,1.7139453605305517
4690,REG2021CSE04690,2021,CSE,REGULAR,0.8509786891564968,-0.576129782288175,1.0439396367385043
4691,REG2022CSE04691,2022,CSE,REGULAR,0.16919250278092404,-0.3345550199391874,-0.4564704259067647
4692,REG2020ME04692,2020,ME,REGULAR,-0.7483153173555144,-1.4751265172851364,0.24958863172013931
4693,REG2023CE04693,2023,CE,REGULAR,0.30387396106972064,0.4244680106799483,0.5846025053928089
4694,REG2022ME04694,2022,ME,REGULAR,0.38918403941405805,0.16298682101206916,0.41793535058384546
4695,REG2020CSE04695,2020,CSE,REGULAR,-0.35102850418128956,1.0544502271524923,-1.7312650679673098
4696,REG2020ME04696,2020,ME,REGULAR,-0.291483712761721,-1.2123919966643433,-0.8485373405837365
4697,REG2020CE04697,2020,CE,REGULAR,-1.5084417976784572,-0.4362128798153429,-0.09453295207713994
4698,REG2020ECE04698,2020,ECE,REGULAR,0.5024549355147536,-0.5130440985117913,0.5829341725965863
4699,REG2020ECE04699,2020,ECE,REGULAR,0.9788217067776644,1.3138878159144918,-1.0576600859604215
4700,REG2021ME04700,2021,ME,REGULAR,-0.5320956593674543,0.32757566213246353,0.87960325306325
4701,REG2020CSE04701,2020,CSE,LATERAL_ENTRY,-1.1381746241512685,0.7308538275669039,0.854421054176152
4702,REG2023EEE04702,2023,EEE,REGULAR,-0.9573983109138376,-0.7799896570121608,-0.4188785722938289
4703,REG2022CSE04703,2022,CSE,REGULAR,1.0477243990202074,1.067647711716651,-0.23906307958743767
4704,REG2021CE04704,2021,CE,LATERAL_ENTRY,0.6579711807999087,0.6520014558527485,1.2953167616049357
4705,REG2023CSE04705,2023,CSE,REGULAR,0.8153168852079051,0.2066596984944911,-0.7554833935369165
4706,REG2021EEE04706,2021,EEE,REGULAR,-0.056661542413238425,0.6290826192412396,0.5515735388198252
4707,REG2022ME04707,2022,ME,REGULAR,0.48700896780815517,0.0925313917410772,1.0258195333018967
4708,REG2020EEE04708,2020,EEE,REGULAR,1.23779650381161,-0.4976671907704482,0.14929237129408507
4709,REG2023ME04709,2023,ME,REGULAR,0.5423578313924943,0.3212128970080308,-0.4986087954573134
4710,REG2021CSE04710,2021,CSE,REGULAR,-1.0319223152761619,-0.09217408005330353,-0.7736509118677243
4711,REG2020ME04711,2020,ME,REGULAR,0.9870688251190727,-0.1899106580187796,-2.06984822335211
4712,REG2020ECE04712,2020,ECE,REGULAR,-0.05738020941602489,0.5815981452056912,1.5269641809141228
4713,REG2023CSE04713,2023,CSE,REGULAR,1.3427582352803111,0.17786426402148814,-0.6091179503575874
4714,REG2020CSE04714,2020,CSE,REGULAR,-2.2287864186432236,0.9275106795760463,-2.447736493810374
4715,REG2021CSE04715,2021,CSE,REGULAR,2.076662785154092,-0.7906312243877452,1.0925718886445124
4716,REG2020ME04716,2020,ME,REGULAR,-1.899767893356971,1.6201552819334566,-0.3395138597016066
4717,REG2020CE04717,2020,CE,REGULAR,-0.44507109913546034,-1.2582965283438698,-2.181732230301142
4718,REG2022CSE04718,2022,CSE,REGULAR,-0.17644091735297546,0.46736527148514,0.6146474157096987
4719,REG2022ECE04719,2022,ECE,REGULAR,0.5105861235032674,-1.9227365655309352,-0.6155669292440065
4720,REG2022CE04720,2022,CE,REGULAR,2.3814911013336375,0.7397224864874274,-2.179781191964252
4721,REG2020CE04721,2020,CE,REGULAR,-0.43772185196590513,-0.7179219509485815,-0.41615479711295045
4722,REG2021ME04722,2021,ME,LATERAL_ENTRY,-2.009929264468574,-0.35065938687727394,0.5282743909955926
4723,REG2022CE04723,2022,CE,REGULAR,0.4295941599843295,0.4367246821823579,0.9413016342564617
4724,REG2022CSE04724,2022,CSE,REGULAR,1.115481445021028,1.4072110214783964,0.5823128855244826
4725,REG2022CE04725,2022,CE,REGULAR,1.2388560340583739,-1.4976278660695068,-0.39195366817860855
4726,REG2022EEE04726,2022,EEE,REGULAR,-0.3429648364467439,-0.5658131216174611,-0.36332045930561596
4727,REG2023CSE04727,2023,CSE,REGULAR,-0.14454022044839246,0.5608391980881995,-0.10634061805684115
4728,REG2021EEE04728,2021,EEE,REGULAR,0.20656661250494676,0.15134756751307166,0.15359025634475615
4729,REG2022ME04729,2022,ME,REGULAR,-0.49194667841980144,-1.2800729073468584,0.8825908260792255
4730,REG2022CE04730,2022,CE,LATERAL_ENTRY,0.33167110085859597,2.198837038261284,0.34335534838630294
4731,REG2022CE04731,2022,CE,REGULAR,-0.3947002163270649,-0.7948875011679194,-1.4789907391470045
4732,REG2021ECE04732,2021,ECE,LATERAL_ENTRY,-1.4718295585051326,1.2438037035031742,-0.13305971498643523
4733,REG2023CE04733,2023,CE,LATERAL_ENTRY,-2.2526171657600007,-0.4900330155063487,0.634616742533975
4734,REG2020ME04734,2020,ME,REGULAR,0.08698715123967682,-1.6451741008740206,-0.6503868298938237
4735,REG2020ECE04735,2020,ECE,REGULAR,-1.583315971530114,-0.33992896181862414,-0.4866179615793989
4736,REG2022CE04736,2022,CE,REGULAR,0.7090711978503526,-1.1074250456007102,0.10400542314856936
4737,REG2020CE04737,2020,CE,REGULAR,1.4444440501871374,0.08608166908600347,0.10599019762181079
4738,REG2022CSE04738,2022,CSE,REGULAR,2.0379212436682472,-0.5312119633949406,0.785752450926438
4739,REG2020ME04739,2020,ME,REGULAR,-0.6839683174460539,-0.9559326209051104,1.022884416568987
4740,REG2020ME04740,2020,ME,REGULAR,1.151279688627503,-0.8677520646874292,-0.3426321430101899
4741,REG2022CE04741,2022,CE,REGULAR,-0.10291352976325198,-0.6719273245915529,-0.09203003358934274
4742,REG2021CE04742,2021,CE,REGULAR,-0.21505095741264377,0.7536716327651704,1.0480483868904333
4743,REG2023ME04743,2023,ME,REGULAR,-0.4063637036035518,1.3517544568249635,-0.6283552684769018
4744,REG2022CSE04744,2022,CSE,REGULAR,0.0005156770775705346,0.5269285310410652,0.10080885425937298
4745,REG2020EEE04745,2020,EEE,REGULAR,-2.4587419232715506,0.41385919967778556,-1.4093568568365213
4746,REG2023CSE04746,2023,CSE,REGULAR,-0.09605508617007594,0.5782785192762222,1.5028270852495802
4747,REG2023ECE04747,2023,ECE,LATERAL_ENTRY,0.3335403059136633,-0.5234208622431495,0.5021111359335277
4748,REG2021CSE04748,2021,CSE,LATERAL_ENTRY,-0.8974442870385776,-0.49229540048168086,-0.03729694560358462
4749,REG2020ME04749,2020,ME,LATERAL_ENTRY,0.2849820922997472,0.08988855749275358,0.0942107955000839
4750,REG2021CSE04750,2021,CSE,REGULAR,1.2180018436910287,0.832334467408352,-1.3601032381215123
4751,REG2020CSE04751,2020,CSE,REGULAR,-0.23276869301010344,0.8547004348862682,-2.765138573048769
4752,REG2021CE04752,2021,CE,REGULAR,-0.9661352087785053,1.1413282628968906,1.3595966254836545
4753,REG2022CSE04753,2022,CSE,REGULAR,0.07579144849304782,-0.7247339424305078,-0.11742063350503437
4754,REG2020EEE04754,2020,EEE,LATERAL_ENTRY,-0.8465087083274565,0.7376067644769629,1.9801963416895896
4755,REG2023EEE04755,2023,EEE,REGULAR,0.43066079660084683,0.7447945132703698,-0.678085546979032
4756,REG2023ME04756,2023,ME,REGULAR,-0.8653922617287539,-0.29470717811365144,-0.9163345062590345
4757,REG2022CE04757,2022,CE,REGULAR,-2.2473031096242413,-0.11659342210572768,-1.5546034876955204
4758,REG2020ME04758,2020,ME,LATERAL_ENTRY,0.31366769759808283,0.04398769163394748,-1.54085578894917
4759,REG2021CE04759,2021,CE,REGULAR,0.23201350090328726,0.4145561045413091,-0.3483521412148348
4760,REG2021EEE04760,2021,EEE,REGULAR,0.09083370926343026,1.221834906005519,0.7271137633387429
4761,REG2020ME04761,2020,ME,REGULAR,-1.6270019227815469,1.262625852349048,0.4495250881602111
4762,REG2021ME04762,2021,ME,REGULAR,-1.5472415974532179,-1.2458245631239084,-1.5850594349340394
4763,REG2022ECE04763,2022,ECE,REGULAR,-1.1311234867604978,-0.5149845243650389,0.9962580717807346
4764,REG2023EEE04764,2023,EEE,LATERAL_ENTRY,-0.36772394057126495,1.0419498938411955,1.667066148357472
4765,REG2021ECE04765,2021,ECE,REGULAR,-0.7512417207677052,0.65902862649258,1.2146352740636528
4766,REG2022EEE04766,2022,EEE,REGULAR,1.8557982425746533,0.06211113171643165,1.2706847211868144
4767,REG2022ME04767,2022,ME,REGULAR,-1.6005187614086314,-2.144165971195602,-1.049238921178841
4768,REG2023EEE04768,2023,EEE,REGULAR,-0.44154572310802126,0.9583104165256728,0.24558229048578212
4769,REG2023ME04769,2023,ME,REGULAR,-0.9823519788494222,-0.7495137717600987,-0.8940818499158115
4770,REG2023ME04770,2023,ME,REGULAR,0.34993083998435953,-0.2682299353397865,2.9987341055024648
4771,REG2022CSE04771,2022,CSE,REGULAR,0.7461740537000482,0.06586306631975722,-0.7767120908594111
4772,REG2021CSE04772,2021,CSE,REGULAR,-1.0699091431662089,-0.10187635503705197,-0.9210259282265284
4773,REG2020CSE04773,2020,CSE,REGULAR,0.38818229272415156,-2.5883591635514485,0.016919799166750137
4774,REG2023ECE04774,2023,ECE,REGULAR,-0.7461210125850358,1.402362653450225,2.9427526460054367
4775,REG2020CSE04775,2020,CSE,LATERAL_ENTRY,0.4383096155919301,-1.7572299828883782,1.926244833623829
4776,REG2021CE04776,2021,CE,REGULAR,1.0677765925374971,-0.6476838428608372,-1.4758566516938494
4777,REG2022CE04777,2022,CE,REGULAR,-0.4937980302722848,-0.9441762097456601,-0.5419983720889933
4778,REG2020ECE04778,2020,ECE,REGULAR,0.48114660910161633,0.4463434124687629,-0.8330588183148009
4779,REG2023ECE04779,2023,ECE,REGULAR,1.0291053268723769,0.6925153084103047,0.41904063206111997
4780,REG2021ME04780,2021,ME,REGULAR,-0.44548166748026213,2.3337746406276247,0.3164354118338108
4781,REG2022ECE04781,2022,ECE,REGULAR,-2.0205945325398584,-1.5640519933805743,1.1615219575192044
4782,REG2021ME04782,2021,ME,LATERAL_ENTRY,0.7102785391760771,-0.4515882135487192,-0.026521146243964195
4783,REG2023ECE04783,2023,ECE,REGULAR,1.1477476967463136,0.5354372614542157,-0.4095841839742814
4784,REG2021ME04784,2021,ME,REGULAR,-1.7488802369950527,1.4135730344249247,-1.057910613619455
4785,REG2023ECE04785,2023,ECE,REGULAR,-0.11111271407271618,-0.31515830631527364,0.3849709813196971
4786,REG2021ECE04786,2021,ECE,REGULAR,-1.007030864852526,1.3420353309757287,-0.022813694047922984
4787,REG2021EEE04787,2021,EEE,REGULAR,0.8305051886334915,-0.9535247258366385,-0.7770102302049039
4788,REG2020EEE04788,2020,EEE,REGULAR,-0.6900745939435349,0.010733889880307698,-1.6498568089508618
4789,REG2021EEE04789,2021,EEE,REGULAR,-1.0186642966089088,-0.6079602062009536,-1.6551349653786696
4790,REG2021ME04790,2021,ME,REGULAR,-0.6314322303874383,-0.8441366905559411,1.3904694767244898
4791,REG2023CSE04791,2023,CSE,REGULAR,-0.25962404401068456,-1.1216362588034132,1.228091360391947
4792,REG2021ME04792,2021,ME,LATERAL_ENTRY,-1.0414026756558905,-0.5558863383335194,-0.7684283936394454
4793,REG2020ME04793,2020,ME,REGULAR,0.2970012942647289,1.0803558012736438,1.8196365716115683
4794,REG2020CSE04794,2020,CSE,REGULAR,0.9077255197086991,-0.1680068064495674,-1.4628778368074289
4795,REG2021ME04795,2021,ME,LATERAL_ENTRY,-1.203657625911923,1.3266216394999415,1.0054110154824312
4796,REG2023ME04796,2023,ME,REGULAR,-1.3717614152878692,0.5310795023264077,0.6370586775120554
4797,REG2023CE04797,2023,CE,REGULAR,0.7228897535673191,-0.5597903010520164,1.1763588881620157
4798,REG2020CE04798,2020,CE,REGULAR,-0.46006388932177367,0.2181505053693199,0.8821374273199544
4799,REG2022ME04799,2022,ME,REGULAR,0.21613275269806298,-2.582912311429463,-0.8693225800425791
4800,REG2020ECE04800,2020,ECE,REGULAR,-1.5110334291579897,-0.7913565753494521,-1.0334857739130627
4801,REG2021CE04801,2021,CE,REGULAR,0.018097362451643954,0.7077920955465604,-0.39189241349636766
4802,REG2022CE04802,2022,CE,REGULAR,-0.659752923021766,1.0503704657746404,-2.731841148232237
4803,REG2023EEE04803,2023,EEE,LATERAL_ENTRY,0.10242866407800864,0.5273547467523633,-0.012195566593894366
4804,REG2021CE04804,2021,CE,REGULAR,-0.7461360206959045,-0.896084697880049,0.21386223282894956
4805,REG2023EEE04805,2023,EEE,REGULAR,-1.066859841662305,-1.0948634923668525,0.3935720111545927
4806,REG2020ECE04806,2020,ECE,REGULAR,-0.09515935148561522,-0.15600438636664277,-1.217803707050511
4807,REG2023CSE04807,2023,CSE,REGULAR,-1.7838529125165903,0.7391733124484073,-0.9665097182422493
4808,REG2022ECE04808,2022,ECE,REGULAR,3.326780537643981,-0.2572836386738268,1.06423381438391
4809,REG2021EEE04809,2021,EEE,LATERAL_ENTRY,0.1376956278739798,1.6588500470173635,2.302859433167354
4810,REG2021CE04810,2021,CE,REGULAR,0.18127779894355706,-0.9314277966290834,-1.6324335444941314
4811,REG2020CSE04811,2020,CSE,REGULAR,0.33146214843560523,-0.26740207529038673,0.20419501287656058
4812,REG2021CE04812,2021,CE,REGULAR,0.6801965544204814,0.7785059843843869,0.21857739522313235
4813,REG2023CE04813,2023,CE,REGULAR,-0.35066587382665726,1.1702627748711174,0.956357303517618
4814,REG2022EEE04814,2022,EEE,REGULAR,0.3708288745835837,-0.5429167631022019,0.787567448490261
4815,REG2021ECE04815,2021,ECE,REGULAR,1.1058073034127964,-0.2811437260145332,-0.8186059044078899
4816,REG2020EEE04816,2020,EEE,REGULAR,-1.0987241767814673,-0.13416802245586054,1.4725755301909893
4817,REG2021EEE04817,2021,EEE,REGULAR,-0.1890280911115461,-0.2136432396380992,-0.10381409715740016
4818,REG2021ME04818,2021,ME,REGULAR,1.4248297871714757,0.10903565762195477,0.6632128100602828
4819,REG2022ECE04819,2022,ECE,REGULAR,0.5208231859859893,1.2221821165051532,0.08938931397146636
4820,REG2021ME04820,2021,ME,REGULAR,0.7995963769720559,-1.141367920533147,1.5664861524523264
4821,REG2023ME04821,2023,ME,REGULAR,0.09942845822903407,1.2168367914244393,-0.3534597702862842
4822,REG2021ECE04822,2021,ECE,REGULAR,-0.5362042805401637,1.0627808400980425,-1.3525224577414834
4823,REG2022CSE04823,2022,CSE,REGULAR,-0.7391390789159228,0.39567438104262437,-1.2358111842515695
4824,REG2020ME04824,2020,ME,REGULAR,1.2258387708885818,1.5095817382106513,-0.26293785304404416
4825,REG2021CE04825,2021,CE,REGULAR,-0.1637069307477227,-0.22043766055411979,-2.9171339724218797
4826,REG2022ME04826,2022,ME,REGULAR,1.2581062788651298,-0.2982936881848298,0.6356303983311642
4827,REG2022EEE04827,2022,EEE,REGULAR,0.25051873975839595,0.4964074335236851,1.1705447865833463
4828,REG2023EEE04828,2023,EEE,REGULAR,0.9189427010084872,0.4480527986049255,2.475064639169303
4829,REG2020EEE04829,2020,EEE,LATERAL_ENTRY,-0.6038860500530543,0.085668338354177,0.23105912108295384
4830,REG2021ME04830,2021,ME,REGULAR,0.2812105299558774,0.0671876754939992,-0.6098212167272987
4831,REG2022CE04831,2022,CE,REGULAR,2.01063339258382,-0.9343969009939673,0.6656590640302518
4832,REG2023CE04832,2023,CE,REGULAR,-0.019389538479447774,2.0506786733272984,-0.07625629631593005
4833,REG2021CE04833,2021,CE,REGULAR,1.0325174732007807,0.3390647084520556,-0.22968571820071026
4834,REG2023ECE04834,2023,ECE,REGULAR,0.8280669845835462,0.1601108906395973,0.7563112906894081
4835,REG2022CSE04835,2022,CSE,REGULAR,-0.06933370814930175,0.6945455519581828,1.1954064989229398
4836,REG2022ME04836,2022,ME,REGULAR,1.1151243154949684,-0.19687274516305378,-0.6645732138166578
4837,REG2023ME04837,2023,ME,REGULAR,-0.10668905166339439,0.28879285518669384,0.191455111124829
4838,REG2022ECE04838,2022,ECE,REGULAR,1.5927762143713924,-0.016672670182722067,-1.5498418309077273
4839,REG2020ECE04839,2020,ECE,REGULAR,1.07270874076744,0.3793253640306142,-0.277997121745195
4840,REG2022CE04840,2022,CE,REGULAR,1.7238848764227657,0.4686255554704134,-1.7745261909725352
4841,REG2020ECE04841,2020,ECE,REGULAR,-0.20724336040283786,0.6854294284081961,1.2128306957735844
4842,REG2022ME04842,2022,ME,LATERAL_ENTRY,0.1724066590967024,-0.33706278287403046,-1.2497790457432416
4843,REG2021ME04843,2021,ME,REGULAR,-0.7493414504516045,1.2759319858607252,-0.9751547490361389
4844,REG2022ECE04844,2022,ECE,REGULAR,0.5619176094750099,0.48267840809593554,-0.3361367392494147
4845,REG2021ECE04845,2021,ECE,REGULAR,0.37131491715382703,-2.1278881946769914,0.9594015456748938
4846,REG2022EEE04846,2022,EEE,REGULAR,-1.0638845635013556,-0.04180224775162977,0.07737632761947057
4847,REG2020CE04847,2020,CE,REGULAR,-0.5658507788323738,-0.9503156931028082,-1.081367411571055
4848,REG2022CE04848,2022,CE,REGULAR,0.176516307789078,-0.2319591994434941,-0.896210028777014
4849,REG2023CSE04849,2023,CSE,LATERAL_ENTRY,-0.7640855342637003,-1.3622442105250372,-0.9265626019814763
4850,REG2022ME04850,2022,ME,REGULAR,-0.2586889520549061,-0.19796944182127713,-0.49220779096804473
4851,REG2020CSE04851,2020,CSE,REGULAR,-0.37601823812947277,-0.7836968954509846,-0.23962048150467724
4852,REG2021EEE04852,2021,EEE,LATERAL_ENTRY,-0.04924577273881922,-0.12936780006707524,0.10004667886696782
4853,REG2021CSE04853,2021,CSE,REGULAR,-0.2386519316203078,-0.14787606594409536,-0.4806783236580318
4854,REG2023ME04854,2023,ME,REGULAR,0.6557527066535875,-1.6625036136992548,-0.9475058919913898
4855,REG2022ECE04855,2022,ECE,LATERAL_ENTRY,0.20541269721866062,-0.03982057611509975,-0.43445019964844644
4856,REG2020ECE04856,2020,ECE,REGULAR,-0.7649603531086354,1.233050378565542,-1.7290261740108024
4857,REG2022CSE04857,2022,CSE,REGULAR,-0.8117536357369666,-0.04555392576526826,-2.103193382647173
4858,REG2023CE04858,2023,CE,REGULAR,-0.05027764937550174,0.41329367790081367,-0.09406471522818036
4859,REG2021EEE04859,2021,EEE,REGULAR,-1.2517653866139233,-0.73903108600508,-0.7539772953871176
4860,REG2020CE04860,2020,CE,REGULAR,-0.9407045222807783,-1.3301895155535037,1.2635130428331494
4861,REG2020ME04861,2020,ME,REGULAR,-1.6541460305732973,0.5240350173448559,-2.0053123968160627
4862,REG2021ME04862,2021,ME,LATERAL_ENTRY,0.3139350723101654,1.3719849009071141,0.5243628037468203
4863,REG2020ECE04863,2020,ECE,REGULAR,2.1569152638428846,0.17371177434054627,-2.234905165012406
4864,REG2023ME04864,2023,ME,LATERAL_ENTRY,-0.8711167852287725,-1.1729216202457622,0.7545487247819783
4865,REG2021CSE04865,2021,CSE,REGULAR,-1.1317021171424455,-0.41805986350349233,-0.03015286228116323
4866,REG2020EEE04866,2020,EEE,LATERAL_ENTRY,-0.10079042790358163,-1.0184694021620437,1.685816986376984
4867,REG2022ME04867,2022,ME,REGULAR,0.8894709464517491,1.1059354619577089,0.5668169320620609
4868,REG2023EEE04868,2023,EEE,REGULAR,-1.2492355195726326,-1.2608629276830972,1.057686736851555
4869,REG2020EEE04869,2020,EEE,REGULAR,1.4231214309170626,-0.3443884463644919,-0.7292012888531357
4870,REG2022ECE04870,2022,ECE,REGULAR,-0.15658206820474344,-0.1975795786546047,0.43953133696576185
4871,REG2022ME04871,2022,ME,REGULAR,-0.3386030041973902,-1.823054117598208,0.4784980847585973
4872,REG2023EEE04872,2023,EEE,REGULAR,1.075079143903306,-0.07376044127238654,-0.8831825694815801
4873,REG2020ECE04873,2020,ECE,REGULAR,-0.5557051247840179,0.45054594569390183,-0.3677070840365687
4874,REG2022CE04874,2022,CE,REGULAR,-0.6004491400265938,-0.055488604367231804,-0.2693538166732936
4875,REG2021ME04875,2021,ME,REGULAR,1.6610229075121574,1.0060978822312292,0.1768537951011802
4876,REG2022EEE04876,2022,EEE,REGULAR,-1.2718397660012517,1.4920246949577296,0.8007672066228873
4877,REG2023CSE04877,2023,CSE,LATERAL_ENTRY,-0.45876701582985696,-0.6458176011415537,0.6285690385931884
4878,REG2022ECE04878,2022,ECE,REGULAR,-0.14441184072573296,1.0113502617531425,1.4867315203334983
4879,REG2023CSE04879,2023,CSE,REGULAR,-2.2439235070726014,0.2752345114041167,0.6998981708694759
4880,REG2021ME04880,2021,ME,REGULAR,-1.526587324142757,-0.39391022683002497,0.8596781801050425
4881,REG2022ECE04881,2022,ECE,REGULAR,-0.03837193429432864,-0.5101193850409896,0.024825354160865475
4882,REG2020ME04882,2020,ME,REGULAR,-0.8507698083411803,-1.0491046458767084,0.4222831295033616
4883,REG2020EEE04883,2020,EEE,REGULAR,1.1197975671452314,-1.4588096714923835,-3.144962322964376
4884,REG2023CSE04884,2023,CSE,REGULAR,0.5550810077006411,0.09167009900367346,-0.3392392960930577
4885,REG2021CE04885,2021,CE,REGULAR,-0.10480398459137162,0.028937871213283443,0.6168952781611097
4886,REG2021CE04886,2021,CE,REGULAR,-0.5941802374726293,-0.5085657927032392,1.484444319249852
4887,REG2023ME04887,2023,ME,REGULAR,1.0639558450458475,-0.41495587913281295,-1.9808538474953072
4888,REG2022CE04888,2022,CE,REGULAR,-0.3638707984633129,-0.5033315333927095,-1.8966714097705868
4889,REG2021CE04889,2021,CE,LATERAL_ENTRY,-0.06237328675527912,2.182024548474946,1.7707108066224935
4890,REG2022CSE04890,2022,CSE,LATERAL_ENTRY,0.3863760308251943,-1.1787016298949613,0.2439311350891542
4891,REG2022EEE04891,2022,EEE,REGULAR,-0.4181156745995209,-2.4695538281708047,0.5751970656515389
4892,REG2022CSE04892,2022,CSE,REGULAR,-0.9983883446252647,-0.34352577588237754,-0.39915305553104985
4893,REG2021CE04893,2021,CE,REGULAR,-1.3272840378781467,-1.1770203880226942,-0.20639905744054216
4894,REG2023ME04894,2023,ME,REGULAR,0.1209954343635004,-0.7585232609792003,1.0584029080951756
4895,REG2023EEE04895,2023,EEE,REGULAR,-0.1641554334938168,0.3756212317030415,-0.21432806614491376
4896,REG2022ECE04896,2022,ECE,REGULAR,0.3936348765745664,-0.0073888698803235885,0.8138405706506887
4897,REG2020CSE04897,2020,CSE,REGULAR,1.6355002972234984,-0.6051852775304685,1.0394249952586816
4898,REG2023ECE04898,2023,ECE,REGULAR,-0.8175862116629818,-0.37131201465296426,-0.6785460618082996
4899,REG2023ME04899,2023,ME,REGULAR,0.5302070141050813,-0.5268289726252063,-0.0055383542133556375
4900,REG2023CE04900,2023,CE,REGULAR,1.4575984784712448,0.5691354807005898,-1.0200786756199811
4901,REG2020ECE04901,2020,ECE,LATERAL_ENTRY,-0.2843272740403342,-1.1435097547103381,0.8767501869634637
4902,REG2022EEE04902,2022,EEE,REGULAR,-1.551562393955787,-1.7632509319919358,-0.9121932712061199
4903,REG2022ME04903,2022,ME,REGULAR,-1.4237178187039348,2.3819449834156243,-1.3592890514201645
4904,REG2022CSE04904,2022,CSE,REGULAR,1.6505209030879733,0.5667863905882049,1.3365940755444994
4905,REG2022EEE04905,2022,EEE,REGULAR,-0.12483092595152831,1.023512404302722,1.6516418623566171
4906,REG2021EEE04906,2021,EEE,REGULAR,0.6068394756266543,0.8780680089791214,-0.14958209466385114
4907,REG2022CSE04907,2022,CSE,REGULAR,0.10556239673808898,-0.3080379076410163,-0.2986877984162512
4908,REG2021ME04908,2021,ME,REGULAR,0.31901951806517626,-0.32069043103518075,-1.1976593707368703
4909,REG2020CSE04909,2020,CSE,REGULAR,1.684560975899334,-1.3896282421620496,2.1315891127317528
4910,REG2020ECE04910,2020,ECE,REGULAR,0.7604999100371871,-1.6414230451827054,-0.03605399336350644
4911,REG2020EEE04911,2020,EEE,REGULAR,0.8766705352669774,-0.36660809475290124,-0.7742036111088738
4912,REG2022ME04912,2022,ME,REGULAR,-0.46868471165428055,0.2924730422230902,-0.6610053958956067
4913,REG2023ECE04913,2023,ECE,LATERAL_ENTRY,1.859561189381052,-0.8273760659527897,-0.9406229927479487
4914,REG2023EEE04914,2023,EEE,REGULAR,-0.8858631557504029,0.2918613130146538,-0.05577433767981306
4915,REG2022CE04915,2022,CE,REGULAR,0.0890041105534821,-0.39256167735758984,-0.5546441080460088
4916,REG2023CSE04916,2023,CSE,REGULAR,-1.8503776848818414,0.8502455193688858,-0.4711130235913006
4917,REG2020CE04917,2020,CE,REGULAR,-1.337846371815948,-1.6523840564542558,1.2182579226197263
4918,REG2022ME04918,2022,ME,REGULAR,-0.3730037252610738,-0.3957161108751431,0.4047508589963614
4919,REG2021CSE04919,2021,CSE,REGULAR,-0.5493757686067274,1.2431920191448558,-1.3929816176751906
4920,REG2021CSE04920,2021,CSE,LATERAL_ENTRY,-0.6417010304225171,0.1791278137789563,-0.6484461354162487
4921,REG2020ECE04921,2020,ECE,REGULAR,-0.859386131070751,-1.0800574753017402,0.7840955963724985
4922,REG2020CSE04922,2020,CSE,REGULAR,-0.06040613221613558,0.44091882780835917,-0.2547187899858917
4923,REG2023ME04923,2023,ME,LATERAL_ENTRY,-0.48165745105457414,-0.8152803293911222,-1.4139691334071136
4924,REG2023CSE04924,2023,CSE,REGULAR,-1.1220331706229165,0.26074853516294494,0.07101576044968302
4925,REG2020ME04925,2020,ME,REGULAR,0.14469421319308495,0.9614856507091686,0.020369054946290686
4926,REG2022ECE04926,2022,ECE,REGULAR,0.8152691015015723,-1.4574519711705838,0.03568996174451995
4927,REG2020EEE04927,2020,EEE,REGULAR,0.6906175221456182,1.0895044595630556,0.25356822813784585
4928,REG2023CE04928,2023,CE,REGULAR,-0.009371558520764512,-0.5120295142592802,0.5719956373926842
4929,REG2020EEE04929,2020,EEE,REGULAR,0.05773450373524046,-0.6729158473572311,0.7392681797424095
4930,REG2023EEE04930,2023,EEE,REGULAR,-0.3082511650669159,0.21340459671572823,1.9652387264669204
4931,REG2020ECE04931,2020,ECE,LATERAL_ENTRY,1.1991401106081774,-0.22741121305757764,-2.016547574223512
4932,REG2023CSE04932,2023,CSE,REGULAR,1.0398543993167662,-1.362600279749463,-0.9376077796473099
4933,REG2021CSE04933,2021,CSE,REGULAR,0.6282037480060738,0.2157782729667862,0.404952848103088
4934,REG2023ME04934,2023,ME,REGULAR,0.852514166015522,0.7330224635999503,2.110107920502215
4935,REG2022CSE04935,2022,CSE,REGULAR,0.5187344358764837,-1.3944733562733174,-1.6836813984389982
4936,REG2023EEE04936,2023,EEE,REGULAR,0.6127063296193023,0.35389722666978135,-0.913145573073174
4937,REG2023CE04937,2023,CE,LATERAL_ENTRY,0.5917426543810811,0.33553565409693775,-0.2941222701253597
4938,REG2020ME04938,2020,ME,LATERAL_ENTRY,-0.21169358957089646,-0.33413323884336144,0.15256924874093414
4939,REG2020ME04939,2020,ME,REGULAR,0.6769012376943577,-0.6800656312549874,1.332645518695934
4940,REG2023CE04940,2023,CE,REGULAR,0.6262055616322454,-0.9367686006728945,1.6980096848862531
4941,REG2022ME04941,2022,ME,REGULAR,1.1045545249911912,0.49467151944802507,-1.7719597042340383
4942,REG2023CSE04942,2023,CSE,LATERAL_ENTRY,-0.5256603172438536,0.08507008538739401,0.15797937270525989
4943,REG2022CSE04943,2022,CSE,LATERAL_ENTRY,0.007463839125033536,-1.1912941058850146,0.9195605468628252
4944,REG2020CSE04944,2020,CSE,REGULAR,0.837853794767805,2.081761185568261,-0.22200198810580926
4945,REG2021EEE04945,2021,EEE,REGULAR,0.32452955329686967,-0.6496637247917695,-0.4482300976341356
4946,REG2021CSE04946,2021,CSE,REGULAR,-0.25218017573686313,-2.222640931199273,-2.058216525313138
4947,REG2021EEE04947,2021,EEE,REGULAR,1.5007644606990582,-0.2837428333470112,-1.7504537000778286
4948,REG2021ECE04948,2021,ECE,REGULAR,-0.7044393994194625,-0.3324045492188893,-1.5247734068670153
4949,REG2023CE04949,2023,CE,REGULAR,-0.7157123859651767,0.8435055018131346,-0.915279971232168
4950,REG2023ME04950,2023,ME,REGULAR,-1.331260140259304,0.7888125890608801,0.5567986027252951
4951,REG2023CE04951,2023,CE,REGULAR,-0.9152570482151281,-0.6731585686658821,1.7696662828538645
4952,REG2020ME04952,2020,ME,LATERAL_ENTRY,0.8183429103447353,2.2563678591478635,-0.025823652132328952
4953,REG2022CSE04953,2022,CSE,REGULAR,-0.3102605030023337,0.7683944245371448,-0.6327386948746901
4954,REG2023ECE04954,2023,ECE,REGULAR,0.7652427875460576,0.3580072013498461,-0.21576442509979982
4955,REG2023EEE04955,2023,EEE,REGULAR,-0.015046004039790478,-0.47714101572862794,-0.8150670368296582
4956,REG2020ECE04956,2020,ECE,REGULAR,0.08987715784191591,0.3679837126570526,1.3194800156989013
4957,REG2023ECE04957,2023,ECE,REGULAR,-1.3378202149684653,1.2478498255633292,0.5015384081206522
4958,REG2022ECE04958,2022,ECE,REGULAR,-0.5159542609195961,0.843184219245011,0.7079133390535047
4959,REG2022CSE04959,2022,CSE,REGULAR,-1.383886489936091,-0.26400377155395416,0.5262485386830472
4960,REG2021CE04960,2021,CE,REGULAR,2.526672679697202,-0.6387790693209986,0.457363052439717
4961,REG2023ME04961,2023,ME,REGULAR,0.31671234375821283,-0.1973141342837301,0.9720326824227908
4962,REG2021CSE04962,2021,CSE,REGULAR,-0.09400402436845126,-1.2913158818855415,-1.4217369414503513
4963,REG2022ECE04963,2022,ECE,REGULAR,1.507097033763506,0.6644942100727741,-0.1981823400273724
4964,REG2023CE04964,2023,CE,REGULAR,0.9130809394958386,0.6385360777891055,0.3783243606120013
4965,REG2023CSE04965,2023,CSE,REGULAR,-0.0022591468147011135,0.2928241699261369,-0.256945295835506
4966,REG2023ME04966,2023,ME,LATERAL_ENTRY,0.2980136055977819,0.8676601410556147,-0.03649927744616561
4967,REG2023ME04967,2023,ME,REGULAR,1.0182358008276973,0.49493523673947365,0.9020871144779922
4968,REG2022EEE04968,2022,EEE,REGULAR,1.0514829612327208,-1.492751175906025,1.0317987545994007
4969,REG2023ME04969,2023,ME,REGULAR,1.4148288631673296,-0.8684699215848495,0.06803951374163668
4970,REG2021CE04970,2021,CE,REGULAR,0.7548240252178436,0.5963755106488313,-0.27592781665416066
4971,REG2023EEE04971,2023,EEE,REGULAR,-0.9616647278159259,-0.8087718695390496,0.800376599378626
4972,REG2022CSE04972,2022,CSE,REGULAR,0.6509289977304586,1.0063355691051292,1.603369492007377
4973,REG2022ECE04973,2022,ECE,REGULAR,-0.8100556330335452,-0.21298491145149262,-1.9820165976650397
4974,REG2021ECE04974,2021,ECE,REGULAR,0.9288913517424894,-1.0600588054595188,-0.4345967295089501
4975,REG2021CSE04975,2021,CSE,REGULAR,-0.8222314865152639,-0.5932743658866565,0.052596639200335984
4976,REG2023EEE04976,2023,EEE,REGULAR,-0.8006674943199541,-1.2268217998357656,-0.14236713299341128
4977,REG2023EEE04977,2023,EEE,REGULAR,-1.1675069111668666,1.233049176131866,-0.11706667750041706
4978,REG2023ME04978,2023,ME,REGULAR,0.14074356331026205,0.40656428159315994,-0.1781000464652431
4979,REG2022ECE04979,2022,ECE,REGULAR,0.44969245811938263,-0.8238727642994851,1.874446762570269
4980,REG2022CE04980,2022,CE,REGULAR,0.003676698628433764,0.27192543400852975,0.2623363625385364
4981,REG2023ME04981,2023,ME,REGULAR,-0.29379619005623764,-0.8707744094837411,1.1355319053841952
4982,REG2021ECE04982,2021,ECE,REGULAR,0.1292088858933108,-0.4790734441871695,0.34282291411968263
4983,REG2020EEE04983,2020,EEE,REGULAR,0.16362079777498512,-0.5664301483012153,0.1337449336546736
4984,REG2023ECE04984,2023,ECE,REGULAR,-1.4420933076707205,1.2909526020027116,0.5260724990076316
4985,REG2023ME04985,2023,ME,REGULAR,0.016020147396442846,-0.3209980679033862,1.8170683970092325
4986,REG2021ECE04986,2021,ECE,REGULAR,0.8074477120311598,-0.6637387810974498,0.5112516516180221
4987,REG2023ECE04987,2023,ECE,REGULAR,0.29752701387571207,0.02761202599206727,-0.4549934116476168
4988,REG2022ME04988,2022,ME,LATERAL_ENTRY,0.6948247065737201,0.639020475468985,-1.4995960965593678
4989,REG2020ME04989,2020,ME,REGULAR,-1.5458036763256162,0.12977573232761952,0.5390425910626099
4990,REG2023CE04990,2023,CE,REGULAR,0.15160806864456286,-0.1091385848457553,-0.33058533845833193
4991,REG2020CE04991,2020,CE,REGULAR,-1.3352669001509854,0.6726955070001017,1.6666495531909957
4992,REG2020ECE04992,2020,ECE,REGULAR,-1.245235721500435,-0.15623439385304017,0.6178554137565535
4993,REG2022CSE04993,2022,CSE,REGULAR,0.10267839822383831,1.3055539783687233,-0.5299338174188216
4994,REG2020CSE04994,2020,CSE,LATERAL_ENTRY,1.0223232241189144,1.4343458016357111,-0.7303548609804004
4995,REG2020CSE04995,2020,CSE,REGULAR,0.4966425935770525,0.4174199782469743,0.07489999462842542
4996,REG2020CE04996,2020,CE,REGULAR,0.6269269358944517,-1.2071044856692554,-0.20501448609186135
4997,REG2021ME04997,2021,ME,REGULAR,1.4296542306209539,-1.4234617103629381,-0.41768587466464496
4998,REG2023ME04998,2023,ME,REGULAR,-1.136714005391555,0.021425962182489166,-0.6848449682184525
4999,REG2021EEE04999,2021,EEE,REGULAR,0.1902685298731262,1.2372624993044918,0.8896833143342646
5000,REG2023EEE05000,2023,EEE,REGULAR,-0.40686811201441303,0.4904264086772807,-1.3818582954582699
5001,REG2020ECE05001,2020,ECE,REGULAR,0.5426887295953479,-0.5414046226585003,-0.2649504705362605
5002,REG2022ME05002,2022,ME,LATERAL_ENTRY,-0.7306780772975872,-0.44131900440009764,0.9294790620935388
5003,REG2021EEE05003,2021,EEE,REGULAR,-0.6241202228669391,-1.5643303264490933,-0.5013860890772907
5004,REG2021CE05004,2021,CE,REGULAR,0.2826338562598923,-0.4640524190598281,0.28265778915659506
5005,REG2022CSE05005,2022,CSE,REGULAR,-0.3423539738532581,-2.538881896648163,2.02444762756604
5006,REG2020ECE05006,2020,ECE,REGULAR,-2.4941955180760433,-0.7862075026096904,-1.28180351301372
5007,REG2021ME05007,2021,ME,REGULAR,1.8594035669694742,-0.48850833777248465,0.1947801042868128
5008,REG2021EEE05008,2021,EEE,REGULAR,-1.3719403342499414,-1.605325281353718,0.6071510407793064
5009,REG2023EEE05009,2023,EEE,REGULAR,-0.931212511641638,-0.41430035209331423,-1.4412266373977634
5010,REG2022CE05010,2022,CE,REGULAR,0.5221273258126163,0.05858158133794685,1.7122092561041704
5011,REG2020CSE05011,2020,CSE,REGULAR,0.5885609305083879,-2.076402464223891,-0.4797142829190883
5012,REG2021CSE05012,2021,CSE,REGULAR,-0.08690004665305713,0.23428514610215595,0.24758848277055628
5013,REG2023CE05013,2023,CE,REGULAR,-0.65525128961049,0.6387392794771305,-0.4962305604880284
5014,REG2020EEE05014,2020,EEE,LATERAL_ENTRY,0.28647008643351857,1.0865719049305225,1.600129099440466
5015,REG2022ME05015,2022,ME,REGULAR,0.14186329820713003,-0.30353400671774805,-1.5431168548111496
5016,REG2020CE05016,2020,CE,REGULAR,-1.0032894910956942,0.22944190292056701,1.836493719939752
5017,REG2023CSE05017,2023,CSE,REGULAR,1.1225231425531164,0.37093374613495905,3.4027376521279082
5018,REG2020CSE05018,2020,CSE,REGULAR,-1.090704762427377,0.604058006107895,0.06248469175184951
5019,REG2020EEE05019,2020,EEE,REGULAR,-0.29745492986462474,0.5554115258492787,0.7465416529872753
5020,REG2023ME05020,2023,ME,REGULAR,-0.5646851171447034,0.5037573134162037,0.5537517287087826
5021,REG2023EEE05021,2023,EEE,REGULAR,-0.2334709184933037,-0.5076516717423353,0.0005059017199613115
5022,REG2023CE05022,2023,CE,REGULAR,-0.5462993125566823,0.519846079869472,1.0962249719098525
5023,REG2020CSE05023,2020,CSE,REGULAR,0.9617159605132203,0.5066221699517468,0.3808246958379096
5024,REG2022CSE05024,2022,CSE,REGULAR,0.6980015875105318,0.010051572234199141,-0.01254894461614478
5025,REG2023ECE05025,2023,ECE,REGULAR,0.86694067858439,0.501317120140041,-1.270454883105296
5026,REG2022CE05026,2022,CE,REGULAR,0.3379063484987249,-0.8211319604881048,1.3552361767718226
5027,REG2023CE05027,2023,CE,LATERAL_ENTRY,1.0992283453903484,0.9172984966093122,-0.24915793156608274
5028,REG2022CSE05028,2022,CSE,REGULAR,-0.42719573274500133,-0.673874295883308,1.883357591142344
5029,REG2023ECE05029,2023,ECE,REGULAR,0.6051760553669455,-1.4332870705809797,-0.5088954401106167
5030,REG2021CE05030,2021,CE,REGULAR,-0.14316910032199118,-1.3730475446650445,0.6597747586417776
5031,REG2020EEE05031,2020,EEE,REGULAR,0.0546829135694863,-2.0863241335833753,0.0908279858682596
5032,REG2023ME05032,2023,ME,REGULAR,-0.2917373276215031,-1.3878774628873716,-0.2941077709239494
5033,REG2021ECE05033,2021,ECE,REGULAR,0.021333557920609206,0.3284278781737977,-0.5859623928809357
5034,REG2022ME05034,2022,ME,REGULAR,0.33574570276792026,-1.816944257084271,0.815922295267418
5035,REG2021CSE05035,2021,CSE,REGULAR,0.0939071779108863,-0.3133270476275815,-0.092736533555633
5036,REG2023EEE05036,2023,EEE,REGULAR,-1.0193064483091079,-1.0624653659987344,-0.9343132980025886
5037,REG2020ECE05037,2020,ECE,REGULAR,0.6061209169076671,-0.22222340804689023,-0.24399499959201187
5038,REG2021EEE05038,2021,EEE,REGULAR,0.7370615112245512,0.12234079340256017,-1.5582943219927787
5039,REG2021EEE05039,2021,EEE,REGULAR,-0.7741249689515213,-0.4832140905828485,-1.0962290992534973
5040,REG2023ME05040,2023,ME,REGULAR,0.7361028732976659,-0.0759376371707834,0.5216414117302741
5041,REG2021CE05041,2021,CE,LATERAL_ENTRY,0.554022498068174,-1.1257571450989348,1.6062966429615502
5042,REG2022EEE05042,2022,EEE,REGULAR,-0.9429002079252653,0.2787291273955487,1.438600116800554
5043,REG2023CE05043,2023,CE,REGULAR,0.4517753858746905,0.03984930415032582,-0.16221914902155288
5044,REG2021ECE05044,2021,ECE,REGULAR,1.8289096324371779,-1.309739501988946,0.19504708055221823
5045,REG2022ME05045,2022,ME,REGULAR,-1.941418066886643,-1.6095021238917289,0.9094591724975635
5046,REG2021CSE05046,2021,CSE,REGULAR,-0.6637464465989442,-2.0101277317812185,0.21116353476253155
5047,REG2020ECE05047,2020,ECE,REGULAR,-0.1912510116671379,-0.442839534980301,-1.1430427129912466
5048,REG2022ECE05048,2022,ECE,LATERAL_ENTRY,0.6033039051590727,-0.43023124540051244,0.9845895393798775
5049,REG2023ECE05049,2023,ECE,REGULAR,0.6240653871227577,1.0312239660667364,-0.5188447887767462
5050,REG2022EEE05050,2022,EEE,REGULAR,1.3879513145244782,-0.1572621940434692,-0.23096113911903812
5051,REG2021EEE05051,2021,EEE,REGULAR,-0.5540839469745903,1.1552636359067368,-0.9566927233297985
5052,REG2023ECE05052,2023,ECE,REGULAR,0.578439606354987,0.44532209360601877,1.5369338668031245
5053,REG2023CE05053,2023,CE,REGULAR,-0.4076110626438733,0.7950198489045546,-0.9451603553528692
5054,REG2023ME05054,2023,ME,REGULAR,-1.0729081232794484,1.2638131130310506,0.141318122708073
5055,REG2021EEE05055,2021,EEE,REGULAR,-1.0520902700639592,0.14000704127928698,0.047322738998269366
5056,REG2020CE05056,2020,CE,REGULAR,0.05174920349191378,-2.390111335909775,-0.8308978302982771
5057,REG2020CE05057,2020,CE,REGULAR,-0.07025089576106962,0.6341670422732915,0.32200962980915593
5058,REG2021CSE05058,2021,CSE,REGULAR,1.1982453354162568,-0.13990797250789117,0.02978668078180274
5059,REG2021EEE05059,2021,EEE,REGULAR,-0.9208856304183295,1.0023442202797754,-0.7823333998495458
5060,REG2022CSE05060,2022,CSE,REGULAR,-0.2469188361740623,1.5801641876978867,-0.031309759436666654
5061,REG2021ECE05061,2021,ECE,REGULAR,-0.2967240129935167,0.05877595092145416,1.4088553081678725
5062,REG2021ECE05062,2021,ECE,REGULAR,-0.5411934825506218,0.0682535683050613,0.3031294530691815
5063,REG2022ECE05063,2022,ECE,REGULAR,1.194046983662575,0.3814415253190378,1.2411183724953738
5064,REG2021CE05064,2021,CE,LATERAL_ENTRY,0.5637147224289293,0.2183392548383408,-0.7998844764813344
5065,REG2023EEE05065,2023,EEE,REGULAR,-0.7886245886790834,0.02434771772363109,1.2401801857544885
5066,REG2022CSE05066,2022,CSE,REGULAR,0.603984753898871,-0.6973447334942577,3.5058714035449148
5067,REG2023ME05067,2023,ME,REGULAR,-1.3677301092862344,-1.7457006029201294,-1.1397250691608476
5068,REG2020CE05068,2020,CE,REGULAR,-0.8487638743705084,0.8345015615853182,-0.1991309775185228
5069,REG2020CSE05069,2020,CSE,REGULAR,-0.3825468151370136,-0.9379904718585524,0.4427213922066657
5070,REG2020ECE05070,2020,ECE,REGULAR,-0.18115429106513675,-1.0396030667268645,0.2967397631334794
5071,REG2021EEE05071,2021,EEE,REGULAR,-1.032675529017987,-1.253766331991023,0.22857208632752485
5072,REG2020CSE05072,2020,CSE,REGULAR,-0.7758714994462428,0.4863532058246964,-1.0057392388170292
5073,REG2023ECE05073,2023,ECE,LATERAL_ENTRY,-0.6758804361079085,-0.5157840675199001,-0.8121583635515687
5074,REG2020CE05074,2020,CE,LATERAL_ENTRY,1.7850297916134417,-0.20191360028107427,0.2214170617242611
5075,REG2021ECE05075,2021,ECE,REGULAR,-0.5140917818986441,0.3149269263517133,-0.3438857497474371
5076,REG2022CE05076,2022,CE,LATERAL_ENTRY,0.6042296538782145,0.04138918923712331,-1.483652893919837
5077,REG2023CE05077,2023,CE,REGULAR,0.2555224367955003,-1.9687390705044756,0.5001316508223496
5078,REG2023CE05078,2023,CE,REGULAR,-0.4346275220145997,1.0259260648241921,0.6050464857777307
5079,REG2021CE05079,2021,CE,REGULAR,0.3175992790739987,-1.0010203650894056,-0.8134347809209731
5080,REG2023CSE05080,2023,CSE,REGULAR,0.9179144432901625,0.6926207493478533,1.204511787780645
5081,REG2021CSE05081,2021,CSE,REGULAR,-0.32469837077203106,-0.07652791855812388,0.7143428348796169
5082,REG2021ME05082,2021,ME,LATERAL_ENTRY,2.183473124197588,1.2531514008522797,0.4879127521278857
5083,REG2023CSE05083,2023,CSE,REGULAR,0.7837360565949635,-0.7447918122198587,-0.5051138001520992
5084,REG2020CE05084,2020,CE,REGULAR,-2.2873454061413883,0.7951657775365581,1.3337513154370604
5085,REG2023ME05085,2023,ME,REGULAR,-0.2501933846739631,-1.111886596473876,0.1706287454105469
5086,REG2022CE05086,2022,CE,REGULAR,-0.1648871176677559,0.14810321942690882,-0.7002288365439616
5087,REG2021EEE05087,2021,EEE,REGULAR,0.20149451784468983,1.387205268412806,0.39875038991785505
5088,REG2020CE05088,2020,CE,REGULAR,-0.48706571115909436,0.812039023797824,-0.0565701386731725
5089,REG2021CE05089,2021,CE,REGULAR,-0.9333881156319407,0.5989984011251621,-0.8088972712108411
5090,REG2020CE05090,2020,CE,REGULAR,-0.4079318125445338,-0.9199484578459436,0.5770940278389297
5091,REG2022CSE05091,2022,CSE,REGULAR,1.052887506078674,-0.8725890149235329,0.19377229628235262
5092,REG2022EEE05092,2022,EEE,REGULAR,-0.12758950539970948,-0.7145714588424094,1.0512243802489618
5093,REG2021CE05093,2021,CE,LATERAL_ENTRY,0.10222409893820712,2.281210346991448,0.4603517437997635
5094,REG2022CSE05094,2022,CSE,REGULAR,1.0671090404277497,0.12655197188169137,-0.6826598537523834
5095,REG2020CE05095,2020,CE,LATERAL_ENTRY,0.6310374523340704,-0.3052032818086841,0.8587555393929088
5096,REG2020EEE05096,2020,EEE,REGULAR,0.18321845840847106,1.2859115177846179,-0.7009340983808914
5097,REG2021CSE05097,2021,CSE,LATERAL_ENTRY,0.5023647690671023,0.6371960065115271,-0.560290476986782
5098,REG2023ECE05098,2023,ECE,REGULAR,0.896857164238308,0.9537502593951385,0.6200865894994544
5099,REG2023ECE05099,2023,ECE,REGULAR,-0.0052987294202601525,0.37523126331094325,1.2596179891688926
5100,REG2023ECE05100,2023,ECE,REGULAR,-0.008316163020389464,0.7653716620802649,-1.3560258044418514
5101,REG2021CE05101,2021,CE,REGULAR,0.010697207125230432,0.9509221185211655,1.3070354319548776
5102,REG2022EEE05102,2022,EEE,REGULAR,-0.21710574702177146,1.060828686985884,0.07226790976889787
5103,REG2022EEE05103,2022,EEE,REGULAR,-0.6189081246215511,0.9182308804777409,-0.02567526035448676
5104,REG2022ME05104,2022,ME,REGULAR,-1.2779131065564706,-1.4997148109085592,-0.02097995741445105
5105,REG2022EEE05105,2022,EEE,LATERAL_ENTRY,-2.4202174714597056,-0.5181652898279008,0.23103032574284177
5106,REG2020ME05106,2020,ME,REGULAR,-1.057016504055358,-1.0167009527519517,-0.29804417419648666
5107,REG2020ECE05107,2020,ECE,LATERAL_ENTRY,0.02361352777362148,0.037892435737037544,-0.22604287685978783
5108,REG2023CE05108,2023,CE,REGULAR,0.6396273271013776,-0.4144643921898409,1.6626662133433976
5109,REG2020CSE05109,2020,CSE,REGULAR,1.3498300199126105,0.0989302312771099,0.6637084935342772
5110,REG2022ME05110,2022,ME,REGULAR,0.08331558411114623,-1.3429568471873368,0.928924428678931
5111,REG2020CE05111,2020,CE,REGULAR,-0.33311340158228414,-0.4809134069725502,-0.12715772703119363
5112,REG2022CSE05112,2022,CSE,REGULAR,0.2899847584419741,0.9622177013994834,0.9526867549081699
5113,REG2022ECE05113,2022,ECE,REGULAR,-1.6688667501940821,0.13302073809059622,0.6043042797015853
5114,REG2020CE05114,2020,CE,REGULAR,-1.3137193447931608,-0.7290446827072657,-1.472089067485092
5115,REG2021EEE05115,2021,EEE,REGULAR,0.25319000711096085,0.6812704285217696,-2.3085778893287237
5116,REG2022CSE05116,2022,CSE,REGULAR,-0.469439232324967,0.6504337597562696,2.6026683254062593
5117,REG2022ECE05117,2022,ECE,REGULAR,-1.7663039054399212,0.7158731143522731,-2.023390307359894
5118,REG2021ME05118,2021,ME,REGULAR,-0.7898195303110573,1.4967559624156919,1.005801578220973
5119,REG2022CE05119,2022,CE,REGULAR,-1.4004227641684341,-0.40402997776819655,0.7924970914794153
5120,REG2021CE05120,2021,CE,REGULAR,-1.6993850750201835,2.263227528627352,0.9555360257614003
5121,REG2021CSE05121,2021,CSE,LATERAL_ENTRY,1.4165838233446926,0.3033923751977811,0.1530317527811502
5122,REG2020ME05122,2020,ME,REGULAR,-1.6305128776410573,0.8074298502955989,-2.0766160121985853
5123,REG2021ME05123,2021,ME,LATERAL_ENTRY,0.042064072869652046,0.4785726650448128,-1.3259448440296013
5124,REG2020ME05124,2020,ME,REGULAR,1.093825224937795,-0.34494931521447475,-1.8269103039659818
5125,REG2022CE05125,2022,CE,REGULAR,-0.7760821833355165,1.4045270243027541,-1.2927294966948004
5126,REG2021ME05126,2021,ME,REGULAR,0.35505657592047163,-0.2796876819379704,-0.1805892108162513
5127,REG2022CSE05127,2022,CSE,REGULAR,1.0271778715306177,0.6658021354525195,-0.9878195767148771
5128,REG2021ECE05128,2021,ECE,LATERAL_ENTRY,1.4114655945067667,0.022345513642150455,-0.12469139123201757
5129,REG2022ME05129,2022,ME,REGULAR,0.13221669264064909,0.10067974076098613,0.8378382834844932
5130,REG2022EEE05130,2022,EEE,REGULAR,0.968845664166874,0.33657579549306055,-1.547610596879644
5131,REG2020ME05131,2020,ME,REGULAR,0.5531833867072384,1.7637309401620267,-0.7458599756833896
5132,REG2023CE05132,2023,CE,REGULAR,0.45266418435976336,-0.08056739537669876,0.6099233332422138
5133,REG2021CSE05133,2021,CSE,REGULAR,-0.6162908675886373,0.46138444108535265,0.13025478314455968
5134,REG2020ME05134,2020,ME,REGULAR,0.621078243485364,-1.088301632179222,-0.4112308098598075
5135,REG2021CE05135,2021,CE,REGULAR,0.43557398287542815,-0.7566602914350556,0.14872770696440726
5136,REG2023ECE05136,2023,ECE,REGULAR,-0.11110866627749161,-0.33506827192768973,-1.313503393269757
5137,REG2020CE05137,2020,CE,REGULAR,0.7830292925387224,0.3490704507698706,0.061278043088645436
5138,REG2022EEE05138,2022,EEE,REGULAR,-1.0478672072542503,0.7789503416990358,1.2398526760867261
5139,REG2020EEE05139,2020,EEE,REGULAR,0.5261488251233458,-0.6056683817585125,-0.2874841699048722
5140,REG2020EEE05140,2020,EEE,LATERAL_ENTRY,0.9677788616649624,-0.8020080052795255,-0.7289904579723071
5141,REG2020ECE05141,2020,ECE,LATERAL_ENTRY,-1.2856748527990398,-1.719894766796426,0.15113738166363597
5142,REG2023ECE05142,2023,ECE,LATERAL_ENTRY,-1.9555985547325716,1.886128670652059,0.6073502030725716
5143,REG2020ECE05143,2020,ECE,REGULAR,-0.5643130549402294,-0.4206911385002192,-0.03540292183077104
5144,REG2020ECE05144,2020,ECE,REGULAR,-0.5840714241793802,0.5705474441176214,-0.38939848922259673
5145,REG2022ME05145,2022,ME,REGULAR,0.7461602993227706,1.9304043028738802,1.7681436184411299
5146,REG2021EEE05146,2021,EEE,REGULAR,-0.8595040145240147,0.050407579212079945,-0.9545058485177996
5147,REG2023CSE05147,2023,CSE,REGULAR,-2.2587494578265033,-0.7706624552844793,-1.2667873797738771
5148,REG2020ECE05148,2020,ECE,REGULAR,-1.208450893664569,-0.7348166194464202,0.8176457260783908
5149,REG2023ME05149,2023,ME,REGULAR,-0.5794902937541369,-0.2784069882877729,-0.3452388257321559
5150,REG2021EEE05150,2021,EEE,LATERAL_ENTRY,-0.6595764912554103,-0.8720188700060769,1.0021609527919988
5151,REG2021EEE05151,2021,EEE,REGULAR,0.2635359332565201,-1.2602580457136847,-1.9549589945621006
5152,REG2022EEE05152,2022,EEE,REGULAR,1.0649885920318591,-0.912438604082267,-0.09715420463255917
5153,REG2021ECE05153,2021,ECE,REGULAR,-0.07467471010404506,-1.3802817263790528,-0.26381528299565
5154,REG2022ME05154,2022,ME,REGULAR,1.124665455793405,-0.8700521195089783,-1.561694506799495
5155,REG2021CE05155,2021,CE,REGULAR,0.7301878551878013,-0.9789400599368574,-1.6999821246734823
5156,REG2021ME05156,2021,ME,REGULAR,-0.9452393052823004,0.22221911339845182,0.3868418195334683
5157,REG2022EEE05157,2022,EEE,REGULAR,0.846853693399184,0.6836197510505335,0.43261564955955617
5158,REG2020ECE05158,2020,ECE,REGULAR,-1.1046460168216612,-0.29744475464423265,2.08407127365249
5159,REG2020EEE05159,2020,EEE,LATERAL_ENTRY,-1.0316983197683316,0.5043441746293211,0.5757899772517827
5160,REG2022CE05160,2022,CE,REGULAR,0.054975871562285256,0.26701033343017444,1.7899364863062825
5161,REG2020EEE05161,2020,EEE,REGULAR,0.712318400605223,0.15564204639382634,-0.8497999716267224
5162,REG2021ECE05162,2021,ECE,LATERAL_ENTRY,-0.22670396794487044,0.2237972517559919,-1.753739861637834
5163,REG2020ECE05163,2020,ECE,REGULAR,-1.4596802799194522,1.0187240714255752,-0.11421069623057244
5164,REG2021ME05164,2021,ME,REGULAR,-2.297082002377108,0.1800186742390526,0.6194391220402669
5165,REG2021EEE05165,2021,EEE,REGULAR,0.3236506616307848,0.5707831547859828,-0.5394702229650302
5166,REG2020ECE05166,2020,ECE,REGULAR,-0.7462879481178378,-0.6667593267858705,0.9753423994600604
5167,REG2022ECE05167,2022,ECE,LATERAL_ENTRY,1.9746523622218093,0.17104406892415022,-0.5270169873833069
5168,REG2020CSE05168,2020,CSE,REGULAR,-0.7727388029500236,1.4493091228686754,-0.032838350655947084
5169,REG2023CSE05169,2023,CSE,REGULAR,-0.8830551216083591,1.124176785112353,1.6338702782782046
5170,REG2022CSE05170,2022,CSE,REGULAR,-1.0206019727813198,-1.03943096290067,0.03998193423012464
5171,REG2021CSE05171,2021,CSE,REGULAR,0.227015736955906,-0.590426954059752,0.7008290998250021
5172,REG2020EEE05172,2020,EEE,REGULAR,-0.7978868214958904,-0.2179517734540654,-1.8039926061165616
5173,REG2020CSE05173,2020,CSE,REGULAR,-1.195644430984824,-0.9537823799208845,-1.1437335394964545
5174,REG2020CSE05174,2020,CSE,REGULAR,2.8912118498389834,-0.7105899973370841,-0.18382442313576625
5175,REG2021ECE05175,2021,ECE,REGULAR,-2.509993478539903,-0.5914322608057916,-1.2100880768704287
5176,REG2023CE05176,2023,CE,REGULAR,0.5195878000182184,-0.08112798588823465,-0.7910973213180131
5177,REG2020CE05177,2020,CE,REGULAR,-0.9121600677553935,-0.7372708565175852,-1.6321759617193612
5178,REG2021ME05178,2021,ME,LATERAL_ENTRY,0.7027489962234076,0.8558538580091372,0.05961584255892774
5179,REG2021CE05179,2021,CE,REGULAR,0.36499013824175963,-0.8206089342568176,1.0493051132767572
5180,REG2023CSE05180,2023,CSE,REGULAR,0.772741452903988,-1.4669477270480307,1.5128467250280795
5181,REG2023ECE05181,2023,ECE,LATERAL_ENTRY,0.5741381092145837,-0.5221069919089798,-0.2866430463287567
5182,REG2021ECE05182,2021,ECE,REGULAR,0.3706985108610484,-2.6532096325947143,-0.7358945331454932
5183,REG2020ME05183,2020,ME,REGULAR,-0.21299344542284265,-0.009633553294811822,1.7066991305709414
5184,REG2023EEE05184,2023,EEE,REGULAR,1.0671133319769228,-2.6645392800663608,1.226097498125549
5185,REG2020CSE05185,2020,CSE,REGULAR,0.029816907408163715,1.0262313512617705,-0.3486762689336534
5186,REG2022ECE05186,2022,ECE,REGULAR,0.8228870732211897,-0.1080871455142573,-0.5093785763960906
5187,REG2020CE05187,2020,CE,REGULAR,0.4188137543207777,-1.1344605624724529,0.0720825987976789
5188,REG2020ME05188,2020,ME,REGULAR,1.5162182403476765,-1.0458838275177365,0.11732349683427376
5189,REG2022ME05189,2022,ME,REGULAR,-0.5669879138426778,-1.8660176735444909,1.1326224577717492
5190,REG2020CE05190,2020,CE,REGULAR,-0.019260756073364933,0.15300537317866494,0.1682591023545915
5191,REG2021CSE05191,2021,CSE,REGULAR,-0.13365973326242211,1.6193220763233047,0.5641169264001977
5192,REG2023CE05192,2023,CE,REGULAR,0.3511701427617313,0.11299176757799528,-0.9321312151135317
5193,REG2023CE05193,2023,CE,REGULAR,0.06706950001361274,0.056284019521290266,1.8579185627659338
5194,REG2020ME05194,2020,ME,REGULAR,-0.5358873933381993,1.3029300705980102,0.6104710014296784
5195,REG2022CE05195,2022,CE,REGULAR,-0.4387867762253878,-1.1242775620805696,-0.9826933811656179
5196,REG2023CSE05196,2023,CSE,LATERAL_ENTRY,-0.6021151440588168,1.2044724099051602,0.20624563762743722
5197,REG2022ECE05197,2022,ECE,REGULAR,1.186278271231893,-2.0315773243111184,0.12618315725359716
5198,REG2021ECE05198,2021,ECE,REGULAR,0.05740397701931097,1.4964560593725689,0.8285327771235158
5199,REG2022CE05199,2022,CE,REGULAR,-0.3295518779954617,-0.6492886613610113,0.420798888827516
5200,REG2021CSE05200,2021,CSE,REGULAR,-0.07653593926840017,-1.0375996955578972,-0.906762062917125
5201,REG2022ECE05201,2022,ECE,REGULAR,0.6542407547832082,1.0705335735578865,0.8912830354649167
5202,REG2020CSE05202,2020,CSE,REGULAR,-0.1984029863845394,2.012371447206125,0.12371225161601178
5203,REG2020ME05203,2020,ME,REGULAR,-0.43143897898355643,-1.602891765263958,1.0422478330483995
5204,REG2021ME05204,2021,ME,LATERAL_ENTRY,0.25321909055315567,2.0166124234609777,-0.4839833918632709
5205,REG2022CSE05205,2022,CSE,REGULAR,1.2751659659216854,1.8717672325304635,1.1399085368953736
5206,REG2023ME05206,2023,ME,REGULAR,-0.08159309037175738,0.022168774153206828,-0.24934425102874958
5207,REG2022EEE05207,2022,EEE,REGULAR,-0.3019714652350312,1.3748502667595048,-0.38470051233610336
5208,REG2021ME05208,2021,ME,LATERAL_ENTRY,-1.4060599718086115,-0.701169480102162,1.129911421484322
5209,REG2020ME05209,2020,ME,REGULAR,0.9947018818276537,2.1112577842249216,0.9860900139453599
5210,REG2020CSE05210,2020,CSE,REGULAR,0.576570862535079,-1.3371261791012425,0.13306196538049428
5211,REG2023CSE05211,2023,CSE,REGULAR,0.26430980213018973,-1.1689913581687024,0.38216268136080717
5212,REG2022CSE05212,2022,CSE,REGULAR,2.173759407717909,-0.2042334860648611,-0.09489130469109
5213,REG2022CE05213,2022,CE,REGULAR,-0.617645358877866,0.6882155675004508,-2.952629617510243
5214,REG2023ME05214,2023,ME,REGULAR,-1.004118320512435,0.44417832438655264,0.7639693062118063
5215,REG2021CE05215,2021,CE,REGULAR,-1.517354271858644,0.03978384457403792,-0.9527825649271481
5216,REG2023CE05216,2023,CE,REGULAR,-1.1518233273062533,-0.4322833291299641,0.05515455734158626
5217,REG2022CSE05217,2022,CSE,REGULAR,1.0956163217035402,1.6109118130799116,-2.3982401948107435
5218,REG2022CSE05218,2022,CSE,LATERAL_ENTRY,0.7672806540717602,-0.016053403387892604,-0.11674564527681242
5219,REG2020CSE05219,2020,CSE,REGULAR,0.4810557241417938,-0.026296200865641,-1.3844356039063366
5220,REG2023CSE05220,2023,CSE,REGULAR,-0.434073821759407,-0.6906584945615986,0.855460696245715
5221,REG2021ME05221,2021,ME,REGULAR,0.6429095694756753,1.0577932250374489,0.2675454009065674
5222,REG2022ECE05222,2022,ECE,REGULAR,-0.6540268813247058,-1.5050073595819247,1.449989384984865
5223,REG2022ME05223,2022,ME,REGULAR,0.31639491913403095,1.5041890523576396,-1.7126962484372337
5224,REG2021CE05224,2021,CE,REGULAR,0.9541514471891753,-0.5200599259812646,-1.315498039829754
5225,REG2023CSE05225,2023,CSE,REGULAR,0.41203453759627734,-1.626383983655783,1.39447065475768
5226,REG2021CE05226,2021,CE,REGULAR,-0.20486729699039533,-1.7073059417406735,-1.4443855144982707
5227,REG2020ME05227,2020,ME,REGULAR,0.9062158692056014,-0.5941922705388569,-0.15908666436861338
5228,REG2020EEE05228,2020,EEE,LATERAL_ENTRY,0.7628326416744843,0.5352151476096955,-0.43067639196021545
5229,REG2020EEE05229,2020,EEE,REGULAR,0.86817927305322,-0.7923692641806489,-3.0205759218297796
5230,REG2023EEE05230,2023,EEE,REGULAR,0.6795831493856468,0.26829321895653563,-0.5643098941401703
5231,REG2022CE05231,2022,CE,REGULAR,0.5113120415646291,0.6337551467484629,0.020336395176270283
5232,REG2022CSE05232,2022,CSE,REGULAR,-0.5690465038799614,1.250494731446685,-1.3559102302500399
5233,REG2021CSE05233,2021,CSE,REGULAR,-0.5821452529912836,-0.1242315564619369,1.3948783413476646
5234,REG2022CSE05234,2022,CSE,REGULAR,1.5032747399787987,0.7531486642778843,-0.17290351531906945
5235,REG2021EEE05235,2021,EEE,REGULAR,0.49166117485600924,-0.9689620553135486,0.2565137399918442
5236,REG2022ME05236,2022,ME,REGULAR,0.5355125448653145,0.08645909004244208,-0.36022177130603594
5237,REG2020EEE05237,2020,EEE,REGULAR,-0.6407752740865805,0.42593811094858863,1.2671281427247396
5238,REG2022CSE05238,2022,CSE,REGULAR,-1.39380444589965,0.03560196790503425,-0.05219750546286038
5239,REG2020CE05239,2020,CE,REGULAR,0.3842581368216289,1.133942553639173,-0.4809527296884268
5240,REG2023ME05240,2023,ME,REGULAR,2.438399345170654,0.6224833345615618,2.007988106470156
5241,REG2022ME05241,2022,ME,REGULAR,-0.5259720594039844,-1.0029428030900818,0.12180132231336971
5242,REG2022ME05242,2022,ME,REGULAR,0.2998304641277433,0.9463172875401986,0.8613444360172687
5243,REG2021ECE05243,2021,ECE,REGULAR,-1.8050659695960296,-0.2329179918021865,0.8158183517367985
5244,REG2020CSE05244,2020,CSE,REGULAR,1.0246351326235157,1.5149860127901007,-0.7877639046380632
5245,REG2022EEE05245,2022,EEE,REGULAR,-0.5519619488493829,-0.9491510991271574,0.7578427556043111
5246,REG2021ME05246,2021,ME,REGULAR,1.990661144817714,-0.9604754012186796,-0.2199582383319786
5247,REG2021CE05247,2021,CE,LATERAL_ENTRY,0.1356552909345557,0.04967108332519265,-0.6276832804858647
5248,REG2021ECE05248,2021,ECE,REGULAR,-0.42726444188310014,-0.9559819161112455,0.9278136785720362
5249,REG2023CE05249,2023,CE,REGULAR,1.3675257539154317,-1.485295181782108,-0.7246173885496873
5250,REG2023CSE05250,2023,CSE,REGULAR,0.18088362456584986,0.867153129040598,0.09693362573073926
5251,REG2023EEE05251,2023,EEE,LATERAL_ENTRY,-0.5522057386502511,0.3117144104601303,-1.0285747495287305
5252,REG2022ECE05252,2022,ECE,REGULAR,-0.56473269488416,-0.4946859343001644,-0.441965463321697
5253,REG2021ECE05253,2021,ECE,REGULAR,0.6255242662618888,-0.2717544564422458,0.4038264189739207
5254,REG2023ME05254,2023,ME,REGULAR,-1.2279626234965035,0.19499029209949587,-0.8591039801903084
5255,REG2021EEE05255,2021,EEE,REGULAR,-1.8086444634639394,0.9781563646485314,0.6520420732636613
5256,REG2022CE05256,2022,CE,LATERAL_ENTRY,1.1059903962856572,-0.037773569434509824,-1.6116046444752332
5257,REG2021CE05257,2021,CE,LATERAL_ENTRY,0.2664998672778076,0.8648830321968388,0.15494856082683417
5258,REG2022ECE05258,2022,ECE,REGULAR,0.030924820673397836,1.4517615783422129,1.5146031166692002
5259,REG2023CE05259,2023,CE,REGULAR,0.7874742003826457,0.30588893598212213,-1.160776265078479
5260,REG2022ECE05260,2022,ECE,REGULAR,1.1485236355549444,0.3263180277425046,0.13345539431185113
5261,REG2021ECE05261,2021,ECE,REGULAR,0.6070406874463314,1.9513040162890434,0.46295693595831766
5262,REG2020EEE05262,2020,EEE,REGULAR,1.1168096431432446,0.5098615991989659,1.0755195895643177
5263,REG2023EEE05263,2023,EEE,REGULAR,-0.7192952403482267,1.1386146991727846,1.2073523727744992
5264,REG2022EEE05264,2022,EEE,REGULAR,-1.105631945143854,0.4871218771837653,0.039496647959540825
5265,REG2023CSE05265,2023,CSE,REGULAR,1.4419128992311314,-0.7417277435486292,-0.5453620939834086
5266,REG2022CSE05266,2022,CSE,REGULAR,-1.2557905879189017,0.8561718363230225,1.0373083652909234
5267,REG2023EEE05267,2023,EEE,REGULAR,0.9874944315118808,0.44131336970445634,0.8934967632235289
5268,REG2021CE05268,2021,CE,REGULAR,-1.3869466213354347,-0.529197659071448,-0.7872221296404074
5269,REG2022EEE05269,2022,EEE,REGULAR,-0.5824530674659023,0.22938052449455837,0.7125886564968323
5270,REG2023CE05270,2023,CE,REGULAR,0.2185788620138145,0.6558193799892584,-0.5506831476461107
5271,REG2022CE05271,2022,CE,REGULAR,1.1160986657725531,-0.5489550412811088,1.1824765664496855
5272,REG2021EEE05272,2021,EEE,REGULAR,0.6073125806682945,-0.4120695350227244,0.7218143941474027
5273,REG2022ME05273,2022,ME,LATERAL_ENTRY,-0.14187672638301077,-0.9400674553918519,1.3462127661126204
5274,REG2020CE05274,2020,CE,REGULAR,-0.1015795887228356,1.7320210738754256,-0.4897145828286688
5275,REG2021CSE05275,2021,CSE,REGULAR,-0.991271853854199,-0.46314827048091856,0.03774252895020267
5276,REG2023CSE05276,2023,CSE,REGULAR,0.3938658563285947,0.5309868293620021,3.2153741962128324
5277,REG2022ME05277,2022,ME,REGULAR,0.33205912094908885,0.23555221128809056,-2.1553626710579175
5278,REG2023ME05278,2023,ME,REGULAR,0.42794744058852835,-0.1367788670590703,-0.06810057434217907
5279,REG2021ME05279,2021,ME,REGULAR,0.5012621313657312,2.9193393088871273,1.3714287917785561
5280,REG2021ME05280,2021,ME,REGULAR,-1.207781949695877,-0.3938873280762631,-0.30598845507444783
5281,REG2022EEE05281,2022,EEE,REGULAR,-0.2616361972827798,0.1677347969634752,-0.008126247507178327
5282,REG2022ME05282,2022,ME,REGULAR,-0.6985817161431249,0.5443006148308525,1.2154926684870857
5283,REG2021CE05283,2021,CE,REGULAR,-0.5768919889127124,0.6974254721003847,-0.21559773999953985
5284,REG2020EEE05284,2020,EEE,LATERAL_ENTRY,-0.09053605594820043,-0.7135564909387535,0.24467034907095767
5285,REG2020CSE05285,2020,CSE,REGULAR,0.38172664678788615,1.7635375024423534,-0.5950527062908985
5286,REG2022ECE05286,2022,ECE,REGULAR,0.04308374220212008,-0.6478484525505558,0.2946983608256279
5287,REG2021EEE05287,2021,EEE,REGULAR,-1.459523374055626,0.09779478281967469,0.42976962190497714
5288,REG2021CSE05288,2021,CSE,REGULAR,1.8604763531922952,-0.06669152760575146,0.765294923938275
5289,REG2021CSE05289,2021,CSE,REGULAR,-0.4727767705217715,-0.19858193474984068,0.2595974280715852
5290,REG2023ECE05290,2023,ECE,REGULAR,0.7727362139487892,-0.18995432395683556,-0.10951843596763612
5291,REG2021CSE05291,2021,CSE,REGULAR,0.4053146362044981,0.5391201720708986,-0.15158408776429266
5292,REG2021CE05292,2021,CE,REGULAR,-0.03910403619223957,0.9396183483653009,-0.036253436270985706
5293,REG2023CE05293,2023,CE,REGULAR,-0.238450407969941,0.7739623697604482,-1.7967075310398484
5294,REG2023CE05294,2023,CE,REGULAR,0.21457305427860696,-0.9064961190764659,0.007031797849549579
5295,REG2021EEE05295,2021,EEE,LATERAL_ENTRY,0.19106181728130361,-0.14865462863134246,-0.03921381392432935
5296,REG2022ME05296,2022,ME,REGULAR,-1.0507231951943212,-0.16279168174956857,-0.1822867064294734
5297,REG2020ME05297,2020,ME,REGULAR,-0.8947229994386406,1.4508473357321356,0.4212222394352376
5298,REG2023CSE05298,2023,CSE,REGULAR,0.028680695698867664,-0.6080226361889447,0.9456630645670078
5299,REG2022CE05299,2022,CE,REGULAR,-0.08270882698836318,-2.188155772043101,-1.680703993898314
5300,REG2020CSE05300,2020,CSE,REGULAR,0.9130677677337052,1.36392915380628,-2.4900126879660442
5301,REG2020CSE05301,2020,CSE,REGULAR,-0.3486320805156954,0.45499062133782886,1.817287559917934
5302,REG2022ECE05302,2022,ECE,REGULAR,1.2259698378236104,-0.23153942311748107,-0.019088750235941546
5303,REG2023CE05303,2023,CE,REGULAR,-1.106635312547847,1.1874843124607661,0.42770273525857644
5304,REG2021CSE05304,2021,CSE,REGULAR,-0.9128064712376655,-3.2648314800201907,-1.1995541043074305
5305,REG2022CE05305,2022,CE,REGULAR,-1.3097832656785362,-0.31660298832124273,0.23641298209678027
5306,REG2022CE05306,2022,CE,REGULAR,-0.576405649002546,1.3365826377007834,-1.7267063084454617
5307,REG2020EEE05307,2020,EEE,REGULAR,-0.7757461987075197,-1.4587053343066616,0.9587757181139501
5308,REG2022CSE05308,2022,CSE,REGULAR,-0.45976803568761254,1.335236789726289,1.3123371615559072
5309,REG2021ECE05309,2021,ECE,REGULAR,0.44986289318627387,-1.200186731360841,1.706505859050452
5310,REG2022EEE05310,2022,EEE,REGULAR,0.4990201452761796,-0.2889455016157498,1.216758238361086
5311,REG2021ECE05311,2021,ECE,LATERAL_ENTRY,0.666116837635053,1.1238664956919266,-0.6543701519743749
5312,REG2021EEE05312,2021,EEE,REGULAR,-0.16338501805032468,-2.736373011833098,-0.07882167349843713
5313,REG2022ECE05313,2022,ECE,REGULAR,0.8420799661018075,-0.49950855283674783,0.6844259767268462
5314,REG2020EEE05314,2020,EEE,REGULAR,1.9913659288826773,-0.5001111195421035,1.469968229826462
5315,REG2021ME05315,2021,ME,REGULAR,0.8283209195055898,-0.3727097961728264,0.9825215662373488
5316,REG2021CSE05316,2021,CSE,REGULAR,-0.2768075896600741,-1.0685344394660579,1.0166941516062575
5317,REG2020ECE05317,2020,ECE,REGULAR,1.1527559561785192,-0.9843751852765915,0.4228868439810012
5318,REG2020CE05318,2020,CE,REGULAR,-1.6927044934694395,-1.3804320822431462,-0.17534641494419065
5319,REG2021CE05319,2021,CE,REGULAR,0.6746715356076622,-1.0102259290521327,1.4466861694873019
5320,REG2020EEE05320,2020,EEE,REGULAR,-1.1632398287502903,0.16392595343337182,0.2259874601043047
5321,REG2023CE05321,2023,CE,REGULAR,0.1977074407087954,0.6744991984345704,0.39145949793353263
5322,REG2020CSE05322,2020,CSE,REGULAR,0.7836491298705383,-0.7585146075881439,1.8812490586389152
5323,REG2020ME05323,2020,ME,REGULAR,0.6696549532395544,1.0074425212393454,-0.7592362943615609
5324,REG2020ECE05324,2020,ECE,REGULAR,0.29890867729071147,0.19020210032479018,0.11032164714775473
5325,REG2021CE05325,2021,CE,REGULAR,-0.03846439050330999,0.5018095249542994,-1.314744357078559
5326,REG2021EEE05326,2021,EEE,REGULAR,1.4637518030426806,0.9091590151586006,-0.26850739449958455
5327,REG2022EEE05327,2022,EEE,REGULAR,-1.4208273355348109,-0.8349568270994477,-0.6861059072070211
5328,REG2020CSE05328,2020,CSE,REGULAR,0.648580937581085,-0.4583027694160942,-1.1805226692236097
5329,REG2020ECE05329,2020,ECE,REGULAR,-1.3071820316770864,0.3026691875657555,-1.5737434282599452
5330,REG2022ECE05330,2022,ECE,REGULAR,1.097118031812074,1.871476287573453,0.54754486585368
5331,REG2020EEE05331,2020,EEE,REGULAR,2.0946514531061515,1.0751707322839845,0.22785596051202625
5332,REG2022ECE05332,2022,ECE,REGULAR,0.2609869303203186,-0.3339908949868428,-1.2766762284895399
5333,REG2021CSE05333,2021,CSE,LATERAL_ENTRY,1.9223458376666447,1.2496303141701446,-1.6615526084419563
5334,REG2021ME05334,2021,ME,REGULAR,-0.2532098482065603,0.08907337827973262,-2.3252325239478
5335,REG2021CE05335,2021,CE,REGULAR,-2.055972388692753,0.6133768060328839,-0.7018445273715551
5336,REG2023CE05336,2023,CE,REGULAR,0.301297078306563,0.7915688682778428,0.2812873442405197
5337,REG2023ME05337,2023,ME,REGULAR,-0.17530181643194626,-0.06685285755151667,-0.7429879026720885
5338,REG2021ECE05338,2021,ECE,REGULAR,-0.7655837927368733,0.3275691768512657,-1.4899361498525714
5339,REG2023ME05339,2023,ME,REGULAR,-1.1189242769760182,0.016526414134551155,-1.8546093108984105
5340,REG2020CE05340,2020,CE,REGULAR,-1.3054620222731737,1.8220728655385423,0.4324431104243127
5341,REG2021ME05341,2021,ME,LATERAL_ENTRY,-0.38510537684445295,-0.7326361820476124,-1.0654417395505857
5342,REG2022ME05342,2022,ME,LATERAL_ENTRY,0.6638931260961352,0.5317976891314684,0.9993200520879085
5343,REG2022CSE05343,2022,CSE,LATERAL_ENTRY,-0.20655805372530803,1.1050408888324692,1.8795753732326748
5344,REG2022ME05344,2022,ME,REGULAR,-0.7378234494417371,-0.014542501903068994,-0.31490835880548207
5345,REG2023ME05345,2023,ME,REGULAR,-1.1782146354129148,1.5570271522103123,1.0351221657715732
5346,REG2021ECE05346,2021,ECE,REGULAR,1.2350557355075837,0.6091883582697796,1.6721977028160726
5347,REG2023ME05347,2023,ME,REGULAR,0.1385373478041709,-1.2962175786429473,0.579165798262454
5348,REG2021CSE05348,2021,CSE,REGULAR,1.122711825258746,-1.746965573342141,1.051991648992838
5349,REG2022ECE05349,2022,ECE,REGULAR,-0.8423812097141761,-0.39775397579106625,1.2920001205346991
5350,REG2020CSE05350,2020,CSE,REGULAR,-0.07216386261061636,1.3726856172464117,-0.37311596529218605
5351,REG2020ECE05351,2020,ECE,LATERAL_ENTRY,1.1635632730218786,-1.0442832330148661,-1.9461850177850732
5352,REG2021CE05352,2021,CE,REGULAR,-0.0072017043013197935,0.6467080799961509,0.3150773797253972
5353,REG2023ECE05353,2023,ECE,LATERAL_ENTRY,-1.068605230262619,-1.3637850295092178,1.15448705342534
5354,REG2020ECE05354,2020,ECE,LATERAL_ENTRY,-0.4202993458276141,-0.3894185332824212,1.4983115437496803
5355,REG2020ME05355,2020,ME,REGULAR,1.6458228486433821,0.3233511193290266,0.9356412912654548
5356,REG2022ECE05356,2022,ECE,REGULAR,0.584574199204878,-0.5165884417382725,-0.1943928039899187
5357,REG2022CSE05357,2022,CSE,REGULAR,1.7488170580290576,0.4264501036799486,-1.4531000597014467
5358,REG2020CE05358,2020,CE,REGULAR,-0.9008912214637983,0.6216601832420064,-0.7590600820148101
5359,REG2022ECE05359,2022,ECE,REGULAR,-0.033452447451612057,0.48127435339060404,0.4877212817468473
5360,REG2023ECE05360,2023,ECE,REGULAR,-0.6398787546476723,-0.07598326152577202,-0.26573908905086835
5361,REG2021EEE05361,2021,EEE,REGULAR,-2.203413549306812,0.28802597256950235,1.0243718156855974
5362,REG2022CSE05362,2022,CSE,REGULAR,1.801797600833343,-0.6412534584210361,-0.7441423045316258
5363,REG2023CSE05363,2023,CSE,REGULAR,0.2549553997857976,0.8962717297972916,0.5411131328738673
5364,REG2020EEE05364,2020,EEE,REGULAR,0.5290108165426278,-0.02772154159261788,0.6280732387611525
5365,REG2022ME05365,2022,ME,REGULAR,-0.5821861003739909,-0.5637499640439521,-0.7025176577467532
5366,REG2021ECE05366,2021,ECE,REGULAR,-2.7328005832330935,-0.2436569080913032,-0.8152513554104743
5367,REG2021CSE05367,2021,CSE,LATERAL_ENTRY,0.12090591508605468,0.23070615645769357,-0.9987968750056725
5368,REG2022CSE05368,2022,CSE,REGULAR,-1.3520364270678291,-0.11019354114247872,-0.4208965843081758
5369,REG2023CSE05369,2023,CSE,REGULAR,0.5485240609467514,-0.8611707301747715,-0.18438034891888244
5370,REG2020CSE05370,2020,CSE,REGULAR,-0.1672309439355046,-0.49398062965452055,-0.9025208390139428
5371,REG2021EEE05371,2021,EEE,REGULAR,-0.93267192695182,0.28547098088444556,2.079678694842312
5372,REG2022CE05372,2022,CE,REGULAR,-0.05238564501968958,0.8424755681978943,-0.08630237057180379
5373,REG2023CSE05373,2023,CSE,LATERAL_ENTRY,0.39287660202807756,0.949169398961522,-0.1810471491450446
5374,REG2022CSE05374,2022,CSE,REGULAR,1.0209448326571027,0.19944302356329688,0.027873962769991385
5375,REG2023EEE05375,2023,EEE,REGULAR,-1.4301224646271289,-0.6716971551122627,0.9572286943474708
5376,REG2022ME05376,2022,ME,REGULAR,0.24814917036594006,-1.333379596035383,1.69645197990074
5377,REG2023CSE05377,2023,CSE,REGULAR,-0.08362968483892229,-0.16402544226013785,0.49065968072538757
5378,REG2021CSE05378,2021,CSE,REGULAR,-1.8346883504522455,-0.4545664225417623,-0.8796956794701541
5379,REG2021ECE05379,2021,ECE,REGULAR,1.392864689751377,2.4737591571125623,-1.262850240148433
5380,REG2022ME05380,2022,ME,LATERAL_ENTRY,0.14730521396844534,0.258557713347964,-0.15126481168443745
5381,REG2020ECE05381,2020,ECE,REGULAR,-1.548037103720682,1.1114900125540779,-0.42421191501714567
5382,REG2020CE05382,2020,CE,LATERAL_ENTRY,-1.703631389491719,1.0723279007441147,0.10891823324467338
5383,REG2020CSE05383,2020,CSE,REGULAR,-1.4072698594385438,-0.5583009160358805,-0.14128731208993892
5384,REG2021CSE05384,2021,CSE,REGULAR,0.6527676617035099,0.7461274297952186,0.8646005863886839
5385,REG2021CE05385,2021,CE,REGULAR,2.2048050267173966,1.109719581705981,-0.18098247794339253
5386,REG2020EEE05386,2020,EEE,REGULAR,0.3713069185677303,-0.34212316964596406,-0.42440532293086547
5387,REG2021ME05387,2021,ME,LATERAL_ENTRY,0.28328271185022524,1.3651741038415348,1.3699019220049313
5388,REG2021EEE05388,2021,EEE,REGULAR,-0.0212484973470538,-1.531460426522707,0.3752015749164665
5389,REG2022CSE05389,2022,CSE,REGULAR,0.34447844084702445,1.2225441529329892,-0.3096887692908779
5390,REG2021EEE05390,2021,EEE,REGULAR,0.011996068938586246,-0.7218785348575827,-0.4884064331471405
5391,REG2023ECE05391,2023,ECE,REGULAR,1.2532416307710688,-0.7241931657359636,0.5544339008020016
5392,REG2023ECE05392,2023,ECE,REGULAR,0.17905926121595078,1.174681132528032,-0.7871465955299036
5393,REG2020CSE05393,2020,CSE,REGULAR,0.5445132224284427,0.11399358939169314,-0.6762615106134099
5394,REG2023EEE05394,2023,EEE,LATERAL_ENTRY,0.2400498284919416,0.09728466512625855,-0.8727834278536748
5395,REG2021EEE05395,2021,EEE,REGULAR,-0.6174388043530534,0.1909706068779726,-0.9745497120656837
5396,REG2020ECE05396,2020,ECE,REGULAR,-0.6748850584000201,-1.7029153952145966,1.4402969488059867
5397,REG2023CE05397,2023,CE,REGULAR,0.36106619148738356,0.29444023445214984,-0.21116034237554676
5398,REG2020CE05398,2020,CE,REGULAR,1.3002609663662363,-0.8825370591471574,-0.36159738167651845
5399,REG2020CE05399,2020,CE,REGULAR,-0.7405410168460931,0.5744868070799837,-0.42694261727167326
5400,REG2021EEE05400,2021,EEE,REGULAR,-0.7246893563583545,1.16837623393722,0.6322204387036022
5401,REG2021ME05401,2021,ME,REGULAR,-0.8645110251582188,-0.8636155641117497,-1.7952794226868964
5402,REG2023CSE05402,2023,CSE,REGULAR,0.9412496342517968,1.2923201351052573,-0.9875565970922491
5403,REG2020CE05403,2020,CE,REGULAR,-0.8193750806251868,1.2740751564877033,-0.7167444098096838
5404,REG2023CSE05404,2023,CSE,LATERAL_ENTRY,-2.1384179234065126,-0.5992217945308487,-0.13208215153889175
5405,REG2021CSE05405,2021,CSE,REGULAR,0.43850615570885465,0.637886057426405,0.1801723554969486
5406,REG2023ME05406,2023,ME,REGULAR,0.30211305729642474,0.20822375590912465,-0.9548917306102398
5407,REG2020CE05407,2020,CE,LATERAL_ENTRY,-0.3033173453674697,-1.0257240960920757,1.3322226217516155
5408,REG2022CE05408,2022,CE,REGULAR,0.6287170278110208,-0.3555094554691984,-0.9897190129539102
5409,REG2023ECE05409,2023,ECE,REGULAR,0.4538468939521329,1.2817262865203247,-0.20113741664285503
5410,REG2021EEE05410,2021,EEE,REGULAR,0.9456379879030803,2.2057826947481614,0.5664449867790268
5411,REG2021CE05411,2021,CE,REGULAR,0.9829956535096692,-0.4749428941734716,-0.0894580492473222
5412,REG2023ECE05412,2023,ECE,REGULAR,-0.11971095882379258,0.17751662024372747,-0.8489908479182133
5413,REG2021CE05413,2021,CE,REGULAR,-0.5602833661721806,0.05516451846556768,0.04179136862600226
5414,REG2023CE05414,2023,CE,REGULAR,-1.14058393294557,0.5465614854044272,-2.0308581451747902
5415,REG2022ECE05415,2022,ECE,REGULAR,-0.16953874196714738,0.6273757924946498,-0.5009939962405571
5416,REG2021ECE05416,2021,ECE,REGULAR,-0.39649065444505627,-0.6019543223620244,-0.8356122579941729
5417,REG2020ECE05417,2020,ECE,REGULAR,-0.9069425775460425,1.0821140893658505,2.156619626701526
5418,REG2021CSE05418,2021,CSE,REGULAR,-0.162825674933711,0.16219184797296837,-0.062085593018002004
5419,REG2023ECE05419,2023,ECE,REGULAR,-1.1247305359509945,0.8752428434669424,1.7131611125382187
5420,REG2022ME05420,2022,ME,REGULAR,0.21456243269177885,0.19492639126912756,0.48076852983170315
5421,REG2021ECE05421,2021,ECE,LATERAL_ENTRY,0.42179704058209344,1.717394551251721,0.2917802210326831
5422,REG2021CE05422,2021,CE,REGULAR,-0.9537718321627254,0.017214930452967528,-0.022284335568444388
5423,REG2022ECE05423,2022,ECE,LATERAL_ENTRY,-0.22785154872373053,-0.6439303503933773,-0.7854217083818482
5424,REG2022ECE05424,2022,ECE,REGULAR,0.35138731913812665,-1.5759321010266316,-1.1825022896844204
5425,REG2023CSE05425,2023,CSE,REGULAR,-0.603890183005066,0.8080773435940708,1.9327984465610621
5426,REG2021ME05426,2021,ME,REGULAR,-1.7274377325490444,0.8771041468173801,-0.9632977573738258
5427,REG2023ECE05427,2023,ECE,REGULAR,1.405519247201609,2.3959243932724488,1.0426283444050686
5428,REG2023ECE05428,2023,ECE,LATERAL_ENTRY,-0.47498868529273225,0.6458792802289014,-1.1548245049013222
5429,REG2022ME05429,2022,ME,REGULAR,-1.1304763078633313,0.13682955470490016,-0.9026007997796264
5430,REG2022EEE05430,2022,EEE,REGULAR,-1.1561969247643686,0.2620199762396622,-0.13473706324131265
5431,REG2022CE05431,2022,CE,LATERAL_ENTRY,1.5349462740315112,0.4955050980952219,0.07846389344841469
5432,REG2020EEE05432,2020,EEE,LATERAL_ENTRY,0.5381325493534344,-0.7513801233865582,1.7845107677245104
5433,REG2021ECE05433,2021,ECE,REGULAR,0.18714748687733387,-0.24565335212553394,1.3841401240464637
5434,REG2021ME05434,2021,ME,REGULAR,0.30118695807776713,0.6602178051358282,-0.4933103829559084
5435,REG2023EEE05435,2023,EEE,REGULAR,-0.38436794403205904,0.04783826840767946,-0.6330678408779763
5436,REG2023EEE05436,2023,EEE,REGULAR,2.208500923223844,2.1143250401497062,1.705564307575362
5437,REG2023CSE05437,2023,CSE,REGULAR,-0.7778024758269245,0.25705305843624027,-0.724370052997277
5438,REG2022ME05438,2022,ME,REGULAR,-0.43131734351567336,0.7538996372736357,-0.19140461628401628
5439,REG2021ECE05439,2021,ECE,REGULAR,-0.17028712574180055,-2.0006878797535244,-0.4908241829773584
5440,REG2020CSE05440,2020,CSE,REGULAR,0.8954408909483242,-0.4267913953985256,-0.725623418637142
5441,REG2020CE05441,2020,CE,REGULAR,0.047606256240413335,-0.7466134985689171,0.36044647439281186
5442,REG2022ECE05442,2022,ECE,REGULAR,-0.10395210679861994,0.08479333390976634,-0.8464034661161137
5443,REG2020EEE05443,2020,EEE,REGULAR,-0.5803563753213735,-0.985604583527803,-0.14238049521909976
5444,REG2022CSE05444,2022,CSE,REGULAR,-0.8614383167672615,0.40650672341409,-0.692954698328281
5445,REG2023ECE05445,2023,ECE,REGULAR,1.8388116620660824,0.43868105466377727,0.016409436719838952
5446,REG2020ME05446,2020,ME,REGULAR,-0.4004625294463759,0.04020522252541717,0.9158323963791997
5447,REG2022ME05447,2022,ME,REGULAR,-0.5652485758162297,-0.701043832696888,0.5107040955387433
5448,REG2021EEE05448,2021,EEE,REGULAR,-0.37508492496627543,0.42271530571062516,2.17691875739665
5449,REG2022ME05449,2022,ME,REGULAR,0.034344928782985146,-1.1283671800105513,0.02197596373242144
5450,REG2022CSE05450,2022,CSE,REGULAR,-1.4070606538734796,-0.3938754140712722,-0.36984246584347535
5451,REG2020CE05451,2020,CE,REGULAR,0.188146324290601,1.0681459401062943,0.786747631524257
5452,REG2022EEE05452,2022,EEE,REGULAR,-2.0289460137052475,1.2400178379609845,1.3010186229561822
5453,REG2023ME05453,2023,ME,LATERAL_ENTRY,-0.5176785676212998,0.3317440868702807,-0.3034555403154192
5454,REG2023ME05454,2023,ME,LATERAL_ENTRY,0.389114561358014,0.05450442177395479,-1.2554175643832894
5455,REG2023ECE05455,2023,ECE,REGULAR,0.06892069147245625,0.09827542495218733,-1.1973398528005825
5456,REG2023ECE05456,2023,ECE,LATERAL_ENTRY,0.9822088791166365,-0.4593742587772995,0.10328657600752063
5457,REG2021EEE05457,2021,EEE,LATERAL_ENTRY,1.985779549373067,1.3413058748422861,0.2966593265160523
5458,REG2020ME05458,2020,ME,REGULAR,-1.0444725383788875,0.12179664041887106,0.1540880330055167
5459,REG2022ME05459,2022,ME,REGULAR,2.0985659045592424,-0.9657225906570324,-0.4288758382637355
5460,REG2020CE05460,2020,CE,REGULAR,0.5611077487342973,-0.4877022872071766,1.4362227110394854
5461,REG2022EEE05461,2022,EEE,LATERAL_ENTRY,0.07597720888085205,-1.5125914665320206,-0.7887259510980241
5462,REG2023CSE05462,2023,CSE,REGULAR,-0.6482554662044676,-1.1943365618771817,-1.366479037394283
5463,REG2022ECE05463,2022,ECE,LATERAL_ENTRY,-0.426338728032689,-0.6608235406341877,-0.8934354692107637
5464,REG2023EEE05464,2023,EEE,REGULAR,-1.4625471844797457,0.6878661552525386,1.0888716958502505
5465,REG2023CSE05465,2023,CSE,REGULAR,0.23291879923906947,-0.39909478692541556,0.9826243156979101
5466,REG2022ECE05466,2022,ECE,REGULAR,1.119510130698893,0.6750986928114304,1.283438683342692
5467,REG2021CSE05467,2021,CSE,REGULAR,-0.7293426539008906,-0.4741502246312605,1.3103130798278235
5468,REG2023ECE05468,2023,ECE,REGULAR,0.6657486526313864,0.5252009660156798,-0.1565985659168632
5469,REG2022CE05469,2022,CE,REGULAR,1.48864969528744,-0.4036399014330134,-0.5052384218998289
5470,REG2021ECE05470,2021,ECE,REGULAR,-0.5386741603295901,0.5330235468619464,-0.19659192442141837
5471,REG2022CE05471,2022,CE,REGULAR,1.7491848493948563,-0.3133899617875706,0.8799039317010598
5472,REG2021ME05472,2021,ME,REGULAR,-2.0759212412459607,0.10325386386123157,-1.623821226655129
5473,REG2020CE05473,2020,CE,REGULAR,0.7436220817737631,0.8071746823125959,0.483886298648816
5474,REG2021EEE05474,2021,EEE,REGULAR,-0.43868010861277923,0.06289991740664036,1.120189460406847
5475,REG2020EEE05475,2020,EEE,REGULAR,1.153454640879411,-0.7011222117290825,0.12564123614751954
5476,REG2020CSE05476,2020,CSE,REGULAR,-0.1831360995172441,-1.2352896733908356,0.06433404081612315
5477,REG2022CE05477,2022,CE,REGULAR,0.3699945072275205,0.5865122189668235,-0.5778818370028561
5478,REG2022CE05478,2022,CE,REGULAR,-0.9220213783058668,0.5442315869226972,-1.148411663041408
5479,REG2021ME05479,2021,ME,REGULAR,0.6811801333529522,1.7449174627747135,-0.08867378366284955
5480,REG2023CSE05480,2023,CSE,REGULAR,0.048973273198022166,1.1925199800399207,-1.1588145250874216
5481,REG2022CSE05481,2022,CSE,REGULAR,0.14561613876517723,-0.7562534811269974,0.1311622012091869
5482,REG2022CE05482,2022,CE,REGULAR,0.9367472394406717,-0.8950201447628992,1.0942876803230348
5483,REG2022ECE05483,2022,ECE,REGULAR,-0.09964411002079346,0.305423416362696,-0.4564319536135384
5484,REG2020CSE05484,2020,CSE,LATERAL_ENTRY,-1.8162287732243299,-0.9741573417780406,-0.6372256980459021
5485,REG2020ECE05485,2020,ECE,REGULAR,-0.804936367170773,-1.799976570419055,1.0880388357617128
5486,REG2023CE05486,2023,CE,REGULAR,-0.4443862851055618,1.7167627491843505,-0.6570436972729109
5487,REG2021EEE05487,2021,EEE,REGULAR,-1.2326625434337564,-0.7427185622469633,-1.3011084070064949
5488,REG2020EEE05488,2020,EEE,REGULAR,0.955881275680714,0.01605419240771166,-0.20768286607957065
5489,REG2020EEE05489,2020,EEE,REGULAR,0.39193305651799115,0.20631063583417988,-1.1489295910028097
5490,REG2021CE05490,2021,CE,REGULAR,0.04480030049429682,0.602204328725248,0.6881967115905235
5491,REG2020CSE05491,2020,CSE,REGULAR,0.6909664671581661,-0.6533252536599984,-0.32213065161072396
5492,REG2023ME05492,2023,ME,REGULAR,-0.620491244842574,0.3726965971896672,0.03331729785012406
5493,REG2021ME05493,2021,ME,REGULAR,-1.4739119963281588,0.7808075600869208,0.5296891081501497
5494,REG2022CSE05494,2022,CSE,REGULAR,2.0554157406451323,1.2368593065974203,-0.32436053340558757
5495,REG2023ME05495,2023,ME,REGULAR,-0.7582157380585803,0.05594021799708043,-1.9474111116552133
5496,REG2021ME05496,2021,ME,REGULAR,0.8879325447984122,-0.7066016667211679,0.3242013953637317
5497,REG2022CE05497,2022,CE,REGULAR,1.4446619016378741,-0.5046947732222363,-0.21682274209381536
5498,REG2022ME05498,2022,ME,REGULAR,-0.2636442797444125,-0.6065355006629567,-1.5458589697859781
5499,REG2020EEE05499,2020,EEE,REGULAR,0.16360590961778826,-0.8630058476105167,-0.40861990571752194
5500,REG2021ME05500,2021,ME,REGULAR,0.6198340388780935,-1.0875522704108378,-0.3641042088884814
5501,REG2021CSE05501,2021,CSE,REGULAR,-0.03956983884379657,0.29241854743511353,-0.11631971586511303
5502,REG2021CE05502,2021,CE,REGULAR,0.1569265012539441,-1.1981699610137444,1.2324539079778185
5503,REG2022EEE05503,2022,EEE,REGULAR,-0.6845609099767205,1.0353799615201604,-0.4220669515091928
5504,REG2020CE05504,2020,CE,LATERAL_ENTRY,0.030975526569029372,-0.5701026152634049,-0.6164442755875086
5505,REG2022ME05505,2022,ME,REGULAR,-1.7175376875008874,0.3669695233232703,0.6692174869335251
5506,REG2021CSE05506,2021,CSE,REGULAR,0.33382040441327554,1.5875588917559542,1.7176878132800422
5507,REG2021EEE05507,2021,EEE,LATERAL_ENTRY,1.9240378438387487,0.9126591375517253,-0.4637576947995197
5508,REG2022CE05508,2022,CE,REGULAR,-0.9449562707797498,0.013995752701131821,-0.0724978897600651
5509,REG2022ECE05509,2022,ECE,REGULAR,-0.7137447250230351,1.426309918184771,0.21151845837859923
5510,REG2021ME05510,2021,ME,REGULAR,-0.08730732401766188,-0.03983586012901536,0.17118990534930573
5511,REG2022ECE05511,2022,ECE,REGULAR,1.1147921949604673,-2.4117975090434602,-0.2090988810798072
5512,REG2023ME05512,2023,ME,REGULAR,-1.5919866212639304,1.0534619373590681,1.5698670302918984
5513,REG2022EEE05513,2022,EEE,LATERAL_ENTRY,-0.1839312890759541,0.34228092559180795,1.552014556499292
5514,REG2022EEE05514,2022,EEE,REGULAR,2.0884901549494477,1.6139453557079495,-0.9655780610419061
5515,REG2022EEE05515,2022,EEE,REGULAR,0.027324935738298483,0.6748611673183552,0.9156118748641612
5516,REG2021EEE05516,2021,EEE,REGULAR,0.9309616185400249,-0.8575448391026832,-1.5286489651946928
5517,REG2020EEE05517,2020,EEE,REGULAR,0.44506172961135404,-0.4821404497124003,-0.3820472117141508
5518,REG2021EEE05518,2021,EEE,REGULAR,-0.23445816526820223,-1.4800492597356976,-0.652422656017602
5519,REG2020CE05519,2020,CE,REGULAR,-1.016764054928598,0.05572953842929732,-0.3997400017863846
5520,REG2020ECE05520,2020,ECE,REGULAR,-1.298730382762442,0.9007925662176754,-0.7057320379193038
5521,REG2021ME05521,2021,ME,REGULAR,-0.08734026090977544,-0.6421291231020758,-0.15169683000993664
5522,REG2023CE05522,2023,CE,REGULAR,1.7622259943860856,-0.2442994052640153,-0.32727515393919654
5523,REG2022CE05523,2022,CE,REGULAR,-0.982756692840834,-1.4055840830774398,2.00778171781302
5524,REG2020EEE05524,2020,EEE,REGULAR,0.027110953138911875,-0.5989019356444177,1.0804661600712346
5525,REG2023ECE05525,2023,ECE,LATERAL_ENTRY,0.1782854252936085,0.3540768037813694,0.7288844307948015
5526,REG2021EEE05526,2021,EEE,REGULAR,0.8017827820725919,0.1740227716243513,1.4824136509407193
5527,REG2021CE05527,2021,CE,REGULAR,-0.9867252342871683,0.23805236300612015,0.15894810396398504
5528,REG2023ECE05528,2023,ECE,REGULAR,-1.3338663918977542,0.02586651028829931,1.3050815921384162
5529,REG2022ME05529,2022,ME,LATERAL_ENTRY,0.5834159846036835,0.45734361421845854,-0.5459452130644107
5530,REG2022ME05530,2022,ME,LATERAL_ENTRY,-0.9017350330506589,-0.33606985922118027,-0.3663004648926283
5531,REG2020CE05531,2020,CE,REGULAR,-1.5565951553110222,-0.7251439304823433,-0.7722086629675899
5532,REG2023CSE05532,2023,CSE,LATERAL_ENTRY,-0.22803171629040137,0.060397345910971935,-0.1342909319798393
5533,REG2022CSE05533,2022,CSE,REGULAR,-0.38037701499562965,1.7164436243798642,0.29599226299525216
5534,REG2022ME05534,2022,ME,REGULAR,0.11042717796764612,0.4030330766094448,-0.4784475335556052
5535,REG2022ECE05535,2022,ECE,REGULAR,0.6093508955780412,0.6320793835314138,0.6683933705907869
5536,REG2023CSE05536,2023,CSE,LATERAL_ENTRY,-0.7284967343664605,0.7698539577714733,0.003184849504858575
5537,REG2022ECE05537,2022,ECE,REGULAR,-0.000708643832986225,0.6705599911926691,1.2192301375920387
5538,REG2022CE05538,2022,CE,REGULAR,-1.3492552598045449,-1.1180117080355982,-0.31326143774403825
5539,REG2021ME05539,2021,ME,REGULAR,0.15891887479793387,0.3402488239162509,-2.1669062338763734
5540,REG2021ME05540,2021,ME,REGULAR,0.7484438894134879,0.3617149039004792,1.8626531937613244
5541,REG2021CE05541,2021,CE,REGULAR,0.0021255421579162827,0.4673795697267886,-0.32905999994413937
5542,REG2023ECE05542,2023,ECE,REGULAR,0.38499918923951904,-0.437066486693615,1.2239202016169175
5543,REG2022EEE05543,2022,EEE,REGULAR,0.2555860673649822,-0.8134981790319734,-0.8917916657015759
5544,REG2023ECE05544,2023,ECE,REGULAR,1.4469087331770678,0.4720790805763306,0.4756605614182476
5545,REG2021CE05545,2021,CE,REGULAR,0.6727451942868689,-0.025418284620748983,-0.9527863552334781
5546,REG2022ECE05546,2022,ECE,REGULAR,-0.6590390212767135,-1.1361570092466968,1.059681933804517
5547,REG2021ECE05547,2021,ECE,REGULAR,0.16474522501675595,1.5956298207624795,-0.25693573067781655
5548,REG2022CE05548,2022,CE,REGULAR,-1.8629709206191905,0.36918649116779395,-0.03787655513490795
5549,REG2021CSE05549,2021,CSE,REGULAR,0.1364967828359375,-0.9803930013742798,1.0909663438521908
5550,REG2022CSE05550,2022,CSE,REGULAR,-0.523725345284531,0.211925426668732,1.5763030544625896
5551,REG2023CSE05551,2023,CSE,REGULAR,-0.10218777971711089,0.3386012463207343,-0.9802092620721439
5552,REG2023CE05552,2023,CE,REGULAR,0.4865899812466025,-0.10799925152565303,-2.050531225566304
5553,REG2020CE05553,2020,CE,REGULAR,-0.062013092528290535,0.03210155051539447,1.4056701596207737
5554,REG2021ECE05554,2021,ECE,REGULAR,0.4720050465351554,1.013827608177736,-1.070755615698192
5555,REG2022CSE05555,2022,CSE,REGULAR,-0.11710496384094332,-1.1031181639074124,-0.6492935960259755
5556,REG2020ME05556,2020,ME,REGULAR,0.18913820496787648,0.6052253401267543,-0.7149161578014566
5557,REG2023ME05557,2023,ME,REGULAR,0.7827357839668391,-0.4176166153314545,0.9556206429066346
5558,REG2020CSE05558,2020,CSE,REGULAR,-0.4188469379664934,-0.0523259477486962,0.7765485469286657
5559,REG2023EEE05559,2023,EEE,LATERAL_ENTRY,0.957522128412558,1.3108417805330126,-0.6744937059980538
5560,REG2022ME05560,2022,ME,REGULAR,-0.4030475738036685,-0.6142647277841328,-0.05913945708394985
5561,REG2020CE05561,2020,CE,REGULAR,-0.16821677210325808,0.2728167322778412,1.0867689645371947
5562,REG2021CE05562,2021,CE,REGULAR,0.8923296533971701,-0.4400587730399219,-0.13039355220383636
5563,REG2021EEE05563,2021,EEE,LATERAL_ENTRY,-0.31327020695777663,0.022601296823804653,1.3554285014203213
5564,REG2021EEE05564,2021,EEE,REGULAR,0.10576906792525817,-0.4586932788225566,-0.006159229710130187
5565,REG2021CE05565,2021,CE,REGULAR,0.22225054040980874,0.19501833248138994,-0.024590198315291197
5566,REG2020ECE05566,2020,ECE,REGULAR,0.8629950519866495,-1.3772391081027942,1.2061972258037021
5567,REG2022ECE05567,2022,ECE,LATERAL_ENTRY,-1.9452130589095904,-1.895324228709076,-0.20961849402666866
5568,REG2020CE05568,2020,CE,REGULAR,3.1989802096780307,-0.49339946241156546,1.0168438115911553
5569,REG2021EEE05569,2021,EEE,REGULAR,-0.24937221419251324,-1.7813749225084043,-0.8887100791542756
5570,REG2022EEE05570,2022,EEE,LATERAL_ENTRY,0.381479876874686,-1.4558961215399864,-0.07465407197142389
5571,REG2022ME05571,2022,ME,REGULAR,-0.7069746995280335,-0.22710512471009356,1.1898491856992148
5572,REG2021CE05572,2021,CE,REGULAR,-1.6665562906059046,0.1305004416877896,-0.2880325339078762
5573,REG2023ME05573,2023,ME,REGULAR,1.1221725473624657,0.5160900979762215,0.9483370697065443
5574,REG2022ME05574,2022,ME,REGULAR,-1.03981193179034,-0.2370803128878598,0.05038551514990509
5575,REG2021EEE05575,2021,EEE,REGULAR,-0.014585355234599584,-0.7841089058090013,0.25490336707356775
5576,REG2020CE05576,2020,CE,REGULAR,1.5932295630004916,-0.1651161703736826,-1.2743298675189996
5577,REG2022CE05577,2022,CE,REGULAR,-0.9720269451652213,0.23622321691481374,-1.2774594381762188
5578,REG2022CSE05578,2022,CSE,REGULAR,0.3553467159849233,-0.5890175420471042,-1.446520509533367
5579,REG2023CE05579,2023,CE,REGULAR,0.5936407579570753,-1.487680722804161,0.6995783100805817
5580,REG2021ME05580,2021,ME,LATERAL_ENTRY,0.2898079659769475,-1.1046056050160964,0.4190037738664481
5581,REG2022EEE05581,2022,EEE,REGULAR,-1.2033368435859424,1.7867904854396723,1.6943538935456013
5582,REG2021CSE05582,2021,CSE,REGULAR,0.03543665004790963,0.19813560818929982,1.8825953030555844
5583,REG2021CE05583,2021,CE,LATERAL_ENTRY,1.895367654099805,-0.4003861099801894,1.4537960520722502
5584,REG2021ECE05584,2021,ECE,REGULAR,0.625776514830617,-0.7347458774539148,-0.29095686434046103
5585,REG2022CSE05585,2022,CSE,REGULAR,0.547750589298914,0.5402821640258872,-1.5553169997929828
5586,REG2023ECE05586,2023,ECE,LATERAL_ENTRY,-0.5355397709355034,-0.6341337745901939,0.1378792769991429
5587,REG2022CSE05587,2022,CSE,REGULAR,-1.7410698150878352,-1.2488058034921485,-0.9555299512476345
5588,REG2021ME05588,2021,ME,REGULAR,0.8816649592159129,0.4311283224524776,0.7839509614552591
5589,REG2021CSE05589,2021,CSE,REGULAR,0.4619407803654408,0.8223047399482267,-1.3659554702025398
5590,REG2020CE05590,2020,CE,REGULAR,1.3361981754047243,0.9699806289251296,1.215825412140813
5591,REG2021CSE05591,2021,CSE,REGULAR,-0.05298569020612347,0.5372155980424375,-0.519145312091962
5592,REG2022CE05592,2022,CE,REGULAR,1.319939235827242,-0.04303182873726845,-0.582527246018331
5593,REG2021ME05593,2021,ME,REGULAR,1.4038047328403518,-0.4917234642572493,-0.12811209511746982
5594,REG2021ME05594,2021,ME,REGULAR,-0.13422738393394107,-1.123457007159412,-1.4435884494127647
5595,REG2022ECE05595,2022,ECE,REGULAR,-2.090854797313115,1.078829953740112,0.4230962439934246
5596,REG2022ECE05596,2022,ECE,REGULAR,-0.2516405146847802,-0.8199810553645547,-1.9337932803017448
5597,REG2020CE05597,2020,CE,REGULAR,0.1391190697086147,-0.005415711701432743,-0.7617548726351966
5598,REG2021CE05598,2021,CE,REGULAR,-0.3409469628291227,0.3367377095755446,-0.29438575397346767
5599,REG2021ECE05599,2021,ECE,REGULAR,0.6573225876871134,-1.4363868191004248,-0.35601772995845704
5600,REG2022ECE05600,2022,ECE,LATERAL_ENTRY,-1.1018586680309201,0.939484404236578,-0.41117609930196675
5601,REG2020CE05601,2020,CE,REGULAR,0.25101366230360084,-1.2693506162420019,-0.09310229011003969
5602,REG2020CE05602,2020,CE,REGULAR,-0.1163625993360597,-0.4629924346792018,0.2845399786502963
5603,REG2021CE05603,2021,CE,REGULAR,-0.5449330798653967,-0.7438106586337472,0.25582396983592964
5604,REG2022ME05604,2022,ME,REGULAR,0.8071097105644146,0.4352451339239456,0.6305405933367016
5605,REG2023EEE05605,2023,EEE,LATERAL_ENTRY,0.14341755295269548,-1.5779330695682778,-1.0471714153162728
5606,REG2021CE05606,2021,CE,REGULAR,0.6915158558653307,1.0654180391517576,-1.2022090476199554
5607,REG2023ECE05607,2023,ECE,REGULAR,1.8713464884725002,-1.4098155550116007,1.0380524024172735
5608,REG2022EEE05608,2022,EEE,REGULAR,-0.04444346579769636,-0.6399395688632753,0.14319968071030298
5609,REG2020ECE05609,2020,ECE,REGULAR,0.6155190234254585,1.141797099614418,-0.3536512831398441
5610,REG2023CSE05610,2023,CSE,REGULAR,-0.6663237815445242,0.7573635312088819,0.1430229087468902
5611,REG2020EEE05611,2020,EEE,REGULAR,-0.592063672282482,1.0673547099161793,0.3560404439880864
5612,REG2023ME05612,2023,ME,REGULAR,-1.4138312917103495,-1.4267950328241767,2.2809993380748588
5613,REG2022CE05613,2022,CE,REGULAR,0.9349095836332435,-0.20163104021858924,1.281723539594864
5614,REG2022CSE05614,2022,CSE,REGULAR,-1.4224580693036881,0.45429005331010325,-0.23494733119864472
5615,REG2023ME05615,2023,ME,REGULAR,-0.6322317056840253,-0.9193747799443072,1.4035773086593566
5616,REG2023EEE05616,2023,EEE,REGULAR,-0.023980254604526,-1.3753579901946509,-0.6524980351927304
5617,REG2020ME05617,2020,ME,LATERAL_ENTRY,0.2447948432498786,0.1855980485016034,0.7856083813755256
5618,REG2021EEE05618,2021,EEE,REGULAR,-0.043652291100892325,-0.7618535440104255,-0.44978160602616035
5619,REG2022EEE05619,2022,EEE,REGULAR,-1.5303205950259162,2.220391983426031,-0.6044230665306409
5620,REG2022CSE05620,2022,CSE,REGULAR,-0.843931557421275,-1.2697343361068436,-0.9154937427327631
5621,REG2021CE05621,2021,CE,LATERAL_ENTRY,0.44285349383848666,0.3687963079582999,0.5989127190455752
5622,REG2023ME05622,2023,ME,REGULAR,0.1807438949282192,1.1089885490644378,-0.22775290226105924
5623,REG2021ME05623,2021,ME,REGULAR,-1.0232436902272415,-0.3693963605065655,1.6159041888236052
5624,REG2022ECE05624,2022,ECE,REGULAR,1.7043981210482326,0.178246558222278,1.226882773908136
5625,REG2020CE05625,2020,CE,REGULAR,0.29691980691013375,1.8623919682037862,-0.11554283727522556
5626,REG2020CE05626,2020,CE,REGULAR,0.47548426771383134,0.22731869806568117,0.06047938637501245
5627,REG2021ME05627,2021,ME,REGULAR,1.2842407583721849,-1.5051130010494964,0.5334660871834928
5628,REG2023ECE05628,2023,ECE,REGULAR,-0.668394054632059,-0.9562485391518696,2.138230666116834
5629,REG2023CE05629,2023,CE,LATERAL_ENTRY,0.9558697945699075,-0.49332475973765777,1.27460452159236
5630,REG2022CSE05630,2022,CSE,REGULAR,-2.2513532448625098,-0.20801175194891494,-1.7326335634629073
5631,REG2020EEE05631,2020,EEE,REGULAR,-1.331522593605685,-0.6913138442552708,0.7136127394440192
5632,REG2021CSE05632,2021,CSE,REGULAR,-0.8619721238133802,0.9962953224380435,2.1970657358116985
5633,REG2022CSE05633,2022,CSE,REGULAR,-0.34848970276917496,-0.33144645960836133,1.2274610922795373
5634,REG2022ME05634,2022,ME,REGULAR,0.20324187387844198,0.5114950609817216,-0.513776889998562
5635,REG2022CSE05635,2022,CSE,REGULAR,-0.3344428919978231,-1.060839308951721,1.3219736775218467
5636,REG2022CSE05636,2022,CSE,LATERAL_ENTRY,-0.8380070202415129,-0.658026352924977,-0.10157205647846998
5637,REG2020CE05637,2020,CE,REGULAR,1.6838897052607087,0.35263265992136283,-1.1606828510977107
5638,REG2023CSE05638,2023,CSE,REGULAR,1.3190167259926406,0.8264687926960065,0.7289062311608138
5639,REG2021ECE05639,2021,ECE,REGULAR,0.9064348140900752,-0.17219599607679692,1.328175906533597
5640,REG2023CSE05640,2023,CSE,REGULAR,0.49797329926540185,0.1873565990383748,0.632518736850345
5641,REG2020CE05641,2020,CE,REGULAR,0.9488827139260945,0.07291391523847521,-3.2586913984058814
5642,REG2020CSE05642,2020,CSE,REGULAR,0.8631134029718036,-1.299319064224548,-0.21845254217144178
5643,REG2021EEE05643,2021,EEE,REGULAR,0.6889959462443455,0.48595167095797087,-0.22596345769928491
5644,REG2021CE05644,2021,CE,REGULAR,-1.6866655687028371,1.7454777437196378,2.5932551460832993
5645,REG2020EEE05645,2020,EEE,REGULAR,1.3390059979211761,-0.26416810625591164,-0.6823227785683134
5646,REG2020ECE05646,2020,ECE,REGULAR,0.3347440268222954,0.01700158298701464,-1.5321480320494418
5647,REG2020ME05647,2020,ME,REGULAR,-0.08764441013541906,-0.013495811686846262,0.2251375425754161
5648,REG2023CE05648,2023,CE,LATERAL_ENTRY,-1.0491772178231749,-0.22561837152864644,0.5700019412929034
5649,REG2023EEE05649,2023,EEE,REGULAR,-2.0569961393503458,2.520783372894506,0.6640085992939947
5650,REG2023EEE05650,2023,EEE,REGULAR,-0.2646788306983342,-0.5445305733392659,0.19708161698214768
5651,REG2021CSE05651,2021,CSE,REGULAR,1.1804903685806785,0.6821236353829301,-0.2769638541202617
5652,REG2023ME05652,2023,ME,REGULAR,0.9613324357067676,-0.7289775989460784,0.2941939231712619
5653,REG2023CE05653,2023,CE,REGULAR,-1.4558182851505919,1.0355188034609841,-0.444573986037075
5654,REG2022CE05654,2022,CE,REGULAR,-1.3690413393043028,-0.9122099018042182,0.7201674382073684
5655,REG2022CSE05655,2022,CSE,REGULAR,-0.2829038616022471,0.7170790290656974,0.008984724619779075
5656,REG2022EEE05656,2022,EEE,REGULAR,-0.25937650660704176,0.7353959926953362,-0.6875123713601831
5657,REG2020CE05657,2020,CE,REGULAR,-0.055023547918349014,0.022448919705427506,-0.0023378978145741965
5658,REG2023CE05658,2023,CE,REGULAR,-1.7387117205305265,-0.5197633512439144,-0.30310037992887984
5659,REG2022ME05659,2022,ME,REGULAR,-0.12334388236551147,-0.17374450533712293,-1.3061581093293873
5660,REG2023ME05660,2023,ME,REGULAR,0.688581429409717,-0.04417473900002391,1.5551373808720663
5661,REG2023EEE05661,2023,EEE,REGULAR,0.09929778021891145,1.6042878426662037,1.8575854273221604
5662,REG2021ECE05662,2021,ECE,REGULAR,0.7962087476369814,1.6638911585134366,-0.021164099895957567
5663,REG2020EEE05663,2020,EEE,LATERAL_ENTRY,0.5126144095488302,0.12690514907214293,0.7540510018151044
5664,REG2023ME05664,2023,ME,REGULAR,-0.5795969269609478,-0.32410908299910274,-0.9084700343013888
5665,REG2022CSE05665,2022,CSE,REGULAR,0.8320430459296209,0.3529365418446809,-0.7930133267901562
5666,REG2022EEE05666,2022,EEE,REGULAR,1.0743378776770285,1.281611111525853,-0.38459483841515774
5667,REG2023EEE05667,2023,EEE,REGULAR,0.8519437783962633,-0.8367556911025861,0.21430023205374768
5668,REG2023ME05668,2023,ME,REGULAR,-1.4080813100245035,-0.3547518196288501,-0.9317085941996225
5669,REG2020CSE05669,2020,CSE,LATERAL_ENTRY,0.6549150986875256,2.961283696951351,-1.37794017655884
5670,REG2022ME05670,2022,ME,REGULAR,-1.3011841325285654,-1.02692237528325,-0.7516627543050256
5671,REG2022ECE05671,2022,ECE,REGULAR,-1.1331960129701018,-0.398538752990072,-0.3044430708393211
5672,REG2023ECE05672,2023,ECE,REGULAR,1.0100157172213158,1.332781196944706,-3.158857410746657
5673,REG2022EEE05673,2022,EEE,REGULAR,-1.100172910904936,0.32281683812675177,0.2932440469789688
5674,REG2023ECE05674,2023,ECE,LATERAL_ENTRY,-1.1753905632190973,1.4320348170964812,-1.8045624609720283
5675,REG2020ECE05675,2020,ECE,REGULAR,0.7089635836048787,-0.3813413246902274,-1.1771309341994962
5676,REG2020EEE05676,2020,EEE,REGULAR,-1.2732822629925449,-0.4319329693410244,0.39720831013164665
5677,REG2023ECE05677,2023,ECE,LATERAL_ENTRY,-0.5783633869874201,2.2664896549816915,1.4699477561908403
5678,REG2020ECE05678,2020,ECE,REGULAR,1.0630474839828306,0.18766667514193755,1.2234601395161457
5679,REG2023EEE05679,2023,EEE,REGULAR,0.23378429633655878,-1.8056332916225448,-0.7674032721677971
5680,REG2020ECE05680,2020,ECE,REGULAR,0.37333553870327185,-0.2700979213098501,-0.30199577426877994
5681,REG2023ECE05681,2023,ECE,LATERAL_ENTRY,0.34173042228825556,0.9288961465977631,0.18246755759730401
5682,REG2022ME05682,2022,ME,LATERAL_ENTRY,1.7824067512975943,-1.1173317627510855,-1.2223640660197392
5683,REG2022CE05683,2022,CE,REGULAR,-0.38852908162586597,0.011102900719175237,1.7709281902341947
5684,REG2021ME05684,2021,ME,LATERAL_ENTRY,-1.3104628468657296,-0.26997506575898067,-1.9262319517224968
5685,REG2021ECE05685,2021,ECE,REGULAR,-1.031367801247887,-0.025461110764491424,-1.017215174123941
5686,REG2023CE05686,2023,CE,REGULAR,-0.8587658325831028,2.0111876832108386,-0.4132526939537446
5687,REG2023ECE05687,2023,ECE,REGULAR,0.9680202747231439,0.8572565366617309,0.551518008469582
5688,REG2023CSE05688,2023,CSE,REGULAR,0.3942556927810128,-1.3151337339621199,0.8724297828871276
5689,REG2023ECE05689,2023,ECE,REGULAR,1.0297014039194345,-0.7552502325745405,1.1286968171974194
5690,REG2021ME05690,2021,ME,REGULAR,1.7419495738714526,0.30780548452053047,-0.007139566989132828
5691,REG2020ME05691,2020,ME,REGULAR,-0.19646749796962695,2.0580376679220223,2.124881183619787
5692,REG2021CE05692,2021,CE,REGULAR,0.09138338545658027,-0.03578971178333035,0.9464087129749749
5693,REG2023CE05693,2023,CE,REGULAR,-0.361189723822911,-0.005613640550853737,-0.5707795589778067
5694,REG2023ME05694,2023,ME,REGULAR,-0.13961536624247053,-0.16058089473185144,1.4501552857378943
5695,REG2020ECE05695,2020,ECE,LATERAL_ENTRY,-1.2868256298394078,-1.4962022139275504,-0.5935659762624482
5696,REG2023ME05696,2023,ME,REGULAR,0.010685603031640704,1.6237695269485655,-0.18583875912218278
5697,REG2023ECE05697,2023,ECE,REGULAR,0.08096643190325527,-1.0766213958161743,1.9299262795631809
5698,REG2023CE05698,2023,CE,REGULAR,-2.3415713782271568,0.3096630599655818,-0.14135817711595133
5699,REG2020ME05699,2020,ME,REGULAR,0.08749808746481137,2.2297985095418125,-0.9050342670261513
5700,REG2022CE05700,2022,CE,REGULAR,-0.41544297613155806,1.7485310273735537,-0.36927388317208565
5701,REG2020ECE05701,2020,ECE,REGULAR,-0.7769889987336995,-1.1176206794016557,-1.2408659201431969
5702,REG2020EEE05702,2020,EEE,LATERAL_ENTRY,-0.5014983900620853,-1.0058312742901665,0.512194924926752
5703,REG2021ME05703,2021,ME,REGULAR,0.3950036708745124,-0.571421010651419,-0.34166314055823555
5704,REG2022CSE05704,2022,CSE,REGULAR,0.595517583147117,-1.3292037020480976,1.3053946137119752
5705,REG2020CE05705,2020,CE,REGULAR,-0.0281198900741461,-0.2838055585322593,0.421146121684717
5706,REG2022CSE05706,2022,CSE,REGULAR,-1.5768691170558382,0.2521227737809965,-1.0486402580997034
5707,REG2022ME05707,2022,ME,REGULAR,-0.4390770615296969,0.3192451130125196,0.32664509938656044
5708,REG2020CSE05708,2020,CSE,REGULAR,0.10675396571610239,1.4701767229845157,1.7143268346770935
5709,REG2020ECE05709,2020,ECE,REGULAR,0.8515481352645246,0.6091596117483914,-1.716693733965435
5710,REG2020EEE05710,2020,EEE,REGULAR,0.1728373267675833,-1.56341347274164,-1.0877686222975693
5711,REG2020ECE05711,2020,ECE,REGULAR,-0.19816179878244025,-1.4510472565135701,1.2529842799288673
5712,REG2022ECE05712,2022,ECE,REGULAR,1.4137483420890837,0.2993689610301794,-0.9660349645779546
5713,REG2023ECE05713,2023,ECE,REGULAR,-0.9566787567872328,-0.9886950888661131,0.15056071001570268
5714,REG2022EEE05714,2022,EEE,REGULAR,1.0521443836914628,-1.241638354456278,-0.30652469327341786
5715,REG2021CE05715,2021,CE,LATERAL_ENTRY,-0.2369052711908637,0.13429629253287215,1.272463242683855
5716,REG2022ECE05716,2022,ECE,LATERAL_ENTRY,-0.20203379828356216,0.3191258018466839,0.8173835294080448
5717,REG2022CE05717,2022,CE,LATERAL_ENTRY,-1.2126602480555833,1.508369699909448,0.13239097828149723
5718,REG2022EEE05718,2022,EEE,REGULAR,-0.09861693082984847,0.510482759827689,0.7959842585148664
5719,REG2021CE05719,2021,CE,REGULAR,0.44099268813815407,0.6231784864309536,1.9867104155026414
5720,REG2022ECE05720,2022,ECE,REGULAR,2.961659948593395,0.7548103721607259,-1.020327478798285
5721,REG2022CE05721,2022,CE,REGULAR,-0.3180199060056156,-1.5206963873771369,0.7324135476142503
5722,REG2022CE05722,2022,CE,REGULAR,0.21285831522610402,-1.8929684329169791,0.6649249229081393
5723,REG2023CSE05723,2023,CSE,REGULAR,-1.3219174866196515,-2.1367621879081793,-1.0287582598365008
5724,REG2022ME05724,2022,ME,REGULAR,-1.28812036002889,-1.2932092477877715,-0.10952829815799354
5725,REG2023ECE05725,2023,ECE,REGULAR,-0.3626424309141103,0.28656785026771053,-1.3292075613936625
5726,REG2020CSE05726,2020,CSE,REGULAR,-0.9077595931134316,-0.18752470290034973,2.1567544886236876
5727,REG2023CSE05727,2023,CSE,REGULAR,-0.32781892448913313,-0.5651574533553316,0.1133221300196113
5728,REG2022ECE05728,2022,ECE,REGULAR,0.7512814535905831,-1.6678275144170867,-1.3855642638993693
5729,REG2023ECE05729,2023,ECE,REGULAR,-2.2198450482751553,0.4743449538716431,0.560203866453753
5730,REG2022ECE05730,2022,ECE,LATERAL_ENTRY,-1.0917569821090252,1.5553750872889025,-0.38093063304144836
5731,REG2023ME05731,2023,ME,LATERAL_ENTRY,0.3842372144756416,1.1009690624829316,0.4674444299575127
5732,REG2022CSE05732,2022,CSE,REGULAR,-0.49356480444128503,-1.0524906209714426,-0.3786625412493349
5733,REG2021CSE05733,2021,CSE,REGULAR,0.1222202766725705,0.7990049813038732,-1.3001597310023616
5734,REG2022CSE05734,2022,CSE,REGULAR,-1.6943221816316842,2.4739894418570056,-0.9376870276562352
5735,REG2021CE05735,2021,CE,LATERAL_ENTRY,-0.6035672597962868,-0.7878018163462678,-0.6045387019862746
5736,REG2022CE05736,2022,CE,LATERAL_ENTRY,-0.44198290617801944,1.281858670417146,-0.6391694944210713
5737,REG2023ECE05737,2023,ECE,REGULAR,-0.7557682024868332,0.08709894621171559,0.11001126608989063
5738,REG2023CE05738,2023,CE,REGULAR,-0.7697785321362727,1.1233337861108166,0.26780626147384884
5739,REG2022ME05739,2022,ME,LATERAL_ENTRY,-1.034818156592341,0.6137318469757057,-0.42035962546274214
5740,REG2020CSE05740,2020,CSE,REGULAR,0.10157696774178945,0.0487973783806294,0.9048221191193951
5741,REG2023ME05741,2023,ME,REGULAR,-0.4802582875241659,-1.218380602740825,0.3593860773205031
5742,REG2022EEE05742,2022,EEE,REGULAR,-0.4775298529987034,-0.5260726733003243,0.20175626926049203
5743,REG2020CE05743,2020,CE,REGULAR,-0.045425914786545,-0.12922582970985574,0.8466284281968087
5744,REG2021ECE05744,2021,ECE,REGULAR,-0.6857440737196069,1.3660535989380758,-1.5961626210467637
5745,REG2020CSE05745,2020,CSE,REGULAR,0.3058437012794257,0.6102967783377901,-0.35974916926844086
5746,REG2023CE05746,2023,CE,REGULAR,0.27778252650438723,-0.6345673781651082,1.4472031763635984
5747,REG2022CSE05747,2022,CSE,REGULAR,0.28833718909379064,-0.4019604573204707,1.201702676825671
5748,REG2023ECE05748,2023,ECE,REGULAR,-0.44778016333061593,0.6073224368764641,1.0617648209024242
5749,REG2021CE05749,2021,CE,REGULAR,1.310811172492305,0.8023804432293934,-0.3043341395571458
5750,REG2020CE05750,2020,CE,REGULAR,-0.587528218967628,0.9428897338319084,-0.15102873324810623
5751,REG2023CSE05751,2023,CSE,REGULAR,0.4747509663376349,0.8168516225697159,-1.2844840782417584
5752,REG2022CE05752,2022,CE,REGULAR,0.7367876998650261,0.08207644729586501,-1.0232421039832618
5753,REG2021CSE05753,2021,CSE,LATERAL_ENTRY,1.3671203890579573,0.6632757815397948,0.13450902121929603
5754,REG2020EEE05754,2020,EEE,REGULAR,-1.3793410826195633,-0.37314065051645856,-1.9832552151797183
5755,REG2023EEE05755,2023,EEE,REGULAR,-0.7434524459337296,1.0100733049353605,0.33251583966822656
5756,REG2021CSE05756,2021,CSE,REGULAR,1.6392097596521156,0.5241070031833391,-0.5452737255812189
5757,REG2023CSE05757,2023,CSE,REGULAR,-0.22167347212510063,-0.2489131174329344,-2.4281180569523992
5758,REG2023ME05758,2023,ME,REGULAR,-0.5266993329346015,-0.2986001595433956,-1.221575490661523
5759,REG2020EEE05759,2020,EEE,REGULAR,0.8794915112857101,-0.7693141008546045,0.13582683457382178
5760,REG2022CE05760,2022,CE,REGULAR,-0.9021809633681757,0.4052905451344006,1.1446494442190644
5761,REG2020ECE05761,2020,ECE,REGULAR,-0.5809632555822538,-1.343225604163149,1.0949687351935142
5762,REG2023CE05762,2023,CE,LATERAL_ENTRY,0.12751308426249963,1.6960224968014541,0.34849192348425
5763,REG2023ECE05763,2023,ECE,REGULAR,-0.772263507177827,2.0771455518906614,-0.487838876565018
5764,REG2021CE05764,2021,CE,REGULAR,1.0136424641130275,-0.1357870797685486,0.7161338129609257
5765,REG2023ME05765,2023,ME,REGULAR,0.7498933542558963,-1.1424945248616043,1.7257720983830012
5766,REG2021EEE05766,2021,EEE,REGULAR,0.35923908697460827,0.6843912070992826,0.960631103096029
5767,REG2020ECE05767,2020,ECE,LATERAL_ENTRY,0.725638811550968,1.3111315522668046,0.9078535688078768
5768,REG2021ME05768,2021,ME,REGULAR,-0.5603895227438106,1.364284947660317,-2.173326307378211
5769,REG2022EEE05769,2022,EEE,REGULAR,-0.5974550708112271,0.7711758053341295,0.251945618362699
5770,REG2023ME05770,2023,ME,REGULAR,-0.1382726665143016,-0.4405352624849121,-0.6897662248081382
5771,REG2020EEE05771,2020,EEE,REGULAR,-0.4242129595355222,0.20264531709830477,2.626310235781116
5772,REG2023ME05772,2023,ME,REGULAR,-2.2546038164172133,-0.691905890589223,0.5866201655145542
5773,REG2022ME05773,2022,ME,REGULAR,-1.7347610083608258,0.33426083287654806,0.9370244587981814
5774,REG2021ECE05774,2021,ECE,REGULAR,-1.1648137712490976,-1.3951663108056596,0.14205039935125624
5775,REG2023CSE05775,2023,CSE,REGULAR,-0.9549331888847731,-1.6724083600309425,2.7004033203873075
5776,REG2023EEE05776,2023,EEE,REGULAR,-0.04819322723116649,0.4725925799207679,1.1592156772725801
5777,REG2022ECE05777,2022,ECE,REGULAR,-0.22192515019867304,-0.08742231386989534,-0.5440444395964625
5778,REG2022CE05778,2022,CE,REGULAR,-0.7367318872436055,-1.7049484227556417,-1.581701173724899
5779,REG2021ME05779,2021,ME,REGULAR,0.14778628067789873,0.8484022710121524,1.51276023861879
5780,REG2023CSE05780,2023,CSE,REGULAR,-0.9167092497226811,-0.5397013397853251,0.19717812176132415
5781,REG2022ECE05781,2022,ECE,REGULAR,1.2706516271671102,-0.04127624994718937,0.8484061558473072
5782,REG2022EEE05782,2022,EEE,LATERAL_ENTRY,-0.9713688003295415,-1.0799039919092852,-1.1375809847361598
5783,REG2021CE05783,2021,CE,LATERAL_ENTRY,-0.33452946055621574,-1.3972542686450076,-0.0651938699234347
5784,REG2022ME05784,2022,ME,REGULAR,0.3351399367396969,-0.3324164190771662,1.5887690257461318
5785,REG2023ME05785,2023,ME,REGULAR,0.6371597435509948,-0.42633981766531753,0.5490220871219158
5786,REG2020CSE05786,2020,CSE,REGULAR,0.591066936335061,-0.7250749370065016,1.4713657032531664
5787,REG2020ECE05787,2020,ECE,REGULAR,-0.3515484758043823,-1.0993892277293233,0.7845578673892027
5788,REG2023ECE05788,2023,ECE,REGULAR,-1.6027689780752763,0.8366533718459545,0.02422586106046795
5789,REG2021EEE05789,2021,EEE,REGULAR,0.3528080003331323,0.1349742885508641,-1.4579110681693277
5790,REG2023CE05790,2023,CE,REGULAR,-0.962500002933258,1.2528109453836513,0.007014183847499382
5791,REG2020ECE05791,2020,ECE,REGULAR,-0.5044630835470667,-0.2880494720050658,-1.0753294047195996
5792,REG2022ECE05792,2022,ECE,REGULAR,-0.8139311105973189,1.3959094315576774,0.8538156388880636
5793,REG2022EEE05793,2022,EEE,LATERAL_ENTRY,-0.26662854431953575,-0.44865110992146445,0.5376774461318808
5794,REG2023EEE05794,2023,EEE,REGULAR,0.10907015906121705,-0.6858427112486257,1.3760557128860396
5795,REG2023ECE05795,2023,ECE,REGULAR,1.885223926798168,-0.0829729056516137,0.6595169280437979
5796,REG2023CE05796,2023,CE,REGULAR,1.13381339009708,-0.7469458409261024,-1.4506905531018504
5797,REG2022ECE05797,2022,ECE,REGULAR,-0.7430306260117617,-1.625110262691299,-1.2153647780315213
5798,REG2021EEE05798,2021,EEE,REGULAR,3.006580180746723,-0.2347324517230257,0.7926228932994547
5799,REG2022CE05799,2022,CE,REGULAR,0.778399871180435,-0.4024408328434304,-1.194150808306201
5800,REG2020ECE05800,2020,ECE,REGULAR,-0.8052021008292449,-1.896005888774553,0.3052118030793774
5801,REG2023EEE05801,2023,EEE,REGULAR,-0.5134978951532319,-1.606073112278437,0.1842713866438831
5802,REG2023ME05802,2023,ME,REGULAR,0.17218990959713998,-0.47762670499705495,0.19913812436262604
5803,REG2023CSE05803,2023,CSE,REGULAR,-2.0232656429885068,0.5867633820969806,1.4601734699654858
5804,REG2021ECE05804,2021,ECE,REGULAR,0.6596295873137671,0.14635224670957583,-0.6568958964969664
5805,REG2022CSE05805,2022,CSE,REGULAR,-1.821592612356869,1.6946417602320107,0.031062341766096856
5806,REG2021ME05806,2021,ME,REGULAR,-0.12404252550737717,-0.2379807464700386,-0.2253014646845856
5807,REG2022ME05807,2022,ME,REGULAR,0.949614091983079,-0.14595862229309117,0.8600953382141863
5808,REG2021EEE05808,2021,EEE,REGULAR,1.3956899163877863,-0.3271161562906166,-0.432479573246379
5809,REG2022EEE05809,2022,EEE,REGULAR,-0.7342867510527791,-0.5198203745561717,2.095136541117706
5810,REG2022ECE05810,2022,ECE,REGULAR,1.8707616480067784,-0.6333338703406819,0.5197831464991396
5811,REG2022EEE05811,2022,EEE,REGULAR,1.902628448088906,-0.14230432982082453,-1.2998872512937873
5812,REG2022EEE05812,2022,EEE,REGULAR,-2.628961093799493,0.3053448425104252,-1.4503748526075242
5813,REG2022EEE05813,2022,EEE,REGULAR,-1.5525685487013066,0.11131044403498067,-0.3852643187553805
5814,REG2020ME05814,2020,ME,LATERAL_ENTRY,-0.5359213963822151,0.8994720352978417,-0.5967433305428768
5815,REG2023CSE05815,2023,CSE,REGULAR,-0.9601878081995209,-0.2660275682868999,2.003584444410736
5816,REG2023ME05816,2023,ME,REGULAR,-0.33991258540422503,-1.3681064679298847,-1.724834492326783
5817,REG2022CE05817,2022,CE,REGULAR,-0.7160910705966865,0.38057151387629246,1.0077514327468389
5818,REG2022EEE05818,2022,EEE,REGULAR,0.9086104388939842,0.22237993043073148,1.5157696909546907
5819,REG2023ECE05819,2023,ECE,REGULAR,-0.16901570117547904,-0.1461965145126657,0.8367116087976905
5820,REG2022EEE05820,2022,EEE,REGULAR,0.0019392343175270957,1.072727030099361,-0.7261424363473182
5821,REG2023EEE05821,2023,EEE,REGULAR,-0.8594021977336828,0.9714859982681016,-1.0452586898456537
5822,REG2022ME05822,2022,ME,LATERAL_ENTRY,0.2929652938630931,0.15568525695762853,-0.9349478374679772
5823,REG2022ME05823,2022,ME,REGULAR,0.8880237677477748,2.7396665025956852,1.3518121680887003
5824,REG2023ME05824,2023,ME,REGULAR,0.02102424825226305,-0.095944506211593,1.1731521176823794
5825,REG2020ME05825,2020,ME,LATERAL_ENTRY,-0.78799791025996,0.12665903155703578,-0.15228111444270692
5826,REG2023CSE05826,2023,CSE,REGULAR,0.2865600696269515,1.270642512988917,0.3715885500687872
5827,REG2020EEE05827,2020,EEE,REGULAR,0.6235897041922357,-0.2553010340262267,0.2948378125036678
5828,REG2020CSE05828,2020,CSE,REGULAR,-0.4748779038278137,0.18217873874411059,-0.7320399315576093
5829,REG2023ECE05829,2023,ECE,REGULAR,1.4984698448780989,0.6715589707549214,-1.1478384421673662
5830,REG2022EEE05830,2022,EEE,LATERAL_ENTRY,-1.2833605226697762,1.1010648035691328,-1.5763515620649449
5831,REG2020EEE05831,2020,EEE,LATERAL_ENTRY,0.9153914721305275,-1.608449832449973,0.09644515083852725
5832,REG2022CSE05832,2022,CSE,REGULAR,-1.517067809398599,-0.6307448667635317,0.4254256392388936
5833,REG2021ECE05833,2021,ECE,REGULAR,-0.2681486839431865,0.6861835565047075,-0.9225463284480829
5834,REG2020CSE05834,2020,CSE,REGULAR,-2.4540902510641343,0.7068921731201079,0.1655905048374698
5835,REG2020EEE05835,2020,EEE,REGULAR,-0.9956408609116358,-0.1671287212470908,-0.35803314546569753
5836,REG2020ECE05836,2020,ECE,LATERAL_ENTRY,-0.1603135085065446,-1.0873497233655902,-0.26922013938651307
5837,REG2023CE05837,2023,CE,REGULAR,-1.3014318049364135,-0.5380714820872174,-0.24889432301011058
5838,REG2021ECE05838,2021,ECE,REGULAR,-0.4218369859358573,0.29096637121547,-2.3816834320057314
5839,REG2023CSE05839,2023,CSE,REGULAR,-0.7646446176627879,-0.6251126178710412,1.128446660369111
5840,REG2022CE05840,2022,CE,REGULAR,0.4410856150007483,-0.9144164021122101,0.15729907216019046
5841,REG2021ME05841,2021,ME,REGULAR,-0.7572677735907424,-0.6158206140882698,0.820964202267195
5842,REG2021CE05842,2021,CE,REGULAR,-0.3454072545510254,-0.5564119636536603,-1.2699769363270605
5843,REG2021ECE05843,2021,ECE,REGULAR,0.8805790170896278,0.49452011688923714,1.3933371612650516
5844,REG2022CSE05844,2022,CSE,REGULAR,-1.690435444054876,1.0115959727664907,-1.0245353870423353
5845,REG2020CSE05845,2020,CSE,REGULAR,-1.4547572203214676,-0.9660173722143136,0.055038535222923624
5846,REG2022CE05846,2022,CE,REGULAR,-1.223220363466552,-0.24850065227612456,-1.6354387045080987
5847,REG2022CE05847,2022,CE,LATERAL_ENTRY,1.7153066916471666,0.15325805879241033,0.1752574114224071
5848,REG2020ECE05848,2020,ECE,REGULAR,-0.01221224543602957,0.7133226322336635,0.24258180417938613
5849,REG2020ECE05849,2020,ECE,REGULAR,0.9242146929146647,-0.33447341843160483,-0.22666220299611137
5850,REG2021CE05850,2021,CE,LATERAL_ENTRY,-1.3275283259695465,2.0716358546121194,2.427067395554913
5851,REG2020ECE05851,2020,ECE,REGULAR,-0.09181338373759046,1.6037695928131062,0.33623308640038635
5852,REG2020CSE05852,2020,CSE,REGULAR,0.09976216876739895,0.020520669574942613,0.19866625270397825
5853,REG2023CE05853,2023,CE,REGULAR,-0.9100940390980373,0.774206089861576,0.7523113686385284
5854,REG2020CE05854,2020,CE,REGULAR,0.19257950213937158,0.9043069312626079,-0.4903114683832891
5855,REG2023ME05855,2023,ME,REGULAR,-0.18532335635128042,1.141271441163765,-0.6651854332225339
5856,REG2022EEE05856,2022,EEE,LATERAL_ENTRY,-2.1047648582033447,0.24996023438159998,0.17014198809862008
5857,REG2021ECE05857,2021,ECE,REGULAR,0.9107423536477182,0.2955587255237951,-0.2751878786599223
5858,REG2021CE05858,2021,CE,REGULAR,-0.43861978851235106,0.1747107327585474,-0.15570133146750337
5859,REG2023CE05859,2023,CE,REGULAR,-1.0639853219121502,0.24560856061515476,0.1856061628575985
5860,REG2021EEE05860,2021,EEE,REGULAR,0.01726325765466288,0.15723276568899122,1.9656922965542878
5861,REG2021CE05861,2021,CE,REGULAR,0.02802090072679107,0.8787723785828048,-0.4588055765275088
5862,REG2020ECE05862,2020,ECE,REGULAR,-0.2786408421585792,-0.15189722504775438,-0.06374331733420606
5863,REG2022CE05863,2022,CE,REGULAR,1.1996332308720565,0.11380574183063787,-2.2975206806206363
5864,REG2021ME05864,2021,ME,REGULAR,1.4205861697033997,1.4739708070034623,-1.0789110949076322
5865,REG2021CE05865,2021,CE,REGULAR,1.1444708787056284,0.48198990740865916,-0.44541015488873636
5866,REG2020EEE05866,2020,EEE,REGULAR,-0.7918178000487301,-0.6351166376187121,0.7838465261672831
5867,REG2020ECE05867,2020,ECE,REGULAR,0.9824691973692247,1.5008462854416753,-1.8194530311181092
5868,REG2023ME05868,2023,ME,REGULAR,-0.4988260942574209,-1.271868930577267,0.5672074318497722
5869,REG2021EEE05869,2021,EEE,REGULAR,0.1885091630307878,1.254956180387568,-0.23766229445260917
5870,REG2023EEE05870,2023,EEE,REGULAR,-0.7332737836238319,-1.2634616907402243,1.0362948991994128
5871,REG2021ECE05871,2021,ECE,REGULAR,-1.5332958530925285,-0.6530416630224875,-0.6068920088712975
5872,REG2020EEE05872,2020,EEE,REGULAR,-1.195017636137712,0.9807740256207975,0.7148091860552496
5873,REG2023ME05873,2023,ME,REGULAR,1.6423233446725238,-0.8419640169449951,0.7784789880039477
5874,REG2022ECE05874,2022,ECE,REGULAR,-0.5677554867934005,2.355753509178014,-1.4437906206803306
5875,REG2021ME05875,2021,ME,REGULAR,-0.9398168300123715,-0.6019227156425949,0.13466793992702267
5876,REG2020CE05876,2020,CE,REGULAR,-0.22485686649834621,0.005776676315461514,-0.13073130191035795
5877,REG2021ECE05877,2021,ECE,REGULAR,-0.42401293125215883,0.08783013059273874,1.1946599101248674
5878,REG2021CE05878,2021,CE,REGULAR,-0.3125923548005312,-0.5665693040900904,0.5521785550573635
5879,REG2021CE05879,2021,CE,REGULAR,3.6916245011978046,0.14236329159092967,0.08919151030857912
5880,REG2021CE05880,2021,CE,REGULAR,-1.541409971997032,0.8616436967116301,-0.7779596194677252
5881,REG2020CE05881,2020,CE,REGULAR,-2.504466609080049,-0.10022234937820518,-0.533974670609128
5882,REG2021CE05882,2021,CE,REGULAR,-1.262571724112285,0.8280582241056257,-1.5755767491799884
5883,REG2023CE05883,2023,CE,LATERAL_ENTRY,-0.36221243121071944,0.9214375321962147,-1.7503042938200533
5884,REG2023EEE05884,2023,EEE,REGULAR,-1.7031059100601393,0.22548216147274652,1.2643834537458605
5885,REG2023ME05885,2023,ME,LATERAL_ENTRY,-0.5240694027760878,-1.6873561751777122,-1.390095413249477
5886,REG2020ME05886,2020,ME,LATERAL_ENTRY,2.382367358761519,0.3224589578050005,-0.24568348139133142
5887,REG2023EEE05887,2023,EEE,REGULAR,0.37983114408749447,1.5825518837169694,-0.38892813193950254
5888,REG2021ME05888,2021,ME,REGULAR,0.6666839583982711,-0.1793391194333697,-0.6646885730405762
5889,REG2021CSE05889,2021,CSE,REGULAR,-0.31835113770485457,1.0065646379964868,0.023578312087920012
5890,REG2020CE05890,2020,CE,REGULAR,-1.40484312059099,-0.3790796494872758,0.10113178536150971
5891,REG2020EEE05891,2020,EEE,LATERAL_ENTRY,-0.09821762341524036,-0.5200597123921895,0.047422601195848145
5892,REG2021CSE05892,2021,CSE,REGULAR,-0.07102514999235034,0.15391085982201513,0.01483100484842722
5893,REG2022ECE05893,2022,ECE,LATERAL_ENTRY,0.8238537065610424,0.3097623524048434,1.8447332323755723
5894,REG2022ECE05894,2022,ECE,REGULAR,0.5761442774610127,-0.9687919342053573,-1.5002230625315673
5895,REG2023ECE05895,2023,ECE,LATERAL_ENTRY,-1.5434350255270737,0.8914163374113526,-1.4634069587110217
5896,REG2021CSE05896,2021,CSE,REGULAR,0.32476370331093424,0.20726871986377823,1.1815774140809225
5897,REG2022EEE05897,2022,EEE,REGULAR,0.14329422440711,0.33260222916278986,1.0736243118496336
5898,REG2022EEE05898,2022,EEE,REGULAR,-0.5279047091530004,-0.5760116862383812,-0.30934917200158435
5899,REG2021CSE05899,2021,CSE,REGULAR,0.22238685882596673,-1.238696160966961,-0.39693426043562074
5900,REG2021CE05900,2021,CE,REGULAR,1.084939536436904,-0.7677838313516325,1.0031647818283647
5901,REG2023ME05901,2023,ME,REGULAR,-0.4129742272639004,-2.2121988009049645,-0.6532367103727347
5902,REG2023ME05902,2023,ME,REGULAR,1.1379646120967566,0.33332547412452,2.328746536307187
5903,REG2021CSE05903,2021,CSE,REGULAR,0.575834160204483,-0.9306495645577362,-1.3694356116214286
5904,REG2021CSE05904,2021,CSE,REGULAR,-0.5001081080287255,1.2690457113538767,0.7704172467992092
5905,REG2022ECE05905,2022,ECE,LATERAL_ENTRY,-0.43418845571555514,-0.853945156783445,-1.197157420692021
5906,REG2021EEE05906,2021,EEE,REGULAR,-0.6945068504706754,0.16951975773660913,-0.194438127235645
5907,REG2023CE05907,2023,CE,LATERAL_ENTRY,-2.4606186222227313,-0.38372954528492986,-2.352437445629478
5908,REG2022EEE05908,2022,EEE,REGULAR,0.2385626729294424,-0.31963955050876364,-0.0655083219194917
5909,REG2020ECE05909,2020,ECE,REGULAR,0.6950678287131262,-0.9162077749053583,-0.89373242494944
5910,REG2022EEE05910,2022,EEE,REGULAR,-0.4955940765874636,0.012197763550961393,-1.499563217553277
5911,REG2023ME05911,2023,ME,REGULAR,-0.11843987493023649,-0.18448757271030258,-0.1966067993058349
5912,REG2020CSE05912,2020,CSE,REGULAR,-0.29265464542400177,0.6469151109766521,0.5380865668256914
5913,REG2023EEE05913,2023,EEE,REGULAR,-0.8854352899499166,0.6108904171581397,-1.2801972479254173
5914,REG2023CE05914,2023,CE,LATERAL_ENTRY,-0.3013478033868799,1.5172063598722831,0.5976231444070444
5915,REG2023CE05915,2023,CE,REGULAR,1.5541823822841878,-0.8177256249075963,1.4422810888817605
5916,REG2020ECE05916,2020,ECE,REGULAR,-0.749910431736933,0.8305718017652945,-0.36484949071681055
5917,REG2020CE05917,2020,CE,REGULAR,-0.33356215013518015,-1.9033301729623202,-0.6359792476843293
5918,REG2022ECE05918,2022,ECE,REGULAR,-0.5055199499137302,0.17060935020009846,-0.1156185143215732
5919,REG2020EEE05919,2020,EEE,REGULAR,-0.6870499405503723,0.6625313006539739,-0.2232076983276974
5920,REG2020EEE05920,2020,EEE,REGULAR,-0.10130116134375915,-0.640830952333349,0.09992434538468815
5921,REG2021ME05921,2021,ME,REGULAR,-0.2486670207324138,-1.1052480932646231,0.9832695319225812
5922,REG2020CSE05922,2020,CSE,REGULAR,-1.0681065295175685,-0.12778064352921134,0.8024281411279928
5923,REG2022CE05923,2022,CE,REGULAR,-0.3898909991043231,0.47468643400531624,0.8068851790599488
5924,REG2020CE05924,2020,CE,REGULAR,1.4969351933522363,-1.102026681759961,1.803654811853507
5925,REG2021EEE05925,2021,EEE,LATERAL_ENTRY,0.5298776063902524,1.5057488824466922,-0.043366099548336264
5926,REG2022ECE05926,2022,ECE,REGULAR,-0.26656901137134575,0.4535724473345734,1.5498058934200973
5927,REG2020ECE05927,2020,ECE,LATERAL_ENTRY,2.20059446095343,-0.39029914380804615,1.0137278992804586
5928,REG2022ME05928,2022,ME,REGULAR,0.8706240608526813,-0.577244392218664,-0.27286311646406636
5929,REG2021ECE05929,2021,ECE,LATERAL_ENTRY,-0.8090776230133992,-0.880908984196598,-0.7652741332862671
5930,REG2022ECE05930,2022,ECE,REGULAR,-0.674875359916566,-1.2079888228111733,-1.0717347263670085
5931,REG2023CE05931,2023,CE,REGULAR,1.0371413599141255,-1.0029088407802316,0.9893114319002247
5932,REG2020ECE05932,2020,ECE,REGULAR,-1.77626963431885,-0.20288441701003931,0.487026442608653
5933,REG2023EEE05933,2023,EEE,LATERAL_ENTRY,1.3266951829766158,0.647003972360589,-0.9650282075649214
5934,REG2022CE05934,2022,CE,REGULAR,-0.06810362457713282,-0.18047423123801723,0.9103838498109822
5935,REG2020EEE05935,2020,EEE,REGULAR,1.3497124810314751,-0.1667990051795839,-0.3389186321762657
5936,REG2022CSE05936,2022,CSE,REGULAR,0.14922506872845467,-0.07161590902567323,-1.95395373465592
5937,REG2022CE05937,2022,CE,REGULAR,1.0078309042747984,1.277364315553677,-1.4436505092520278
5938,REG2023ECE05938,2023,ECE,REGULAR,-0.8374131208731822,1.4963202461921061,-0.38093610366481784
5939,REG2022CE05939,2022,CE,LATERAL_ENTRY,-1.272620580982833,-0.4710435676328277,-1.5136321923549891
5940,REG2022CE05940,2022,CE,REGULAR,-0.4901656502040073,-0.2820747097433118,1.2274040173479215
5941,REG2023CE05941,2023,CE,REGULAR,0.7150639391186265,0.07282622142907308,0.6616618573670949
5942,REG2020CE05942,2020,CE,REGULAR,-0.11328558500783865,0.8344374565283117,0.4351649729470782
5943,REG2022CE05943,2022,CE,REGULAR,1.4899263536002787,0.4849441384748313,0.1901479921252132
5944,REG2020EEE05944,2020,EEE,LATERAL_ENTRY,-1.6748679428926916,-1.098685142409619,-0.1643459558964511
5945,REG2023CSE05945,2023,CSE,REGULAR,1.8164021213301118,0.6670223225128457,0.02367287493946678
5946,REG2021ME05946,2021,ME,REGULAR,0.10475868463735917,-0.9718658578855145,-0.5985714404264132
5947,REG2020CSE05947,2020,CSE,REGULAR,0.022142562570172823,-0.6872881563064877,0.7392144415628538
5948,REG2022ECE05948,2022,ECE,REGULAR,-2.46368599197193,-0.033602797261205374,0.6336370719826828
5949,REG2023CE05949,2023,CE,REGULAR,-2.297982270889135,-2.575665059022002,-0.09908217935685439
5950,REG2023ECE05950,2023,ECE,REGULAR,-0.460909874281652,0.22072268908341927,-0.24669128362560627
5951,REG2022ME05951,2022,ME,REGULAR,-1.3227653319994441,-0.33268817964405195,1.2667745177402898
5952,REG2020CSE05952,2020,CSE,REGULAR,-0.8231540894899116,-0.641591863009676,1.7614363717460315
5953,REG2022ECE05953,2022,ECE,REGULAR,0.3614812385498116,-0.7570159517423561,-0.38098617511556354
5954,REG2023EEE05954,2023,EEE,REGULAR,-0.7973818569471325,-1.1544239502399063,0.8625665012473801
5955,REG2021ME05955,2021,ME,LATERAL_ENTRY,0.10054304989514257,1.0005601961596922,-0.9908867432943997
5956,REG2023ECE05956,2023,ECE,REGULAR,1.209665141818549,-0.5336983208342154,0.2600006608759652
5957,REG2021EEE05957,2021,EEE,REGULAR,0.4194686662182719,1.7603210610819016,0.7757150982561776
5958,REG2023EEE05958,2023,EEE,REGULAR,-1.1727136110031675,-0.5489075749417577,1.0462055926040577
5959,REG2022EEE05959,2022,EEE,REGULAR,0.09614043688979673,1.0661046665389593,1.1289891971235986
5960,REG2020EEE05960,2020,EEE,LATERAL_ENTRY,0.3104548448494993,-1.1456215321803465,1.7197616396026094
5961,REG2022ECE05961,2022,ECE,REGULAR,-0.23324806359354458,-0.052684925125445065,-0.48989930260048
5962,REG2021CE05962,2021,CE,REGULAR,-0.5715390611244836,-1.6422901956417828,0.4977039582181344
5963,REG2022EEE05963,2022,EEE,REGULAR,-1.459294218135469,0.4422793360073821,-0.3410330655189614
5964,REG2021CE05964,2021,CE,REGULAR,1.3452914123621862,0.42135068230079603,-0.8583322660214929
5965,REG2023EEE05965,2023,EEE,REGULAR,0.23665456555291087,-1.0655743101860848,-0.9490136313405896
5966,REG2022EEE05966,2022,EEE,REGULAR,0.9904537454467831,-0.37996619634442885,-0.3613186822903963
5967,REG2022CSE05967,2022,CSE,REGULAR,1.7736031520121351,-1.5225215351261396,1.0208601478905797
5968,REG2022EEE05968,2022,EEE,REGULAR,0.8441590640640102,0.04207140994471058,-1.1516636118176933
5969,REG2021ME05969,2021,ME,REGULAR,1.5536228008711497,0.5375608061537495,-0.03389743361749439
5970,REG2021ME05970,2021,ME,REGULAR,-0.04683018746108974,-0.45914792234453056,-0.23908120207369055
5971,REG2023EEE05971,2023,EEE,REGULAR,-1.397092726394032,1.286284436366781,-1.0651268965025706
5972,REG2020CE05972,2020,CE,REGULAR,1.2581831082516959,-0.3113031075103353,-0.17076626915436685
5973,REG2021CSE05973,2021,CSE,LATERAL_ENTRY,0.5947981962610709,0.553489663557822,3.3545733891663776
5974,REG2021CE05974,2021,CE,REGULAR,-1.0771308202318859,-0.20026385920186315,-0.4630509567317495
5975,REG2023CSE05975,2023,CSE,REGULAR,1.1303533295981325,-0.9259438672517264,-0.6522854555205847
5976,REG2021EEE05976,2021,EEE,REGULAR,-0.6024111220325941,-1.3730388323596754,-1.046373281993827
5977,REG2021ME05977,2021,ME,REGULAR,-0.940972322519671,-0.3860644556339441,-0.7214720186041311
5978,REG2023ECE05978,2023,ECE,REGULAR,0.7575165479628068,-1.0074615814530896,-0.5534869117223504
5979,REG2022ME05979,2022,ME,REGULAR,0.9467621332612666,-0.8763897995354163,1.5347251552326266
5980,REG2020ECE05980,2020,ECE,REGULAR,0.9761240271443559,-1.292412688703994,-1.0816428226310562
5981,REG2022CE05981,2022,CE,REGULAR,-0.0722860801416089,0.7078913823566884,0.1513066697247634
5982,REG2023CSE05982,2023,CSE,REGULAR,1.0806859540580072,-0.09494337391742586,0.2583474727596158
5983,REG2021CE05983,2021,CE,REGULAR,0.676047378169482,-2.6579632604532417,0.24467203434693838
5984,REG2020ME05984,2020,ME,LATERAL_ENTRY,-0.5117741884962371,1.0918135336544557,2.2662282864197185
5985,REG2020ECE05985,2020,ECE,REGULAR,-0.7695025565184669,0.9631323620651993,-0.9968741191528919
5986,REG2021ECE05986,2021,ECE,REGULAR,0.6224273795277627,0.4232605981057256,-1.2851219423646516
5987,REG2020ECE05987,2020,ECE,REGULAR,-0.9816691663062304,-0.22669312407064238,-2.628221893148592
5988,REG2021EEE05988,2021,EEE,REGULAR,-1.5330978523207555,-0.7925406856634971,-0.5321204245466145
5989,REG2021ME05989,2021,ME,LATERAL_ENTRY,-0.465378510623165,-0.7851351147903786,1.4699355358205197
5990,REG2021EEE05990,2021,EEE,LATERAL_ENTRY,-0.6167430163442439,-1.4453783370612792,-0.6366592465699284
5991,REG2020ECE05991,2020,ECE,REGULAR,-0.12368128691468448,0.2545647540531764,-1.1012839773089762
5992,REG2021CE05992,2021,CE,REGULAR,0.30402559589886746,-0.12984392628951189,-0.49291996138949207
5993,REG2020ECE05993,2020,ECE,REGULAR,1.053164492553048,-1.7978704059764217,2.166541621777072
5994,REG2020ECE05994,2020,ECE,REGULAR,0.5189516837227638,0.6865432151763621,-0.6243521492599413
5995,REG2023CSE05995,2023,CSE,REGULAR,-0.34255466658630035,-1.5135813647665468,0.8219488248257374
5996,REG2023ME05996,2023,ME,REGULAR,0.12466362266745842,0.8223833338108787,-0.7043015860295693
5997,REG2021EEE05997,2021,EEE,REGULAR,0.01212122309211662,-0.0858503850354019,-0.18060531719234085
5998,REG2022CSE05998,2022,CSE,REGULAR,-0.8045158852914841,-1.4892442510989088,0.5589005237417732
5999,REG2021EEE05999,2021,EEE,LATERAL_ENTRY,0.3365175664517029,-0.35036584441580504,0.07009895894239775
6000,REG2021CSE06000,2021,CSE,REGULAR,0.2414524250402884,1.2908858964911043,-1.1552903430592132
6001,REG2022CE06001,2022,CE,REGULAR,0.69699121500238,-0.8855775662454841,-1.0673697513385594
6002,REG2023CSE06002,2023,CSE,REGULAR,-0.933778613392027,1.5338451050362951,0.18132367123690882
6003,REG2020CE06003,2020,CE,REGULAR,-1.8918105367082008,1.675202424087777,-0.006426812178948622
6004,REG2022ECE06004,2022,ECE,REGULAR,0.4913518941635465,0.6565957805982692,-0.3353910530156894
6005,REG2022EEE06005,2022,EEE,REGULAR,-0.032441228879330264,0.9421013164195751,-1.9912469800306216
6006,REG2022CSE06006,2022,CSE,LATERAL_ENTRY,1.1237606303192145,0.3906312204512712,-0.0959206760738782
6007,REG2022EEE06007,2022,EEE,REGULAR,-0.7996592545864684,-0.45089425649882703,0.019175603704573406
6008,REG2020EEE06008,2020,EEE,REGULAR,-0.13024360413792802,-0.18724723337403998,-1.4654861843628
6009,REG2023EEE06009,2023,EEE,REGULAR,-1.273811326112471,-0.18431096807266756,0.7853622727417177
6010,REG2021ME06010,2021,ME,REGULAR,-0.9084634120517325,0.42973952159049206,-2.5615811939866857
6011,REG2021ME06011,2021,ME,REGULAR,1.19116842595064,-1.1657429157321637,1.8835358576589745
6012,REG2021EEE06012,2021,EEE,LATERAL_ENTRY,0.10291520521882007,-1.5220381197441546,-0.9350176867916767
6013,REG2020ME06013,2020,ME,REGULAR,1.4422245779605636,0.08814195861744802,0.9446919401066055
6014,REG2023CSE06014,2023,CSE,REGULAR,0.2172441155899823,-0.5686200879573721,0.07009808550509432
6015,REG2020CSE06015,2020,CSE,LATERAL_ENTRY,-0.47852287752972966,-0.5327726205471932,-0.27908719287115336
6016,REG2020ME06016,2020,ME,LATERAL_ENTRY,0.10792592753853392,-1.636851397027805,0.20558082869159974
6017,REG2020ECE06017,2020,ECE,REGULAR,-0.0787368558672467,0.6461718603268568,0.20523936752165606
6018,REG2023ECE06018,2023,ECE,REGULAR,1.0147462094859059,-2.1722911685499446,0.9829511017288318
6019,REG2021ECE06019,2021,ECE,REGULAR,0.2685983449231724,1.4061238513105412,-0.9652920722448233
6020,REG2020ECE06020,2020,ECE,REGULAR,-0.9018858907504247,-1.6363392466508524,-0.900512243439323
6021,REG2021ME06021,2021,ME,REGULAR,1.433564011779126,0.04270340039202465,1.1788075427293108
6022,REG2021EEE06022,2021,EEE,REGULAR,2.1161417380677636,0.932450265662965,-2.2180547971699136
6023,REG2021ECE06023,2021,ECE,LATERAL_ENTRY,-0.1879748256004968,0.7055731173676287,0.33787419961159487
6024,REG2020CSE06024,2020,CSE,REGULAR,1.6575367208273621,0.590290343566945,-1.4297866490661637
6025,REG2020EEE06025,2020,EEE,REGULAR,0.792616047392499,-1.14312561657278,-0.5526246036966742
6026,REG2020ME06026,2020,ME,LATERAL_ENTRY,1.0983183650924322,-0.9755677986760999,-0.2302643950873201
6027,REG2022ME06027,2022,ME,REGULAR,-0.41179882491763353,0.41487593584649485,0.3791982553669916
6028,REG2023CE06028,2023,CE,REGULAR,-0.9173952884550135,-0.790826700169864,0.1700581425705966
6029,REG2022EEE06029,2022,EEE,REGULAR,1.4622629533161373,0.999936475836576,-0.5686699278848648
6030,REG2020EEE06030,2020,EEE,REGULAR,-0.8054140133113804,0.7800584262763718,-2.982157659730702
6031,REG2022EEE06031,2022,EEE,REGULAR,0.3574515864141019,-0.09837820924500926,1.1427723599937778
6032,REG2022CE06032,2022,CE,REGULAR,0.649708133469094,0.3495813655863025,-0.29936338722626316
6033,REG2023ECE06033,2023,ECE,LATERAL_ENTRY,-0.3048336379415563,2.2648327485152633,-0.9532682702334035
6034,REG2022CSE06034,2022,CSE,LATERAL_ENTRY,-0.004865219184688119,-0.0394358072941681,0.8157382069299894
6035,REG2020CE06035,2020,CE,REGULAR,-1.5491407492975704,0.09667619243096304,-0.4793735713294252
6036,REG2020ME06036,2020,ME,REGULAR,2.2738448558741107,-2.370069078768013,-0.5899939221174603
6037,REG2022ECE06037,2022,ECE,REGULAR,0.47455476235796257,0.7355365558078887,0.27940754625575154
6038,REG2023CSE06038,2023,CSE,REGULAR,-1.8826946750783187,2.4264722892412673,1.217912665058428
6039,REG2023CE06039,2023,CE,REGULAR,0.3324909807893773,-1.0334854672560763,0.951822053051617
6040,REG2022ME06040,2022,ME,REGULAR,-0.07318170254100276,0.27911842475073945,-0.08772811629862198
6041,REG2021CE06041,2021,CE,REGULAR,-1.2662295290692238,-1.49292242631511,0.42586457763889896
6042,REG2022CE06042,2022,CE,REGULAR,1.4405742979076168,-0.4028738354023735,-1.4792152544449093
6043,REG2023ECE06043,2023,ECE,REGULAR,-0.01289178355839969,-0.37387407962378755,0.54508575641121
6044,REG2022ME06044,2022,ME,REGULAR,-0.7950520898094712,0.8217772060372476,-1.1188191391941809
6045,REG2020ME06045,2020,ME,REGULAR,-0.6170631248488667,-0.09624516760366952,0.5331609240494386
6046,REG2023ECE06046,2023,ECE,REGULAR,0.08619527774649824,1.0861646626890535,-0.7515103168547964
6047,REG2022ECE06047,2022,ECE,REGULAR,-0.19490564076809352,-1.2949543852562708,-0.008844970287087622
6048,REG2023EEE06048,2023,EEE,REGULAR,-0.424760402651162,1.6804999601772739,-1.6801998923213677
6049,REG2021ECE06049,2021,ECE,REGULAR,-0.3486325207623063,0.7855486691364014,0.8472052523664336
6050,REG2023CSE06050,2023,CSE,REGULAR,-0.33571395638839285,-0.6821146593125104,0.314928468444422
6051,REG2021CSE06051,2021,CSE,REGULAR,0.7036132840768452,-0.6105347675728249,1.6943254502691631
6052,REG2021CE06052,2021,CE,REGULAR,-0.8353619466176428,0.10336019866256027,-1.0670732160708225
6053,REG2023CSE06053,2023,CSE,REGULAR,-0.24233966525908668,0.8667030487311171,0.0446050855282342
6054,REG2020ME06054,2020,ME,REGULAR,1.222121059160711,-1.9777174890085756,0.09195528662964923
6055,REG2022ECE06055,2022,ECE,REGULAR,-0.5421810187292382,0.44064155115016923,1.7427381972756635
6056,REG2023EEE06056,2023,EEE,LATERAL_ENTRY,-0.25287678623841087,-1.655575490653127,-1.8113276020403732
6057,REG2023CE06057,2023,CE,REGULAR,0.09143990321022591,0.14388176262112315,0.7764534331564866
6058,REG2023CE06058,2023,CE,REGULAR,0.073302029353185,0.18084204195572193,-1.1234556172375165
6059,REG2020CE06059,2020,CE,REGULAR,-1.2677369474517655,-0.42160470958482293,-1.045312143472583
6060,REG2022CE06060,2022,CE,REGULAR,-1.2231826103798877,-0.6196942917059404,-0.33656049309339753
6061,REG2020CSE06061,2020,CSE,REGULAR,0.7729811326885178,-0.028634177551096495,1.985196869547588
6062,REG2021CSE06062,2021,CSE,LATERAL_ENTRY,-0.46658077368996004,-0.21730424741680474,-0.12995684646189776
6063,REG2020EEE06063,2020,EEE,REGULAR,0.12804424301252007,0.04694011623767159,0.3169169869883981
6064,REG2021ECE06064,2021,ECE,REGULAR,0.7413738924773331,0.4517039533959419,-1.1164395315002533
6065,REG2020ECE06065,2020,ECE,REGULAR,-0.724001723003373,0.2999564687558586,-0.5527807174678079
6066,REG2020EEE06066,2020,EEE,REGULAR,1.996169720941229,-1.6708127614252692,1.7930526852166078
6067,REG2022EEE06067,2022,EEE,REGULAR,-1.6291931866968048,-1.3499811170217109,0.897747047624622
6068,REG2021ME06068,2021,ME,REGULAR,1.0281623114694716,1.0448787426539725,-0.6841768637993143
6069,REG2023CSE06069,2023,CSE,REGULAR,-0.5772011858972084,0.3886214802009952,0.5480286120879263
6070,REG2022ECE06070,2022,ECE,REGULAR,-0.6816507905692808,0.6745639779997936,1.2595287009335996
6071,REG2023ECE06071,2023,ECE,REGULAR,0.4807559900422746,-0.39712621940794246,-0.7087262096808352
6072,REG2022CSE06072,2022,CSE,REGULAR,0.3661521889095367,0.5587983611845179,2.30631438523515
6073,REG2023CSE06073,2023,CSE,REGULAR,0.6851485922933035,-0.7214405975064482,0.5817226240475176
6074,REG2021ME06074,2021,ME,LATERAL_ENTRY,0.21172460572426072,-2.0305347434111782,0.8626470419564917
6075,REG2022CE06075,2022,CE,REGULAR,0.1478786088901868,0.1510852811858132,-0.5853198228318
6076,REG2021CSE06076,2021,CSE,REGULAR,2.4695003946778615,-0.7824027590958406,0.9279480251312169
6077,REG2022EEE06077,2022,EEE,REGULAR,-1.7071033554955013,0.9753127649023606,0.30528681473247277
6078,REG2021CE06078,2021,CE,REGULAR,-0.3714658498820861,0.5925277508858201,-0.9795387733034968
6079,REG2023ME06079,2023,ME,REGULAR,-0.42941133358236416,-1.7357889304385166,2.0670696873861147
6080,REG2021CE06080,2021,CE,REGULAR,-0.8551181568667101,0.21620140852798844,-0.10001425638690646
6081,REG2023CSE06081,2023,CSE,REGULAR,0.012019711535415641,0.8970225887984727,1.0684047780589498
6082,REG2021EEE06082,2021,EEE,REGULAR,-0.5038964443933704,0.47814367910803635,-0.6930217375284319
6083,REG2022CE06083,2022,CE,REGULAR,0.11200131600246156,-0.475003165520173,-0.9828207223184879
6084,REG2021CE06084,2021,CE,REGULAR,-0.5706413761001076,-0.47125686366051267,0.07229550504258835
6085,REG2023ECE06085,2023,ECE,REGULAR,1.0560755731468006,0.7841513519060503,-0.3543049544784945
6086,REG2020CSE06086,2020,CSE,REGULAR,-0.6646642911337274,0.05597828453977021,1.4574855272352583
6087,REG2022CE06087,2022,CE,REGULAR,-0.379715627293519,-1.280082526218735,-1.2223581191698765
6088,REG2023CE06088,2023,CE,REGULAR,-0.48697771407143403,0.06936612549857761,1.6850954947829628
6089,REG2022CE06089,2022,CE,REGULAR,-0.6707254095647512,-0.8935315190538614,-0.935970781136473
6090,REG2020CE06090,2020,CE,REGULAR,-2.7867248255974952,-0.6347466875241123,1.7813874312679263
6091,REG2021EEE06091,2021,EEE,REGULAR,0.06995697574816954,-0.4043263880790924,0.5256290011298465
6092,REG2023ECE06092,2023,ECE,REGULAR,-0.42981970479050485,1.3987412639592032,0.2626123477581687
6093,REG2020CE06093,2020,CE,LATERAL_ENTRY,-2.1090591030208796,0.7665080008396467,-0.3957297737110001
6094,REG2023ECE06094,2023,ECE,REGULAR,0.8201972453763019,1.8936117707310511,-2.4919165589396357
6095,REG2020CSE06095,2020,CSE,REGULAR,-0.8280796596250305,0.3319681790686533,-1.3386242239640955
6096,REG2022CSE06096,2022,CSE,REGULAR,-1.2980222470260108,-2.5815690557852835,-0.1991180358312974
6097,REG2020ECE06097,2020,ECE,REGULAR,0.7906286167024941,1.1793376583769277,0.8240228460368416
6098,REG2020ME06098,2020,ME,REGULAR,1.1599493287038316,0.14755419327162667,0.054046744289667145
6099,REG2023ECE06099,2023,ECE,REGULAR,-0.8218244586277709,-1.4028162865715872,1.5180200340467451
6100,REG2023ME06100,2023,ME,REGULAR,-0.22341724812966124,0.37582710450730256,-1.8665676828303954
6101,REG2021CE06101,2021,CE,REGULAR,-0.7422676907922764,1.2127758617035702,-0.1488775480668367
6102,REG2022ME06102,2022,ME,LATERAL_ENTRY,-0.42723488481615135,-1.7409782579765491,-0.616623639167903
6103,REG2021CSE06103,2021,CSE,REGULAR,2.0295547884211316,0.11287876365258372,-0.753376339577525
6104,REG2021CSE06104,2021,CSE,REGULAR,-1.1229436433360498,-0.5315259851576989,0.28694875209385406
6105,REG2023ME06105,2023,ME,REGULAR,-1.2731804020275115,1.8921313778012319,-0.8146475292012586
6106,REG2023ECE06106,2023,ECE,REGULAR,-0.7837964740533025,0.1937963591316174,-0.7743730728869495
6107,REG2022CSE06107,2022,CSE,REGULAR,1.3632432582414573,0.5077243841498703,0.35554250537486626
6108,REG2020CSE06108,2020,CSE,REGULAR,-2.137798854962697,0.593639464375631,1.5884147904557353
6109,REG2021EEE06109,2021,EEE,REGULAR,-1.6553237203959121,-0.7043122095001391,-0.1448394895301217
6110,REG2021ECE06110,2021,ECE,REGULAR,-0.711644856485736,0.9967415016472139,-1.3963985654547146
6111,REG2023EEE06111,2023,EEE,REGULAR,1.6230332949062931,0.7948308137922806,0.12989380845139337
6112,REG2020EEE06112,2020,EEE,LATERAL_ENTRY,0.13773109267775793,0.612054438162125,-0.3679849771776789
6113,REG2022CE06113,2022,CE,REGULAR,-1.510292142772647,-0.5663751957284937,0.29301814424762
6114,REG2022EEE06114,2022,EEE,REGULAR,-0.03126825976612934,1.3245934209284618,0.4868788113189597
6115,REG2022EEE06115,2022,EEE,REGULAR,-0.12992336725471926,1.2774507015297227,-0.24742076458164847
6116,REG2023ECE06116,2023,ECE,REGULAR,-0.1364967575975706,0.6522532366100879,0.701257652936988
6117,REG2021CE06117,2021,CE,REGULAR,0.27580158274220856,0.10165238529532608,0.15271836998455843
6118,REG2023ME06118,2023,ME,REGULAR,0.0061960081083574595,0.1459400696328223,-0.9939318846893288
6119,REG2023CSE06119,2023,CSE,LATERAL_ENTRY,-0.7242037446882175,-1.1820885520886493,-0.8561964463811991
6120,REG2021ME06120,2021,ME,REGULAR,-0.6424400216344592,0.24195556135039167,1.002899641566221
6121,REG2020ME06121,2020,ME,LATERAL_ENTRY,-0.06373572056665155,-0.25386512795106697,0.22561346745855393
6122,REG2021ME06122,2021,ME,REGULAR,-1.2963449841367263,-0.25027122500470794,0.3305598930351649
6123,REG2020ECE06123,2020,ECE,LATERAL_ENTRY,-0.927273418395512,-1.9664630623052528,-0.3830466776975072
6124,REG2020ME06124,2020,ME,REGULAR,-1.4310974925837,1.1219169354962266,1.818824418650184
6125,REG2021ME06125,2021,ME,REGULAR,-0.03450494467585498,1.4616247422331257,0.9333021286149208
6126,REG2023CSE06126,2023,CSE,REGULAR,-0.9225852639168945,0.47276846838657544,-0.5286745939719917
6127,REG2020ECE06127,2020,ECE,REGULAR,1.4426567688517786,0.9559665262067465,1.213379132599109
6128,REG2023EEE06128,2023,EEE,REGULAR,1.2827139581702194,-0.8530651849221563,-0.0006734970739592443
6129,REG2022CE06129,2022,CE,REGULAR,-0.9522813137394532,-2.614698437354672,1.0901311825446853
6130,REG2021EEE06130,2021,EEE,REGULAR,-0.2452168991897951,-0.5900098643507723,-0.027222115349824976
6131,REG2021EEE06131,2021,EEE,REGULAR,-0.5592824784492236,0.6288091401082587,0.020887162999077794
6132,REG2023ECE06132,2023,ECE,REGULAR,-0.4475771788895532,0.21476649160079223,1.7171191539945574
6133,REG2021ME06133,2021,ME,REGULAR,2.5663655728087473,-0.14646340199771613,-0.4648003293160938
6134,REG2020ECE06134,2020,ECE,REGULAR,0.860363099303359,-0.9859199657503048,0.6066594577131273
6135,REG2021CE06135,2021,CE,REGULAR,-0.015355737515756624,-0.4360388424198312,-1.7572147586615
6136,REG2020ECE06136,2020,ECE,LATERAL_ENTRY,-1.7646310937744505,0.09634386562412338,0.20802880525010536
6137,REG2022ECE06137,2022,ECE,REGULAR,-1.6061293121623395,0.5755649112356455,-0.0759492617107855
6138,REG2023CE06138,2023,CE,REGULAR,1.010838964191772,-0.6225413972318677,1.0382110302440155
6139,REG2022ECE06139,2022,ECE,REGULAR,-1.273970300852147,-1.0527860813093992,-0.07648268055695306
6140,REG2022CE06140,2022,CE,REGULAR,-0.5197809597041991,-0.09395366661765489,0.8625543905272665
6141,REG2023CSE06141,2023,CSE,REGULAR,0.04265092670379526,0.9218185816446404,-0.06824677984914927
6142,REG2020CSE06142,2020,CSE,REGULAR,0.8165235945459262,0.3102943156240523,-0.9401247491875919
6143,REG2023EEE06143,2023,EEE,REGULAR,-0.2623128284953232,-0.29614512080385846,-0.24495358295933245
6144,REG2020CE06144,2020,CE,REGULAR,0.25285824589835154,-0.03329400813150332,1.2864304630614842
6145,REG2022CE06145,2022,CE,REGULAR,-1.679899241488712,-0.8345296500918743,0.6863148050442303
6146,REG2021EEE06146,2021,EEE,REGULAR,-0.2265642756779332,0.7332036722403651,0.6516022549488552
6147,REG2021CE06147,2021,CE,REGULAR,-0.3375564148477778,-1.443920034893346,-1.0776290566706135
6148,REG2023ME06148,2023,ME,REGULAR,-0.08527495356156949,1.5926261171919522,0.5507131831209593
6149,REG2023ME06149,2023,ME,REGULAR,0.015600906607699359,-1.6701238416219732,-0.9091168186778075
6150,REG2021CSE06150,2021,CSE,REGULAR,-0.3486605052759789,-0.9638894050535666,-1.8196211780928977
6151,REG2023ECE06151,2023,ECE,REGULAR,-0.8909064044174912,-0.1940704844861863,1.5899196226186967
6152,REG2020EEE06152,2020,EEE,REGULAR,-0.6731196909745443,-0.22440713636115683,-0.034376267512949386
6153,REG2022ECE06153,2022,ECE,REGULAR,1.5797174674482222,1.1312871063587266,0.03778059979749922
6154,REG2020EEE06154,2020,EEE,REGULAR,-0.4437192029300452,-1.740226581200323,-0.8709435506647398
6155,REG2022CE06155,2022,CE,REGULAR,-0.29687694338181997,0.698502316445917,-0.5130683046617224
6156,REG2021CSE06156,2021,CSE,REGULAR,0.034442388212760765,-0.5569292803965793,0.17041029033848917
6157,REG2023ME06157,2023,ME,REGULAR,0.09696656044036592,0.26877820717931244,-0.5662020925160008
6158,REG2023CSE06158,2023,CSE,REGULAR,0.7590038934598345,1.285077588996811,-0.03586165333830044
6159,REG2023CE06159,2023,CE,REGULAR,-0.39840615985105515,0.7525843884329374,-1.3907107040926325
6160,REG2020ECE06160,2020,ECE,REGULAR,-0.49392094453238616,-0.34869033554423445,0.6447099895701983
6161,REG2020EEE06161,2020,EEE,REGULAR,-0.9782121280492878,-0.6972465428564204,0.11158621691055945
6162,REG2021ME06162,2021,ME,REGULAR,0.6314230001155244,-0.3074718299857303,-1.7752217372096184
6163,REG2021CSE06163,2021,CSE,REGULAR,-0.33607896334677007,-0.7191114363365751,-0.6716953577808804
6164,REG2023EEE06164,2023,EEE,REGULAR,0.7277334985919344,-0.5798789348216226,0.16141370275443742
6165,REG2020ECE06165,2020,ECE,REGULAR,-1.6522964501085404,1.9938667847667852,-0.5727079957856954
6166,REG2022ECE06166,2022,ECE,LATERAL_ENTRY,-0.39062852460894903,-0.4175660590141076,-1.3373228205706227
6167,REG2021EEE06167,2021,EEE,REGULAR,2.08133607534918,-0.20531238783601435,-2.266935715454149
6168,REG2022CSE06168,2022,CSE,REGULAR,0.9501715386017936,-0.09862977537103981,0.3074463069358727
6169,REG2023CE06169,2023,CE,LATERAL_ENTRY,-1.9917898988537874,0.5756521687810814,1.2091089463161107
6170,REG2020CSE06170,2020,CSE,LATERAL_ENTRY,-0.7768574272868359,-0.7041268621934741,-0.527351440252135
6171,REG2020CSE06171,2020,CSE,REGULAR,-0.684427901388762,-0.6656555756508767,-0.2344475114738563
6172,REG2022CSE06172,2022,CSE,LATERAL_ENTRY,-1.1263546480895188,1.0977798947670196,0.8514391441225184
6173,REG2023EEE06173,2023,EEE,REGULAR,-1.2772110869941549,0.0030642473861581558,0.1173793842292096
6174,REG2023CE06174,2023,CE,REGULAR,-0.2891951925565156,2.445298965121207,-0.8861399330140974
6175,REG2023CE06175,2023,CE,LATERAL_ENTRY,1.4299611867896778,-0.06918461973283323,-0.8186667372001307
6176,REG2023ECE06176,2023,ECE,REGULAR,0.2651140053814114,1.0291254449563687,-1.5527048007447626
6177,REG2021ECE06177,2021,ECE,REGULAR,0.577044082566334,0.010975357338979946,-0.571868838754654
6178,REG2022ME06178,2022,ME,REGULAR,-1.1131232513718787,1.662167560036735,0.06692105252984448
6179,REG2020ECE06179,2020,ECE,REGULAR,0.9502447531871886,0.5550511725448615,1.4011334362809234
6180,REG2023ECE06180,2023,ECE,REGULAR,1.3399369598192685,0.4141339730220345,-0.10537212863311707
6181,REG2020CE06181,2020,CE,REGULAR,-0.5258239038496872,-0.9657226632067777,0.8901119192344248
6182,REG2023ME06182,2023,ME,REGULAR,1.3503396436847375,-0.7396194552621307,0.8765655473717229
6183,REG2023ME06183,2023,ME,REGULAR,-1.1568358310560711,1.4719071827548464,-0.44840618596870363
6184,REG2022CE06184,2022,CE,REGULAR,-1.3792480837136603,-0.078937973359507,-1.1708010101478747
6185,REG2023CE06185,2023,CE,REGULAR,0.34732155716688173,1.0424018918579734,0.7635617916031023
6186,REG2020ECE06186,2020,ECE,REGULAR,-0.12221014851389851,-1.354980502690368,0.8050207947578636
6187,REG2023CE06187,2023,CE,REGULAR,0.03375115345803975,-1.3112017993118033,2.203790836770964
6188,REG2021EEE06188,2021,EEE,REGULAR,-0.7172704742282623,0.9298735915890457,0.891806674343597
6189,REG2020CSE06189,2020,CSE,REGULAR,-0.006017222195938134,0.8948080638983446,0.11366164509364729
6190,REG2022CSE06190,2022,CSE,REGULAR,-1.4951858708375312,-0.11909625482373004,-0.6305552661946557
6191,REG2021ECE06191,2021,ECE,REGULAR,1.0148308774077393,0.04387320901629515,-2.5716775746744522
6192,REG2022EEE06192,2022,EEE,REGULAR,-0.4569280928635677,1.5046176604957646,-1.2427677031633495
6193,REG2022ME06193,2022,ME,REGULAR,-0.09385754031396361,-0.5114261411679081,0.6350726706936963
6194,REG2021CSE06194,2021,CSE,REGULAR,0.9799454252236244,1.418804250672912,0.9809724664778461
6195,REG2022CE06195,2022,CE,REGULAR,-0.2127066030767179,0.9468040991319993,0.4290574929496253
6196,REG2023ME06196,2023,ME,REGULAR,-1.2580281274245364,0.1509413542027429,0.6200135746549539
6197,REG2021ECE06197,2021,ECE,REGULAR,1.1071559091646799,0.15650545384427011,2.285148572217705
6198,REG2022ME06198,2022,ME,REGULAR,0.9605315728124378,0.3970775994906683,0.04449683571203692
6199,REG2022ECE06199,2022,ECE,REGULAR,0.28087721093728985,0.5493596682597502,0.6794383435565186
6200,REG2023ECE06200,2023,ECE,REGULAR,-0.00819506072587311,1.6356421460037827,-0.18168231764992004
6201,REG2022EEE06201,2022,EEE,REGULAR,-1.9978078099081962,0.21841297269200025,-2.1128778249899582
6202,REG2020CSE06202,2020,CSE,REGULAR,0.4940649816429714,0.1883460847956314,-0.4751191230067603
6203,REG2023EEE06203,2023,EEE,REGULAR,0.40766743524434473,-0.46918186520628147,0.2275438208316947
6204,REG2021CE06204,2021,CE,REGULAR,1.2477107633065823,1.2263013456043423,0.5124533466882958
6205,REG2021ECE06205,2021,ECE,LATERAL_ENTRY,-0.5891222988370323,0.689360155595684,-0.6709442323471383
6206,REG2021ME06206,2021,ME,REGULAR,0.940251099062597,0.6971392774519429,-1.0659555234144775
6207,REG2023ECE06207,2023,ECE,REGULAR,-0.7414331990346791,-1.3394178352743866,0.0009274372546575158
6208,REG2022CE06208,2022,CE,REGULAR,0.998350013651593,-0.24190406699811542,-1.0267270827063089
6209,REG2021CE06209,2021,CE,REGULAR,0.2718884270448498,-0.37538145610048224,1.7841819653137487
6210,REG2022ME06210,2022,ME,LATERAL_ENTRY,1.6323615440343924,-1.974559082924005,0.3393357930258131
6211,REG2023CE06211,2023,CE,REGULAR,0.9123252184555735,1.2203846531531384,-0.12686789644621463
6212,REG2022ME06212,2022,ME,LATERAL_ENTRY,1.5130375807321783,1.3450037402688138,0.7127821597453483
6213,REG2021ME06213,2021,ME,REGULAR,-0.23912344371677766,0.6890441435196392,-1.9320960041577222
6214,REG2023CSE06214,2023,CSE,REGULAR,-1.161826939376551,0.4251576009054045,-0.6491474546431407
6215,REG2023ECE06215,2023,ECE,REGULAR,2.1727946134924245,1.404960462308215,0.13446144398623905
6216,REG2021EEE06216,2021,EEE,REGULAR,-1.9407771143025485,-0.5505690112281861,0.8859346089891449
6217,REG2023ME06217,2023,ME,LATERAL_ENTRY,-0.9306771537305006,0.7418639163886679,1.0755100422961206
6218,REG2023CSE06218,2023,CSE,REGULAR,0.3211511419881149,1.4153454876051623,-0.014955534809136405
6219,REG2022EEE06219,2022,EEE,REGULAR,0.8696513957275637,0.5576210035028154,1.0590647470358372
6220,REG2023ME06220,2023,ME,REGULAR,-0.2619655540653791,-0.2969819991295145,0.7166376516416353
6221,REG2020ECE06221,2020,ECE,REGULAR,-0.6177005839365707,-1.0530650703663826,1.3877392997478475
6222,REG2020CSE06222,2020,CSE,REGULAR,0.8717636563307989,0.283587935385459,-0.3269754660426355
6223,REG2022CSE06223,2022,CSE,REGULAR,-3.002453184306694,-0.8262882070478523,-0.5401484646758979
6224,REG2020EEE06224,2020,EEE,REGULAR,-0.4704265618647362,0.4460386159766832,1.1347859452011417
6225,REG2021EEE06225,2021,EEE,REGULAR,-0.46604802000971546,0.744648949116316,0.3484962524285009
6226,REG2021CSE06226,2021,CSE,REGULAR,-0.23682804280229675,-1.2254545472189116,1.0679291018800763
6227,REG2022ME06227,2022,ME,LATERAL_ENTRY,2.0539471897739823,-1.2283086796374194,-0.7753561260664696
6228,REG2020CSE06228,2020,CSE,REGULAR,-0.0004919685543022694,-0.44424865208431513,-0.7453285653344078
6229,REG2022CE06229,2022,CE,REGULAR,-0.40286717311281245,0.7666113979466349,1.7990172450833355
6230,REG2020EEE06230,2020,EEE,REGULAR,-2.704468159442866,-1.6485598835609496,0.37373477453572995
6231,REG2020ECE06231,2020,ECE,REGULAR,1.1367480382451818,0.1318483172270748,1.205009460312364
6232,REG2020ECE06232,2020,ECE,REGULAR,-0.10319153592772577,0.7000927694814336,0.9390157965049035
6233,REG2020ME06233,2020,ME,REGULAR,1.487376729740334,0.40301286951786824,0.8969301379741935
6234,REG2020ME06234,2020,ME,REGULAR,-0.0760174838121148,-0.6968943825962564,0.693436172593078
6235,REG2021CE06235,2021,CE,LATERAL_ENTRY,0.6039999885462077,0.5009194426660396,-0.2814469186233805
6236,REG2021CSE06236,2021,CSE,REGULAR,1.9641413489560264,0.8010281890860613,1.572816840094824
6237,REG2020EEE06237,2020,EEE,LATERAL_ENTRY,1.7546001735420813,-1.4355294865487471,0.4046775239956689
6238,REG2022CSE06238,2022,CSE,LATERAL_ENTRY,0.692842250742278,0.020593666039617656,2.2372833832260954
6239,REG2021EEE06239,2021,EEE,REGULAR,-1.5323803989699238,0.4376334300729764,-1.2758061927655187
6240,REG2022EEE06240,2022,EEE,REGULAR,1.8596474936036136,0.15911196616030546,-0.7293777392368457
6241,REG2023EEE06241,2023,EEE,REGULAR,-0.12233105223870894,0.2632912480718034,1.5618701206560597
6242,REG2020EEE06242,2020,EEE,REGULAR,-0.5461830127271224,-0.19518395109929465,0.40986998927496626
6243,REG2020ME06243,2020,ME,REGULAR,-0.17750852548919108,-1.3022662379689898,0.3119850711831046
6244,REG2021CE06244,2021,CE,REGULAR,-0.2058321335650172,0.11721529439666767,-0.218728400216553
6245,REG2021EEE06245,2021,EEE,REGULAR,-0.3424219359351744,1.1243005992832014,-2.2763990698345964
6246,REG2020CSE06246,2020,CSE,REGULAR,-1.1462238831454188,-0.4732822087413528,-1.1111901763734504
6247,REG2020EEE06247,2020,EEE,REGULAR,0.6560749654854954,0.2731455610700651,1.1592031914699048
6248,REG2022CE06248,2022,CE,REGULAR,-0.3119019735192496,0.25716294417016167,0.3438442277788009
6249,REG2023ME06249,2023,ME,REGULAR,0.8037743227471926,-1.3194032195014225,-0.1143310990593399
6250,REG2020EEE06250,2020,EEE,LATERAL_ENTRY,-0.013973682229795103,-0.9824839033361819,0.43832542947664377
6251,REG2021ECE06251,2021,ECE,LATERAL_ENTRY,-0.30455617287016473,-0.19027181236881108,-2.648625260486291
6252,REG2023ME06252,2023,ME,REGULAR,1.8026492643330951,-0.08247074871297577,1.269127875765806
6253,REG2021CE06253,2021,CE,REGULAR,-0.7827592676193801,-0.9017571605108502,-0.01330399380962096
6254,REG2023CE06254,2023,CE,REGULAR,0.07736301367362154,-2.0190320902754935,-0.012782709789202349
6255,REG2023EEE06255,2023,EEE,REGULAR,1.5445428681059887,-0.4343996109270366,0.07871467889417925
6256,REG2020CSE06256,2020,CSE,REGULAR,0.27977520134633704,-2.008351387831919,0.18460367624612575
6257,REG2022EEE06257,2022,EEE,REGULAR,-0.6344895487574491,-1.140755777199077,0.19926440524324956
6258,REG2021ECE06258,2021,ECE,REGULAR,0.13917950741069737,1.341777712030312,-1.2581408977653543
6259,REG2020CSE06259,2020,CSE,REGULAR,1.640434138246408,0.6980100626681592,-0.8293741540386926
6260,REG2020ECE06260,2020,ECE,REGULAR,0.21379839139001383,-1.3704565509943392,-1.8125433254099765
6261,REG2021CE06261,2021,CE,REGULAR,-0.09487142963972646,-0.7576249664275874,0.19831658254783763
6262,REG2023ME06262,2023,ME,REGULAR,-1.6760895273246852,0.8828891292315729,0.6385494426361481
6263,REG2021EEE06263,2021,EEE,REGULAR,0.13368600333060054,-0.3790641977809409,0.5610613754756312
6264,REG2023CSE06264,2023,CSE,REGULAR,-0.026383971378865598,0.8909473066934134,-1.2768523814374269
6265,REG2023CSE06265,2023,CSE,REGULAR,0.18654106888644828,0.9230094817120237,-0.307814870678248
6266,REG2020ME06266,2020,ME,LATERAL_ENTRY,-0.646323096593717,-0.03473947649214176,0.1364561245539134
6267,REG2023ECE06267,2023,ECE,REGULAR,0.35964263793470247,-0.758450117104694,1.6484458014857617
6268,REG2023CSE06268,2023,CSE,REGULAR,-0.01592578977719108,-0.42438371182280343,0.9221978459327644
6269,REG2023CE06269,2023,CE,REGULAR,-1.784861510338124,-0.5240493806266109,-0.08839892345970862
6270,REG2022CE06270,2022,CE,REGULAR,-0.682385968594976,-0.18054105770946569,1.8088898018444637
6271,REG2023ME06271,2023,ME,REGULAR,-0.5861362637630574,-0.25756593460529364,-0.3262932244047908
6272,REG2020CE06272,2020,CE,REGULAR,0.023865018224493963,1.4516573015187388,-1.092528161811434
6273,REG2020CE06273,2020,CE,LATERAL_ENTRY,2.6618594440746413,0.46485198087037755,-0.2702653843413823
6274,REG2022ECE06274,2022,ECE,REGULAR,0.06832041300813639,-0.12646644675893184,-0.27765476763832825
6275,REG2023CSE06275,2023,CSE,REGULAR,-0.42047418651301566,-0.35057288224800476,0.39940643185931857
6276,REG2022ME06276,2022,ME,REGULAR,2.2997808229864214,3.5179673709935844,0.9185818851144181
6277,REG2022ME06277,2022,ME,REGULAR,-2.079259142864868,-0.34685241228380814,-0.019392074541862276
6278,REG2021CE06278,2021,CE,REGULAR,0.6092123155457804,1.8340853963934092,-0.7194076910721131
6279,REG2021ME06279,2021,ME,REGULAR,0.32912608480169164,1.1943088756919533,-1.6637113286033707
6280,REG2023ME06280,2023,ME,REGULAR,0.5348448882738205,1.652469921443204,-1.0579380082831384
6281,REG2023ME06281,2023,ME,REGULAR,-1.9567325243883957,0.33597156840655706,-0.26076253161699725
6282,REG2020ECE06282,2020,ECE,LATERAL_ENTRY,1.4018066093770254,-0.8049066583421137,-0.11903513931886675
6283,REG2023CE06283,2023,CE,LATERAL_ENTRY,-1.1463621032683462,-0.6960259841558698,-0.7507043121591951
6284,REG2022ME06284,2022,ME,REGULAR,-0.4586457353322799,0.14290785813993787,1.2391268985412278
6285,REG2023ECE06285,2023,ECE,REGULAR,0.41166296693634524,0.4300855996754318,-0.09585428886570539
6286,REG2020CSE06286,2020,CSE,REGULAR,-1.2448555552711726,-0.8974467975356183,0.7883878048226324
6287,REG2022EEE06287,2022,EEE,REGULAR,1.9799798653738627,0.41649742054684125,0.791941079449409
6288,REG2020CE06288,2020,CE,REGULAR,1.0480686287510415,0.5213290618279249,-0.7339525648103086
6289,REG2023CSE06289,2023,CSE,REGULAR,1.268440341872941,0.6333124067790268,0.4021485996047734
6290,REG2020ECE06290,2020,ECE,REGULAR,-1.3984012428367978,-0.20934825373292795,1.4171393994996837
6291,REG2023CSE06291,2023,CSE,REGULAR,0.7898410202889414,0.13741467145647446,-0.4619695328236771
6292,REG2021ECE06292,2021,ECE,LATERAL_ENTRY,-1.5716199265449984,0.7596108910399549,-0.7485147213918408
6293,REG2020ME06293,2020,ME,REGULAR,0.7323000627727059,0.04498784357610075,-0.7125789671773227
6294,REG2020CE06294,2020,CE,REGULAR,-2.509570855901224,1.314220585264144,0.33883513526701114
6295,REG2020ME06295,2020,ME,REGULAR,1.9523686490540362,-0.794253159645291,1.616044530671867
6296,REG2020EEE06296,2020,EEE,REGULAR,-0.7240931723034413,0.5273496694673999,-1.9629211341549242
6297,REG2022CE06297,2022,CE,REGULAR,-0.4234015275754946,0.3939914929703333,0.8195891102189411
6298,REG2020ME06298,2020,ME,LATERAL_ENTRY,1.3087794592089763,-0.04770463245626494,0.6029562226212555
6299,REG2020ECE06299,2020,ECE,LATERAL_ENTRY,1.2018605745596316,0.4101174042608767,1.7889759781288022
6300,REG2022CE06300,2022,CE,REGULAR,0.31708313556817486,-0.16101241509442413,-0.8442222185383124
6301,REG2021EEE06301,2021,EEE,REGULAR,-0.8811399146499286,1.904388982886324,-1.249319774761452
6302,REG2020ECE06302,2020,ECE,REGULAR,-0.5293248130691566,-0.16308305548066082,-2.363862486348792
6303,REG2023CE06303,2023,CE,REGULAR,-0.2225909840039387,0.4519549545219488,-0.5478328533149631
6304,REG2023EEE06304,2023,EEE,REGULAR,-1.2812849199958405,-2.3855541430658236,1.610028715740119
6305,REG2020CE06305,2020,CE,REGULAR,-0.42197686409230856,0.40529411049309205,0.45139595241603503
6306,REG2021CE06306,2021,CE,REGULAR,0.4013213737267121,0.667578929626216,-0.18555123665895434
6307,REG2020CE06307,2020,CE,REGULAR,1.1174606196608028,0.33492053219213735,1.0970812665783527
6308,REG2021ME06308,2021,ME,REGULAR,0.04819300170317608,0.18296780970416407,0.35233529734323843
6309,REG2020CE06309,2020,CE,REGULAR,0.67964991617857,2.2188328617236452,-0.7239758771879895
6310,REG2023EEE06310,2023,EEE,REGULAR,1.0046592571834096,-0.6807865441487053,-0.9434477793977295
6311,REG2022ME06311,2022,ME,REGULAR,-0.025284573373309433,-0.8002123901861381,2.418158196338844
6312,REG2022CE06312,2022,CE,REGULAR,-0.028305852025289395,2.121644614089496,-0.2142154202611746
6313,REG2020ECE06313,2020,ECE,REGULAR,-1.0386781665039493,0.8407585893371537,0.5081505616764663
6314,REG2023CSE06314,2023,CSE,REGULAR,0.41571378683290666,0.4587699177505579,1.3607301534136718
6315,REG2023EEE06315,2023,EEE,REGULAR,0.8394432171563457,-0.31515935719764865,-0.07403700626459676
6316,REG2021CE06316,2021,CE,REGULAR,-1.0541513965914469,0.08321303627211424,2.1808201187667766
6317,REG2020ECE06317,2020,ECE,REGULAR,0.9064525405197977,0.3986434717966514,0.8378567782763992
6318,REG2020CSE06318,2020,CSE,REGULAR,-1.3690918596562172,1.6931374915640567,1.4151127269680546
6319,REG2022CE06319,2022,CE,REGULAR,0.5070833628304308,-0.9132069012238125,-0.580531440846305
6320,REG2022CSE06320,2022,CSE,REGULAR,-1.9882609223095515,0.5286370142811809,-0.1452406935677733
6321,REG2021CE06321,2021,CE,REGULAR,1.1328810524023127,-0.3938168475229226,1.3333893410061035
6322,REG2022ECE06322,2022,ECE,REGULAR,-0.021184768945825654,-0.1045230503663373,0.3695861093924123
6323,REG2020ME06323,2020,ME,REGULAR,-0.09866478349126587,-0.6972034263387095,1.7809432422563665
6324,REG2023ME06324,2023,ME,LATERAL_ENTRY,1.4041410775482142,-1.2071648110754896,-0.8422967979436733
6325,REG2020ME06325,2020,ME,REGULAR,-2.7369444058834076,-0.7189600975239883,0.7330535352614812
6326,REG2020CSE06326,2020,CSE,REGULAR,0.11214297600557366,1.4727324645227837,0.1429518765536459
6327,REG2023CSE06327,2023,CSE,REGULAR,0.30935116945935026,0.39542376259930456,0.11424936788569923
6328,REG2021EEE06328,2021,EEE,REGULAR,0.007902344020385425,-0.06588794670622926,1.869216761000688
6329,REG2020ECE06329,2020,ECE,REGULAR,0.8956448056451127,0.43103775898118785,-0.4007327158245103
6330,REG2023CSE06330,2023,CSE,REGULAR,-0.018165751509107216,1.2160702872622728,1.8257425199066162
6331,REG2022CSE06331,2022,CSE,REGULAR,-0.23996000386687957,0.4506117422414407,0.9140990291965996
6332,REG2023ME06332,2023,ME,REGULAR,0.4087964484622599,-0.15157976964972744,1.3153264707996108
6333,REG2020ECE06333,2020,ECE,REGULAR,-0.9936364773143213,-0.6595609580693483,-0.17841850539901719
6334,REG2020CE06334,2020,CE,REGULAR,-0.30650496382999126,-1.629811769346699,0.14960712645448745
6335,REG2021EEE06335,2021,EEE,REGULAR,-0.8322172569104787,-1.280427488625921,0.36080827220555356
6336,REG2021EEE06336,2021,EEE,REGULAR,1.7363779833540407,-1.3901622710840627,-0.6270562442103732
6337,REG2023CSE06337,2023,CSE,REGULAR,0.5844266736393763,-0.19018686428994283,-1.4621496227614421
6338,REG2023CE06338,2023,CE,REGULAR,1.548884823450688,-0.27384322568982356,-0.025627811064440054
6339,REG2021CE06339,2021,CE,REGULAR,0.443987223387584,-0.193286452733807,-1.2579860906206415
6340,REG2022ME06340,2022,ME,REGULAR,-1.1918369763207484,0.8866918850792388,-0.6982617890762192
6341,REG2021ECE06341,2021,ECE,REGULAR,0.05997926040607012,-1.039401995788547,1.2752152000487267
6342,REG2023ECE06342,2023,ECE,REGULAR,0.3102536139270847,-0.38681050086213625,-1.1614555545212504
6343,REG2021EEE06343,2021,EEE,REGULAR,0.0023342474921446343,0.10067168042665263,-0.8571950049137425
6344,REG2021CE06344,2021,CE,REGULAR,-1.4288646401204588,0.44420074589186187,-0.19812942028723957
6345,REG2022ME06345,2022,ME,LATERAL_ENTRY,0.9185438073233003,0.8614466900520132,0.6629459716573913
6346,REG2022ECE06346,2022,ECE,LATERAL_ENTRY,-0.041270618996763576,0.7119857366380002,0.02730186235054174
6347,REG2020CE06347,2020,CE,REGULAR,1.1815419813889227,1.6612218793404643,1.5814119919469678
6348,REG2021EEE06348,2021,EEE,REGULAR,-1.9825181417444708,-0.6153273052480539,2.941048081165452
6349,REG2020CSE06349,2020,CSE,REGULAR,-0.13725482606614325,0.6196730695452976,0.44699967907490507
6350,REG2022CE06350,2022,CE,REGULAR,-0.5263603373953318,-0.2512205420311398,-0.20808579815419806
6351,REG2020EEE06351,2020,EEE,REGULAR,-1.1655558512569606,-0.9664299210596993,-1.0530913679771987
6352,REG2020CSE06352,2020,CSE,REGULAR,-2.3832114968011875,0.5369495710876008,-0.22394891762274788
6353,REG2022ME06353,2022,ME,REGULAR,-1.8048154917056147,0.44494179026600905,-0.5974974598128484
6354,REG2022ECE06354,2022,ECE,LATERAL_ENTRY,-0.9747528939439875,-0.034007525801909466,0.5311274482550129
6355,REG2020CE06355,2020,CE,REGULAR,0.3571590312432388,0.2039382551268935,-1.0488810396906043
6356,REG2021CSE06356,2021,CSE,REGULAR,0.6502766134534208,1.6637127564923626,-0.7554890035505697
6357,REG2023CE06357,2023,CE,REGULAR,-1.0102050833998466,-0.4512305791971855,0.8365584315557186
6358,REG2023CE06358,2023,CE,REGULAR,1.7687409535588319,0.8806097972553779,-0.860282962606144
6359,REG2021CE06359,2021,CE,REGULAR,2.1725893612023692,0.8294426826339666,-1.8437410183311316
6360,REG2021ME06360,2021,ME,LATERAL_ENTRY,-0.4073124688648626,-2.4215601661744723,-0.7248358221735677
6361,REG2022ME06361,2022,ME,REGULAR,0.9640123513812149,-0.962352330012656,1.918842422255994
6362,REG2023ME06362,2023,ME,REGULAR,-1.0170527947288197,-2.0469511565394005,-0.6580720660206716
6363,REG2022CE06363,2022,CE,LATERAL_ENTRY,0.672894892844633,0.1731401309396064,1.7217700107637512
6364,REG2021EEE06364,2021,EEE,REGULAR,0.13163824429263415,0.5680740298019277,-0.020438563280119608
6365,REG2023EEE06365,2023,EEE,REGULAR,-0.06175892369635511,0.043144019640461675,-1.8417597051832237
6366,REG2020CSE06366,2020,CSE,REGULAR,1.210226724912163,-0.4906282985959526,-0.8853917857629988
6367,REG2020CSE06367,2020,CSE,REGULAR,1.560794877887187,-0.22209955120770528,0.6716374463310052
6368,REG2023CE06368,2023,CE,REGULAR,1.5802955080685877,-0.09314576939953474,1.405676463579834
6369,REG2023CE06369,2023,CE,REGULAR,0.9009924516012837,-0.6389730682342913,-0.8269465621814391
6370,REG2020ECE06370,2020,ECE,REGULAR,-0.7251030978064316,0.004005301267938927,2.401110131083261
6371,REG2021CSE06371,2021,CSE,REGULAR,2.2814376451769274,0.6589847334742065,0.6152452623203697
6372,REG2020CE06372,2020,CE,REGULAR,-0.3863476271605023,1.4397357460414526,-1.6094141434174631
6373,REG2020CE06373,2020,CE,REGULAR,1.0214784000458967,-0.943388257793569,-0.4266003183467388
6374,REG2021EEE06374,2021,EEE,REGULAR,-1.196893673196528,-0.8097307729274981,-0.9019643082593962
6375,REG2020EEE06375,2020,EEE,REGULAR,-1.5517286566756905,0.7972385946024405,-1.5160851418241919
6376,REG2023CE06376,2023,CE,REGULAR,-1.7275864560023544,1.0360589395670827,-1.1027644830037873
6377,REG2021CSE06377,2021,CSE,LATERAL_ENTRY,0.33520824203254546,1.1358742770149732,0.39883073120450924
6378,REG2022CE06378,2022,CE,REGULAR,-0.19435784667577463,-1.2671881116117938,1.806426709721519
6379,REG2021EEE06379,2021,EEE,REGULAR,-1.5915091599671896,-0.10004043016312962,0.6758812091398935
6380,REG2020ECE06380,2020,ECE,REGULAR,-0.19564470408898813,-0.7826310840358215,0.06325598055174447
6381,REG2020ME06381,2020,ME,REGULAR,0.6821405953637476,0.18099360035439524,-0.7459474688201081
6382,REG2021ECE06382,2021,ECE,REGULAR,0.10465777013255521,0.3528530952554131,0.6307417530583971
6383,REG2023ME06383,2023,ME,REGULAR,0.0025233776439216467,-1.1031077992825125,0.3166594481810001
6384,REG2021EEE06384,2021,EEE,REGULAR,-1.3379748444617345,-0.31271237723295997,-0.47474345479679664
6385,REG2023ME06385,2023,ME,REGULAR,1.594783796486747,0.7499947052911516,-1.4070173807365334
6386,REG2020CE06386,2020,CE,REGULAR,-0.6153330439689177,0.2515412635848171,0.8531179317702785
6387,REG2020ME06387,2020,ME,REGULAR,2.009973518293522,-1.1327298166129798,-0.20480102257327712
6388,REG2020EEE06388,2020,EEE,REGULAR,-1.7988621773517033,-0.2902144116269585,1.7273832937138864
6389,REG2021EEE06389,2021,EEE,REGULAR,-0.03999886643035977,-0.43986078805389633,0.17042291188230851
6390,REG2022CE06390,2022,CE,REGULAR,0.19283746966564758,0.4303070519692193,-1.6540563056332669
6391,REG2022CSE06391,2022,CSE,REGULAR,0.1037542328834521,-0.7616694815223946,0.2835332159087708
6392,REG2023ME06392,2023,ME,REGULAR,-0.5233075666240563,-0.8895409182894928,0.9964319432216039
6393,REG2023ECE06393,2023,ECE,REGULAR,-0.09301567407702215,0.5463509281213684,0.13798880393880966
6394,REG2023ECE06394,2023,ECE,LATERAL_ENTRY,-0.5216987674946778,0.582624089223645,1.147622120184531
6395,REG2021ECE06395,2021,ECE,REGULAR,-3.0287201174986063,2.257620637550414,0.5246185155540974
6396,REG2021EEE06396,2021,EEE,REGULAR,0.3773247415497474,-2.002974088934801,-0.3372884862164672
6397,REG2023ECE06397,2023,ECE,LATERAL_ENTRY,0.24318837093601586,0.6697406256622812,-0.5326221049644234
6398,REG2022ME06398,2022,ME,REGULAR,-0.45779898758061843,-1.2381276388959541,-0.36339889181443175
6399,REG2022EEE06399,2022,EEE,REGULAR,-1.6638653567121726,-0.8112727322009359,-0.03916209768659413
6400,REG2021CSE06400,2021,CSE,REGULAR,-2.4030115211775405,1.032955715684455,0.3918802520130624
6401,REG2021EEE06401,2021,EEE,REGULAR,1.7483071671240562,-0.08632270204467199,-1.273422801690543
6402,REG2023EEE06402,2023,EEE,REGULAR,1.0958559589550503,0.3516188365547248,0.8043143414202529
6403,REG2021ECE06403,2021,ECE,REGULAR,1.3454889562051202,-0.857472651625146,-0.7193185675845094
6404,REG2021ECE06404,2021,ECE,LATERAL_ENTRY,1.1604725053473395,-0.3542363129064926,-0.9820084134190988
6405,REG2022CSE06405,2022,CSE,REGULAR,-1.986950215586691,2.5048360867434485,0.20943832091834091
6406,REG2020CE06406,2020,CE,REGULAR,1.1565368631926154,-0.35240483179802484,-2.3033373823194108
6407,REG2020CE06407,2020,CE,REGULAR,-0.7733934408619441,-1.2898171337260176,0.8104513678732886
6408,REG2021CE06408,2021,CE,REGULAR,0.1790159726090269,-0.08238928755214396,0.13077868197977302
6409,REG2022ME06409,2022,ME,REGULAR,1.5430008652573897,-1.196871085509681,1.6666108135641995
6410,REG2023ECE06410,2023,ECE,REGULAR,-1.4068224117784063,1.1290829682869186,-0.5461208297493778
6411,REG2021CE06411,2021,CE,REGULAR,-0.054462182730319546,1.274118092607574,0.771517940987039
6412,REG2022EEE06412,2022,EEE,REGULAR,-1.1429031971623762,0.8919718896437832,2.8459628779069917
6413,REG2020CSE06413,2020,CSE,REGULAR,0.4669473508270103,0.8101684690609612,-0.07089112038953296
6414,REG2022CE06414,2022,CE,REGULAR,0.4647134515705161,0.4991984335750824,-1.840912826231569
6415,REG2022ME06415,2022,ME,REGULAR,0.8670316428800494,0.5419375160893987,-0.7636019110252825
6416,REG2022ECE06416,2022,ECE,REGULAR,0.9201031519114099,-0.3349430167895937,-1.0380370962098469
6417,REG2022CSE06417,2022,CSE,REGULAR,-1.10395115209911,1.374855721316512,-0.598731365741931
6418,REG2022ME06418,2022,ME,LATERAL_ENTRY,-0.5936560832533961,-1.3237016219712732,-0.47400940527150537
6419,REG2020ECE06419,2020,ECE,REGULAR,-0.2109724946124373,0.03782522791170415,-1.7321861581367204
6420,REG2020ECE06420,2020,ECE,REGULAR,-0.5226488881400086,2.6873124146604006,0.6286555640138654
6421,REG2020ECE06421,2020,ECE,REGULAR,-0.30382244654323404,1.5539281636348552,1.1192727900621153
6422,REG2023ME06422,2023,ME,REGULAR,-0.44587779064246214,1.923955175733291,0.44693531490667854
6423,REG2022CE06423,2022,CE,REGULAR,2.192968976061738,0.3031822542833061,-0.5619298595106359
6424,REG2021ME06424,2021,ME,REGULAR,-0.7675366433534065,1.2713885569586938,-0.028974244550251695
6425,REG2023CSE06425,2023,CSE,REGULAR,0.12551304311028638,-0.4686076211690105,0.2675920219842707
6426,REG2022ME06426,2022,ME,REGULAR,-0.04410943312889722,-0.06092141649168137,0.42000224932118485
6427,REG2022CE06427,2022,CE,REGULAR,-0.8681384500343263,-1.810573835797753,-0.5117702171773444
6428,REG2023EEE06428,2023,EEE,REGULAR,1.1292897111810645,-0.6797925329457624,-0.04721073783058426
6429,REG2020EEE06429,2020,EEE,REGULAR,-0.06897176269235566,0.3238389038780854,0.4844678488646676
6430,REG2021CSE06430,2021,CSE,REGULAR,0.8109964609500869,-0.25650299926526604,-1.5329133960957049
6431,REG2023CSE06431,2023,CSE,REGULAR,-0.7670375267488184,-0.6681451797676539,1.3054525763177172
6432,REG2023ME06432,2023,ME,REGULAR,1.6324898963736874,0.41749211714646367,0.9234559414673909
6433,REG2023CE06433,2023,CE,REGULAR,0.42582752877089647,-0.899534765346044,1.6534979115506607
6434,REG2021ECE06434,2021,ECE,REGULAR,-0.03918702075101654,0.5591381878793416,0.945497250221145
6435,REG2022CE06435,2022,CE,LATERAL_ENTRY,1.272790546211783,0.456660049908812,-0.32389338177821847
6436,REG2020ME06436,2020,ME,LATERAL_ENTRY,-0.48475582668103834,0.3454590291245591,0.252403722967873
6437,REG2020CSE06437,2020,CSE,REGULAR,0.48657329154584567,1.6347694817398364,-0.1463937589580199
6438,REG2021ME06438,2021,ME,LATERAL_ENTRY,-0.3305869010225169,-1.3339047562771718,-0.36036244842765003
6439,REG2020CE06439,2020,CE,REGULAR,-1.3742796812550098,-0.897536449407202,-1.8843194352038155
6440,REG2023CE06440,2023,CE,REGULAR,1.802670294649809,-1.7966464746431536,-0.001952166614885408
6441,REG2022EEE06441,2022,EEE,REGULAR,1.1733476261612472,-0.26588196542740017,1.2185872726050546
6442,REG2022ECE06442,2022,ECE,REGULAR,-0.2775297901359314,-0.12494399850282793,-1.0371613130515278
6443,REG2023CE06443,2023,CE,LATERAL_ENTRY,0.6269241579327764,0.22773940830719658,0.5232109973995908
6444,REG2021ME06444,2021,ME,REGULAR,0.8462482262072616,-0.5218710088793194,-1.1441884001254197
6445,REG2022ECE06445,2022,ECE,REGULAR,-0.4913796074042916,0.3624720871291228,-1.1270482125113626
6446,REG2023CSE06446,2023,CSE,REGULAR,-0.753791424779744,1.3298683420109085,0.24155798328814093
6447,REG2022CE06447,2022,CE,REGULAR,0.05144850325632227,-1.56719792617179,-0.6850731808539795
6448,REG2023EEE06448,2023,EEE,REGULAR,-1.480285764282338,-0.9533902971808822,0.9826196577613928
6449,REG2020EEE06449,2020,EEE,REGULAR,-1.1707246281709307,1.0055326360772932,-1.201944585976361
6450,REG2021ECE06450,2021,ECE,REGULAR,-0.3554853345342232,0.9061686299026123,0.5634671060022133
6451,REG2023EEE06451,2023,EEE,REGULAR,-0.09734075896429602,0.17490008157637185,1.1565101857067883
6452,REG2022ME06452,2022,ME,LATERAL_ENTRY,-0.008441135149635553,0.7168092823731215,1.157505179130496
6453,REG2021ECE06453,2021,ECE,REGULAR,-0.6148146733211093,-1.3816800341100532,-0.039219277046904685
6454,REG2020ECE06454,2020,ECE,REGULAR,0.06503261047984585,-0.34712306340874105,1.458413033969296
6455,REG2021EEE06455,2021,EEE,REGULAR,0.12588664421059229,0.1820617362883266,0.313849591936063
6456,REG2023ECE06456,2023,ECE,REGULAR,-0.7950461719156952,-0.19710161718754526,-1.935380207780184
6457,REG2020EEE06457,2020,EEE,REGULAR,0.870407308982641,-0.7861856208873007,0.17169414896063723
6458,REG2022CE06458,2022,CE,REGULAR,0.2716276580525995,-1.7920323440484243,-1.257056979502604
6459,REG2020CE06459,2020,CE,LATERAL_ENTRY,0.5024301737398092,0.060514256030796826,0.09496087086899306
6460,REG2023ME06460,2023,ME,REGULAR,-0.9295680194373193,-1.4480412987424038,0.47876754990255466
6461,REG2021ECE06461,2021,ECE,REGULAR,-0.09883684755829679,1.780990812636863,0.5997435942072517
6462,REG2023ME06462,2023,ME,REGULAR,-0.8954003273574486,0.19415327497959786,0.2546257018762862
6463,REG2023EEE06463,2023,EEE,REGULAR,0.00639246573114343,-0.329075764624125,-2.122898269497989
6464,REG2020CE06464,2020,CE,REGULAR,-0.3320739190468038,-1.0526231556756804,0.8931875286289946
6465,REG2022CSE06465,2022,CSE,REGULAR,0.2772895031138307,-0.36705857771004696,1.042246347099411
6466,REG2023CE06466,2023,CE,LATERAL_ENTRY,0.7536736733085176,-0.7877175065427166,-0.45337782786889064
6467,REG2023ME06467,2023,ME,REGULAR,-0.03929654266971919,-1.3416521204833574,-0.13858198323236143
6468,REG2021ECE06468,2021,ECE,LATERAL_ENTRY,0.3620927373582383,1.0753247237592944,-0.7304180846637212
6469,REG2020CSE06469,2020,CSE,REGULAR,0.7999273389039869,-0.03456921139276427,-0.6398141530901325
6470,REG2022ECE06470,2022,ECE,REGULAR,0.8018620625671145,-0.002853599457292746,-0.3854136864082712
6471,REG2022CSE06471,2022,CSE,REGULAR,0.9206594149553136,0.16420105725529258,-0.7607172592429843
6472,REG2022ME06472,2022,ME,REGULAR,2.167640829598983,0.9453263916610316,2.3237890846419
6473,REG2022CSE06473,2022,CSE,REGULAR,-0.0860005562907969,-0.5188877203597875,-2.220061501384726
6474,REG2021ECE06474,2021,ECE,REGULAR,-0.4647649148436426,-1.1054579147516785,0.22863727001558692
6475,REG2023ECE06475,2023,ECE,REGULAR,-0.5441167799031116,-0.9265601293099076,1.4863980196973159
6476,REG2021ECE06476,2021,ECE,REGULAR,-1.258732557218237,-1.9853496513622506,-2.415350889789704
6477,REG2020ECE06477,2020,ECE,REGULAR,0.7087766448522381,1.238962501055478,0.50342580421273
6478,REG2022CSE06478,2022,CSE,REGULAR,0.7412970440695353,-0.15687852665878607,-0.9400401112196181
6479,REG2021CSE06479,2021,CSE,REGULAR,-1.3782187035199713,0.712036459360953,0.029491194598528805
6480,REG2023EEE06480,2023,EEE,REGULAR,1.5583607791381355,-1.8800076023684493,0.8065438637417565
6481,REG2020CE06481,2020,CE,REGULAR,-1.2989482605353901,-0.40814452268976165,1.6740882465549136
6482,REG2022CE06482,2022,CE,REGULAR,0.6109833490487265,0.9070498189055277,1.5809464319541704
6483,REG2023CE06483,2023,CE,REGULAR,-0.6021793504688688,-0.3766841534307651,-0.9223846290616873
6484,REG2022EEE06484,2022,EEE,REGULAR,-0.03269763638397336,-0.6539007570945464,1.4391165341989665
6485,REG2022CSE06485,2022,CSE,REGULAR,0.2442085948870853,0.7153986180867128,-0.12054466785068123
6486,REG2022ME06486,2022,ME,LATERAL_ENTRY,-1.8870935241978417,-1.7341899061166643,1.060861557116177
6487,REG2021ME06487,2021,ME,REGULAR,1.999663601134363,-0.5703290551384997,0.018016763321688806
6488,REG2021ME06488,2021,ME,LATERAL_ENTRY,-1.622325924918163,-0.049232881763260454,1.490782826935555
6489,REG2022CE06489,2022,CE,REGULAR,-0.1986916595806682,2.0360034925123323,-1.3632249973509576
6490,REG2021CSE06490,2021,CSE,REGULAR,0.01011404848732933,-0.30493955887535495,1.7020209505019264
6491,REG2022CSE06491,2022,CSE,REGULAR,-0.8107986868730284,-0.872025784275034,-1.7814834848233991
6492,REG2020ECE06492,2020,ECE,REGULAR,-1.066012232592495,-0.11644573003975624,0.23216091018713841
6493,REG2022CE06493,2022,CE,REGULAR,1.1456634030301507,-0.3236353696312287,-0.9761165282276549
6494,REG2023EEE06494,2023,EEE,LATERAL_ENTRY,-0.8621304842339647,0.14461298522686278,-0.8913530315296293
6495,REG2022ECE06495,2022,ECE,REGULAR,1.4759330166843192,0.4105020497466541,-0.4146450859637932
6496,REG2020ME06496,2020,ME,REGULAR,-0.1228651588104812,1.0446044599494295,0.7500013962715297
6497,REG2020CSE06497,2020,CSE,LATERAL_ENTRY,-0.6003993896860579,2.0571446489558993,0.5820807445552683
6498,REG2022ECE06498,2022,ECE,REGULAR,-0.1546953388016661,-0.23681187478932472,-1.3758556019171673
6499,REG2023ME06499,2023,ME,REGULAR,0.18349651270264328,2.0781440593944795,-0.6832852632175852
6500,REG2020CSE06500,2020,CSE,REGULAR,0.6554853247141043,0.20150574625135798,0.7906010971403163
6501,REG2020ME06501,2020,ME,REGULAR,1.4166748407239185,1.4874809385613126,-0.2499853846935096
6502,REG2022ECE06502,2022,ECE,REGULAR,-0.0065825814031294635,0.0814592070763803,0.07341903141000866
6503,REG2021ECE06503,2021,ECE,REGULAR,-0.8021608098613778,-0.9379044668528573,0.4393490493058949
6504,REG2020CE06504,2020,CE,REGULAR,3.6171926897859325e-05,-0.08098411445023078,0.9451189004723339
6505,REG2022EEE06505,2022,EEE,REGULAR,-0.55063491515459,-1.0140248941583359,0.36712831905336285
6506,REG2021CSE06506,2021,CSE,REGULAR,-0.48772801903926116,1.2419075306547247,0.7865706433899993
6507,REG2020CE06507,2020,CE,REGULAR,1.7073811047544476,-1.5826596719743449,-0.452502847691051
6508,REG2023EEE06508,2023,EEE,LATERAL_ENTRY,0.6452448203221168,0.027342994270893616,-0.8750274215974251
6509,REG2022CSE06509,2022,CSE,REGULAR,-1.2583264413786959,0.11467422797067794,0.06940713413088093
6510,REG2023ECE06510,2023,ECE,REGULAR,0.601309264053901,0.6739967673745744,-1.6321806560666303
6511,REG2021ME06511,2021,ME,REGULAR,0.8480591377990568,2.4297371587851133,0.8891569743709695
6512,REG2021CSE06512,2021,CSE,REGULAR,-1.3467355886267751,0.15090230922016168,-0.548393746000635
6513,REG2023ECE06513,2023,ECE,REGULAR,-0.46395570976026634,-2.2829156508548674,-0.7520036391457725
6514,REG2022CSE06514,2022,CSE,REGULAR,-0.3472266278700316,-0.5670333405086315,-0.28141307792445
6515,REG2021ME06515,2021,ME,REGULAR,-0.644914616976277,-0.7415210597033679,-0.29797866679203067
6516,REG2022CSE06516,2022,CSE,LATERAL_ENTRY,-1.6454760870359149,0.11473487426499063,0.8794005800539971
6517,REG2021ME06517,2021,ME,REGULAR,-0.2555653103707719,-1.193627213107529,-1.9396468151979664
6518,REG2023CE06518,2023,CE,REGULAR,-0.890196075956866,-1.1424176172590783,0.2646396990738166
6519,REG2020ECE06519,2020,ECE,REGULAR,0.7024131269998759,-0.5279407225584639,-0.8880290897915581
6520,REG2021EEE06520,2021,EEE,LATERAL_ENTRY,-2.1509619419991983,1.5100961985717811,1.8267700001021903
6521,REG2021CE06521,2021,CE,REGULAR,-0.05366084756177673,0.6856035482183858,0.1466372584241622
6522,REG2020EEE06522,2020,EEE,REGULAR,-3.1159489087001697,0.45661085737659013,2.469973824750968
6523,REG2023EEE06523,2023,EEE,REGULAR,-1.562690527316992,0.09896483904467485,0.2223743164115278
6524,REG2023ME06524,2023,ME,REGULAR,1.4926233768789532,1.3225928003390977,-0.8017417307091343
6525,REG2020ECE06525,2020,ECE,REGULAR,-0.6972510665459204,-0.1251517238871951,-2.1695402308085865
6526,REG2021EEE06526,2021,EEE,LATERAL_ENTRY,-0.3946884843086059,-0.5021132985241138,1.2953688891910085
6527,REG2020ME06527,2020,ME,REGULAR,0.051466467584241817,0.11700080313132258,-0.2621298381920883
6528,REG2020EEE06528,2020,EEE,LATERAL_ENTRY,-0.960270824612257,0.4537272288309642,-0.71283266440507
6529,REG2021ME06529,2021,ME,REGULAR,1.5983455071099615,-0.601626013196788,-0.5201769471032401
6530,REG2022ME06530,2022,ME,REGULAR,-1.3145071866049338,-0.5697087715450257,-1.1378290069987944
6531,REG2022ME06531,2022,ME,REGULAR,-0.8740032655390574,1.4827810851814196,2.517516957735271
6532,REG2020CSE06532,2020,CSE,REGULAR,-0.3112237044975417,0.9738387944196712,0.6294005109138434
6533,REG2023ME06533,2023,ME,REGULAR,-0.057845387880744566,0.2295107833629912,-0.1506976076486343
6534,REG2021ECE06534,2021,ECE,REGULAR,0.9822029218154547,-0.3470640531869431,0.2004156634338564
6535,REG2022CE06535,2022,CE,REGULAR,-0.08009339349343575,-1.078225225597056,-0.7219477163447218
6536,REG2023CE06536,2023,CE,REGULAR,-1.0873414349244748,-0.2011408124746757,0.27756084549589505
6537,REG2021CSE06537,2021,CSE,LATERAL_ENTRY,0.3871466567690834,1.2116169789136713,1.047721513366406
6538,REG2023EEE06538,2023,EEE,REGULAR,-0.0436018408644324,-1.4101437091261866,0.6840206307305157
6539,REG2021ECE06539,2021,ECE,REGULAR,0.5278150759262772,0.21702392733453021,0.7732002167157405
6540,REG2023CE06540,2023,CE,REGULAR,-0.368580588740128,-2.896924637097998,0.4438360460406357
6541,REG2023EEE06541,2023,EEE,REGULAR,0.7535601544000143,-0.48980747338125713,-0.8245145678029796
6542,REG2022EEE06542,2022,EEE,REGULAR,-0.7877492857884734,1.9150853741257774,-0.15133554335453714
6543,REG2020CE06543,2020,CE,REGULAR,-0.8473083431332744,1.7189904172055386,0.06272793951102949
6544,REG2022ME06544,2022,ME,REGULAR,0.9093508055054526,0.07997925190692545,0.45159154524562845
6545,REG2021ECE06545,2021,ECE,REGULAR,-0.3522533372352613,1.2814740528153037,0.5440180063660932
6546,REG2021CE06546,2021,CE,LATERAL_ENTRY,-0.6711698098584843,0.5113625391657729,-2.652816968134391
6547,REG2022ME06547,2022,ME,REGULAR,-0.25018539171908344,-0.7990092851231986,1.178159202557079
6548,REG2022CSE06548,2022,CSE,LATERAL_ENTRY,-1.383566604535424,0.5606880030638435,1.8168256012190118
6549,REG2020EEE06549,2020,EEE,REGULAR,2.3556289690884733,-0.04254028842578179,0.18001913941464184
6550,REG2022ECE06550,2022,ECE,REGULAR,-0.3102597139204678,-0.40483366174125057,0.7346379322836496
6551,REG2022ECE06551,2022,ECE,REGULAR,-0.9736423925043166,0.307175027708916,-0.237710990322209
6552,REG2022ECE06552,2022,ECE,REGULAR,-1.4188171467578594,0.14399689796657325,1.1505115705557059
6553,REG2022ECE06553,2022,ECE,REGULAR,-1.8684662616775558,-0.7132954415455973,1.1279989902645007
6554,REG2021ECE06554,2021,ECE,REGULAR,0.5295700932864974,-0.7644407413302057,-0.8642025440694543
6555,REG2021EEE06555,2021,EEE,REGULAR,-0.12520761302005065,-0.15370112903848923,-0.9709685208433789
6556,REG2021EEE06556,2021,EEE,REGULAR,1.5784664170866447,0.6529122622132156,0.5898810328369343
6557,REG2023ECE06557,2023,ECE,REGULAR,-0.4757949706392276,0.8197859353214116,-0.8469721005354518
6558,REG2020CE06558,2020,CE,REGULAR,0.15542663251849229,0.9371722728875317,0.28368837648548595
6559,REG2021CE06559,2021,CE,LATERAL_ENTRY,0.3236765813379034,-0.534435553336539,-0.1393137621547156
6560,REG2023ME06560,2023,ME,REGULAR,-0.7149014782832991,0.5151917760200871,0.14912908036137984
6561,REG2020CSE06561,2020,CSE,REGULAR,-0.35583493534946287,1.5228617217029874,2.169872686836033
6562,REG2021CSE06562,2021,CSE,REGULAR,-0.3391494050598114,0.114019496528749,-0.34153148483774615
6563,REG2022EEE06563,2022,EEE,REGULAR,-1.4438203948514852,0.8047733285864874,0.2124118926856907
6564,REG2022CE06564,2022,CE,LATERAL_ENTRY,-0.3710587974521262,0.44090136349249903,0.16012206766274562
6565,REG2020CE06565,2020,CE,REGULAR,0.5908917258760729,-1.8537327448341785,-1.1867714176520807
6566,REG2021ECE06566,2021,ECE,REGULAR,2.064389151850951,0.41006117738535786,1.1508200474191421
6567,REG2020CE06567,2020,CE,REGULAR,-0.17141498179867448,0.6497339456925202,-0.9090845053737056
6568,REG2022CE06568,2022,CE,REGULAR,0.12423718224557945,-0.22939212216582058,1.4454025754748627
6569,REG2023ECE06569,2023,ECE,REGULAR,0.2492267183939754,-1.8535410775145302,0.7405107012669875
6570,REG2020ECE06570,2020,ECE,REGULAR,-0.13160057377310483,-0.9477530960008718,0.10776887909560844
6571,REG2022ECE06571,2022,ECE,REGULAR,-1.009349767949633,-0.7134814418575092,0.8797891164565835
6572,REG2023ME06572,2023,ME,LATERAL_ENTRY,1.1530394724096666,0.9826260768406135,-1.860908461111212
6573,REG2022EEE06573,2022,EEE,REGULAR,1.5113259857834025,0.11329442729253622,-0.0709282188728815
6574,REG2022ME06574,2022,ME,REGULAR,0.007641085936465705,-0.7674471259369569,1.0628937685328326
6575,REG2022CE06575,2022,CE,REGULAR,0.0952771685906079,-0.0930098196449259,0.09834828879184875
6576,REG2020CSE06576,2020,CSE,REGULAR,0.6794278195491296,1.1301999950919464,-0.7247379547419248
6577,REG2022ECE06577,2022,ECE,REGULAR,0.20846450262447216,-2.913418701385336,-1.379380507227761
6578,REG2020EEE06578,2020,EEE,REGULAR,0.8209617604296554,0.05535071273257799,-1.0330708429674733
6579,REG2021CSE06579,2021,CSE,REGULAR,0.5149601174678827,-0.9016379291441563,0.7553106148797121
6580,REG2020ECE06580,2020,ECE,REGULAR,0.8037573933948746,-1.7541701295500447,-0.143561460862398
6581,REG2022ME06581,2022,ME,LATERAL_ENTRY,-0.555694920117348,0.8821047135397618,0.9192025212253978
6582,REG2023EEE06582,2023,EEE,REGULAR,-1.1733673081663791,0.18074885843787875,0.8114399359345602
6583,REG2022CE06583,2022,CE,REGULAR,2.0123285817551695,0.38599081101934346,0.2866572685671504
6584,REG2022ME06584,2022,ME,REGULAR,-0.9565790247845786,1.4581924771811205,-0.5482024891490304
6585,REG2020ECE06585,2020,ECE,REGULAR,-0.05134916567414003,1.04517307065706,1.9263405423216262
6586,REG2022CSE06586,2022,CSE,REGULAR,1.1484908592968401,0.030039923519177166,0.672899523563654
6587,REG2021ECE06587,2021,ECE,REGULAR,0.8950665140827002,1.3063720085072013,0.08235786693581115
6588,REG2020ME06588,2020,ME,REGULAR,0.46867161872870977,2.045791102905646,-0.6250311309873979
6589,REG2022CSE06589,2022,CSE,REGULAR,0.778985659983068,-0.8604851538880623,-0.23482979342391355
6590,REG2020ME06590,2020,ME,REGULAR,-1.523459674793467,0.24033979130897534,-1.3332539382497237
6591,REG2021ECE06591,2021,ECE,REGULAR,0.44118467847458515,-0.6292506569421282,0.1990319032948332
6592,REG2020EEE06592,2020,EEE,REGULAR,0.16570164951966182,-0.94344017264399,2.562044548832371
6593,REG2020ECE06593,2020,ECE,LATERAL_ENTRY,1.6247843445422587,-0.8119781621162306,0.10756483436979532
6594,REG2021EEE06594,2021,EEE,REGULAR,-0.5988208949637396,0.6361793146772251,-0.08921313831964106
6595,REG2020ME06595,2020,ME,REGULAR,1.326488684387761,-0.21886378767228715,-0.22800171747544853
6596,REG2020EEE06596,2020,EEE,REGULAR,0.669169889442427,-2.1659965672615904,-0.8030681429096495
6597,REG2021CE06597,2021,CE,REGULAR,0.07708482409500496,0.0462238943195106,1.2754099352785402
6598,REG2022ME06598,2022,ME,REGULAR,-0.03275088247669162,1.7511427346721882,0.9165742483750023
6599,REG2020ME06599,2020,ME,REGULAR,-1.191571065742508,-0.7901158596756475,-0.44835057051119054
6600,REG2023ME06600,2023,ME,LATERAL_ENTRY,-1.3242777074353174,1.274390402209455,-1.61903685282194
6601,REG2022CSE06601,2022,CSE,REGULAR,0.17241538862603684,-1.3609851281047673,-1.9559837768380233
6602,REG2020EEE06602,2020,EEE,REGULAR,-0.49425853094812516,-0.2692473335425451,-0.5384929744494404
6603,REG2020CSE06603,2020,CSE,LATERAL_ENTRY,-0.7019532993175868,-0.5175112737456785,-3.5218084233963887
6604,REG2020ME06604,2020,ME,REGULAR,-0.8192854560480206,-0.0312644510370421,0.6634448288630941
6605,REG2020CE06605,2020,CE,REGULAR,-0.8126947248165548,-0.11051417070792717,-1.5310070653763155
6606,REG2022ME06606,2022,ME,REGULAR,1.7903091646278466,0.44778695140476144,0.1460558482978913
6607,REG2022CSE06607,2022,CSE,REGULAR,-1.436211925529107,2.1868009974432265,-1.3527348851099972
6608,REG2021CE06608,2021,CE,REGULAR,1.6979655193513756,-0.13677392096577803,-0.41620958476017106
6609,REG2023ECE06609,2023,ECE,REGULAR,-1.9231243993548974,-1.487513567072772,-0.6582039913394933
6610,REG2020EEE06610,2020,EEE,REGULAR,0.0860063130582747,-2.209079052487446,0.2587381947209566
6611,REG2023EEE06611,2023,EEE,LATERAL_ENTRY,-2.2804159731577003,1.650102213808546,-1.4629148869780788
6612,REG2021ECE06612,2021,ECE,REGULAR,-0.3640012345478949,-1.1152332614507081,0.06317665383488619
6613,REG2020ME06613,2020,ME,REGULAR,0.9494644737467931,0.5081852966251201,0.24179083638762688
6614,REG2022EEE06614,2022,EEE,REGULAR,0.5796797087645863,-0.24817205425140584,0.6838054335240671
6615,REG2023ECE06615,2023,ECE,LATERAL_ENTRY,-0.5952299666733085,0.3571371146225196,1.1023991947035794
6616,REG2020ECE06616,2020,ECE,REGULAR,-0.6939225094196793,0.07324330143923687,0.8464564693935386
6617,REG2021ME06617,2021,ME,REGULAR,0.5932671826667443,-2.7189119968478295,-1.8348760911457023
6618,REG2021ECE06618,2021,ECE,REGULAR,0.5317319970492382,-0.6592531106282518,-1.6960444257506324
6619,REG2022CE06619,2022,CE,REGULAR,-1.1717453016462986,0.1558906283815874,-0.7082763383368067
6620,REG2021ME06620,2021,ME,LATERAL_ENTRY,-0.9368342388575521,1.2758223335627912,-0.3528365507846891
6621,REG2023CE06621,2023,CE,LATERAL_ENTRY,0.6351779575354969,-0.08535468096869482,0.31144387429799153
6622,REG2020CE06622,2020,CE,REGULAR,0.762741156841582,-0.3324419652758686,1.2004398755507257
6623,REG2022ME06623,2022,ME,REGULAR,-0.5096326558879346,-0.6857624975198436,-0.46814028550856523
6624,REG2023CSE06624,2023,CSE,REGULAR,-0.9704307635569106,-0.4334247244481859,0.32441266083030545
6625,REG2020ME06625,2020,ME,REGULAR,0.10806647834175012,-0.03000832358235539,-0.27047360786362634
6626,REG2023ME06626,2023,ME,LATERAL_ENTRY,0.430257476543684,-0.5349982766486816,0.3765610374317437
6627,REG2020ECE06627,2020,ECE,REGULAR,-0.751251520821158,-0.5945828314852996,-1.0367885843766542
6628,REG2020CE06628,2020,CE,REGULAR,0.4383039670784594,-1.3604423266726935,0.1726728862686807
6629,REG2020ME06629,2020,ME,LATERAL_ENTRY,0.6675147862737111,-1.1272693010686115,-0.9516384749202604
6630,REG2022CE06630,2022,CE,REGULAR,0.31535425133635353,-1.2032871296724998,-0.6116574084743284
6631,REG2023ECE06631,2023,ECE,REGULAR,-0.04200020796551447,-1.4891599781454952,0.013668457540914473
6632,REG2020EEE06632,2020,EEE,LATERAL_ENTRY,-1.1884355910592455,0.35409113018732863,-0.25253084036146656
6633,REG2022ECE06633,2022,ECE,REGULAR,0.25971379735627675,0.27282713582532037,0.5301739956095015
6634,REG2023ME06634,2023,ME,REGULAR,0.24628895694138145,-1.0269769814029335,-0.4134685119082856
6635,REG2022CE06635,2022,CE,REGULAR,0.9891086165314076,-0.7858552857300946,-0.5744410070910033
6636,REG2021EEE06636,2021,EEE,REGULAR,0.10698569776618158,1.3601545413707223,-0.09973272067028231
6637,REG2020CSE06637,2020,CSE,REGULAR,0.6672309478648571,-0.04794760553049684,0.07474591808684783
6638,REG2022CSE06638,2022,CSE,REGULAR,0.7216425122847941,-0.19194715543278493,0.7187512431068307
6639,REG2021CSE06639,2021,CSE,REGULAR,-1.5573500965264493,-1.4843219869644584,-0.3398154629902164
6640,REG2022CE06640,2022,CE,LATERAL_ENTRY,0.19691113276794978,0.12467313767103232,0.1674759094356312
6641,REG2023CE06641,2023,CE,LATERAL_ENTRY,0.4059236312074151,0.5035016362055418,-0.4276657954020973
6642,REG2021CE06642,2021,CE,REGULAR,-0.9155055189056432,0.09075304716246833,-0.12919830979034155
6643,REG2022EEE06643,2022,EEE,REGULAR,-0.2717371187321156,0.2493656247343008,-1.963572249273938
6644,REG2023ME06644,2023,ME,REGULAR,-0.8599245491170131,-0.5685184206309932,-0.9017088803369264
6645,REG2022ECE06645,2022,ECE,LATERAL_ENTRY,-0.5174920686379503,-0.7217184486408459,0.44671898009751027
6646,REG2023CSE06646,2023,CSE,REGULAR,0.15846157193799232,-0.4516333460620166,0.0878580116639373
6647,REG2022CSE06647,2022,CSE,LATERAL_ENTRY,-0.8542143677178806,-0.5431732164768234,0.4554008401944966
6648,REG2020EEE06648,2020,EEE,REGULAR,1.4538591044464073,-0.3124173375111791,-0.6230104073769434
6649,REG2021EEE06649,2021,EEE,REGULAR,0.37904703135644047,-0.30000539572720586,-0.7767013260997346
6650,REG2021ME06650,2021,ME,REGULAR,1.243403439843132,-0.9535790950162043,-0.7082341265480232
6651,REG2022ME06651,2022,ME,LATERAL_ENTRY,1.2031772432515964,-0.04734707975579085,-0.5691041116785546
6652,REG2021ME06652,2021,ME,REGULAR,-0.4995150237628395,-1.1374375978982874,-0.27906976263079464
6653,REG2023EEE06653,2023,EEE,LATERAL_ENTRY,-1.067317262253217,1.1774498490358725,-0.33060532393348474
6654,REG2020ME06654,2020,ME,REGULAR,-1.0727239712568517,-1.9766301827586643,-0.26180906590079694
6655,REG2021ECE06655,2021,ECE,REGULAR,1.2294856818066993,0.6613180596003198,-0.13005885252638635
6656,REG2020CE06656,2020,CE,REGULAR,0.8319088999891616,-2.397584707014306,-0.5673451517072902
6657,REG2020CSE06657,2020,CSE,LATERAL_ENTRY,0.46009719834924406,0.18448544844506723,-1.6935002946143993
6658,REG2023EEE06658,2023,EEE,REGULAR,-0.4063956937063165,-0.33141526716762604,-0.028097996194955156
6659,REG2023ECE06659,2023,ECE,REGULAR,-0.47754671392953596,0.020296284226277106,1.3384150765140415
6660,REG2021ME06660,2021,ME,REGULAR,-0.473525630282306,-1.4414560199862305,0.6232973423805327
6661,REG2021CE06661,2021,CE,REGULAR,-1.2481942215106803,-0.7573337467527625,-1.1724111623764406
6662,REG2020CE06662,2020,CE,REGULAR,-0.2829158026000042,-0.9805203224490269,-0.017656303737543143
6663,REG2021CSE06663,2021,CSE,REGULAR,-0.5449802935691387,-1.0292255232417766,-0.6953979353961934
6664,REG2022ECE06664,2022,ECE,REGULAR,0.376590276684729,0.4852128318368331,1.0404757990896965
6665,REG2022CE06665,2022,CE,REGULAR,0.35715229072896015,0.13350515554977,-0.2263614354644478
6666,REG2021CSE06666,2021,CSE,REGULAR,-0.5713021210066832,0.8641492077069519,1.1036095698093948
6667,REG2022CSE06667,2022,CSE,REGULAR,-1.2805076923950536,-0.6181812047173972,-1.9101002629508472
6668,REG2020EEE06668,2020,EEE,REGULAR,-2.5229558318568808,-0.6897753922632557,-0.19679442872953962
6669,REG2020ME06669,2020,ME,LATERAL_ENTRY,-1.7333633630857004,-0.07420524103065666,1.5827454581165692
6670,REG2021EEE06670,2021,EEE,REGULAR,0.06827940263085906,0.18844884360933378,-0.02817926032255652
6671,REG2020CSE06671,2020,CSE,REGULAR,-0.6490735352382434,0.5401815841358917,-0.19168564448235875
6672,REG2020CSE06672,2020,CSE,REGULAR,0.14077772955252768,0.09687050705253403,0.898560836564361
6673,REG2023CE06673,2023,CE,REGULAR,0.6681493790420898,2.062832918924806,0.1660068848211962
6674,REG2022ME06674,2022,ME,REGULAR,-0.006961345836061187,-0.7312245690511622,0.6772119130015395
6675,REG2021ME06675,2021,ME,REGULAR,0.5595469343023752,0.15032388659522092,-0.895914875569927
6676,REG2021ECE06676,2021,ECE,REGULAR,0.6989449140059846,-0.08533970853594725,-2.87271221644645
6677,REG2021ECE06677,2021,ECE,REGULAR,-0.9833516905833866,1.401132236402733,1.4843218415146842
6678,REG2020ME06678,2020,ME,REGULAR,0.5261112100651981,-0.2601444187390589,1.2353666004596373
6679,REG2022EEE06679,2022,EEE,LATERAL_ENTRY,-0.019734512618570673,1.7119384370899253,-0.5194732853462164
6680,REG2020EEE06680,2020,EEE,LATERAL_ENTRY,-0.10173839053257477,-0.0785688077259754,1.3063747301084272
6681,REG2020EEE06681,2020,EEE,REGULAR,0.693013719684713,-1.1019098449744804,-0.8945698475865421
6682,REG2023ME06682,2023,ME,REGULAR,-1.4510913607849394,0.09612017842982826,-2.0006699903452505
6683,REG2022ECE06683,2022,ECE,REGULAR,-1.0867400716293774,-0.40927984174032844,-0.2863215745349355
6684,REG2023ECE06684,2023,ECE,REGULAR,0.5231569377735036,1.311101642278815,1.7439779421584767
6685,REG2023CE06685,2023,CE,REGULAR,0.14035445710900935,-0.0950944218635476,0.907338063128769
6686,REG2022CE06686,2022,CE,LATERAL_ENTRY,0.37999410610520457,-0.05631616494647725,0.9851920917811058
6687,REG2023CSE06687,2023,CSE,LATERAL_ENTRY,-0.8869380201285353,-0.4957995313842904,-1.471499230236672
6688,REG2021CE06688,2021,CE,REGULAR,-0.8416550666239515,-0.212843163124752,-0.36713699662614413
6689,REG2020CE06689,2020,CE,REGULAR,0.3308907804877336,-1.3417053406759498,1.102626308382792
6690,REG2020EEE06690,2020,EEE,REGULAR,-0.2910258930152916,-0.9786374886096714,0.23938089074283816
6691,REG2022CE06691,2022,CE,REGULAR,-0.9638218302499707,-0.4994987374997976,0.6265583852343958
6692,REG2021CSE06692,2021,CSE,REGULAR,2.8727462458562005,-0.5070862372032011,0.26706383083360963
6693,REG2020ECE06693,2020,ECE,LATERAL_ENTRY,-1.1940266131498605,1.5468416916440595,-0.7028815548227281
6694,REG2023ME06694,2023,ME,REGULAR,-0.7578258991279403,0.18807779456453488,0.8462796409611865
6695,REG2021ME06695,2021,ME,REGULAR,-0.7246111501612931,-0.1149440151220859,-0.471040813626188
6696,REG2020CE06696,2020,CE,REGULAR,0.2749207873521906,0.26315434501963125,-0.1590883828169425
6697,REG2023CE06697,2023,CE,REGULAR,-0.10534127626011969,0.8964104078704747,-0.28941839516720097
6698,REG2022EEE06698,2022,EEE,REGULAR,-0.97937490203563,-0.6412338078570549,0.7878039927838366
6699,REG2023CE06699,2023,CE,REGULAR,-0.4451145386509248,-0.30342562848464427,-0.15477567393677372
6700,REG2023ECE06700,2023,ECE,REGULAR,-0.11098553427108175,1.0270789379614798,-0.27634564506213244
6701,REG2023CE06701,2023,CE,REGULAR,-0.4857360479880245,-0.7412456849806711,1.0408721934084568
6702,REG2021ME06702,2021,ME,REGULAR,0.028520151886810636,1.361711456225998,0.7170601522553975
6703,REG2020EEE06703,2020,EEE,REGULAR,0.419799305573411,0.3610368535206672,0.33765408163038974
6704,REG2023CE06704,2023,CE,REGULAR,-0.11533720772679583,1.5734361726228194,-1.9930178222240869
6705,REG2023EEE06705,2023,EEE,REGULAR,0.7714758008195429,-1.1617499265549405,0.18990202504683115
6706,REG2023CE06706,2023,CE,REGULAR,1.413492657212908,-1.010878142281039,-0.3097691784162778
6707,REG2021ECE06707,2021,ECE,REGULAR,0.6893291868373371,-1.1197609084150395,1.1559480074850503
6708,REG2020EEE06708,2020,EEE,REGULAR,-0.35338589955123273,1.70534274265177,1.1976792245335093
6709,REG2022CSE06709,2022,CSE,REGULAR,0.11362736123754597,-0.5826431185221751,1.5797187800870063
6710,REG2022ECE06710,2022,ECE,REGULAR,-0.2468591716726229,0.41921701307976883,-1.1742222819468324
6711,REG2021ECE06711,2021,ECE,REGULAR,-0.7496751119743649,0.9565799310177131,-0.2748754392912383
6712,REG2023CSE06712,2023,CSE,REGULAR,-1.4712436959042199,1.545287340313692,-0.923470574074319
6713,REG2021ECE06713,2021,ECE,REGULAR,0.32103520572868394,-1.0151329583179172,-1.6863106562788472
6714,REG2022EEE06714,2022,EEE,REGULAR,-0.1616581374044595,0.2777680891253908,0.19278682878559114
6715,REG2021CSE06715,2021,CSE,REGULAR,-0.2842307681114487,-0.3451685305811281,-1.6690701941935
6716,REG2020ME06716,2020,ME,LATERAL_ENTRY,0.5987796310816937,0.24610641578230244,1.1163614518342975
6717,REG2021CE06717,2021,CE,REGULAR,0.1679588961548818,0.682693510870639,0.46708561425001427
6718,REG2020ECE06718,2020,ECE,LATERAL_ENTRY,-2.7150981939971817,0.9063067376616446,0.801151961960901
6719,REG2021EEE06719,2021,EEE,REGULAR,0.24247402563440668,0.32666080413649845,-0.4404834825608441
6720,REG2021ECE06720,2021,ECE,REGULAR,0.1866997243466913,1.0718402579703703,2.3975217182951667
6721,REG2021EEE06721,2021,EEE,REGULAR,0.23699306108848897,-0.22951473706066583,2.0720539109015625
6722,REG2020ECE06722,2020,ECE,LATERAL_ENTRY,-0.5451313470743777,-0.15511015287204216,-0.5586577532244279
6723,REG2022CSE06723,2022,CSE,REGULAR,0.3097584842380697,0.08732485448212002,-0.011026139324065017
6724,REG2021ECE06724,2021,ECE,REGULAR,1.1553722866103862,0.465027771713195,0.4267647843349949
6725,REG2020ECE06725,2020,ECE,LATERAL_ENTRY,-0.6136929910769181,-0.13389760583814428,1.1760047314082496
6726,REG2020ME06726,2020,ME,REGULAR,0.7232887784765308,-0.8475340860236908,0.30747585349793455
6727,REG2021CE06727,2021,CE,LATERAL_ENTRY,1.0200176932154676,-0.5985560983773347,-0.09493578751264864
6728,REG2020CSE06728,2020,CSE,LATERAL_ENTRY,-0.9332027819773631,-0.6399736637459731,0.4209077412533974
6729,REG2020EEE06729,2020,EEE,REGULAR,0.26570709860245734,0.4125035948641393,0.47088781575401856
6730,REG2023EEE06730,2023,EEE,REGULAR,0.5602642163576891,0.6277260531400652,-0.6237930920425293
6731,REG2021EEE06731,2021,EEE,LATERAL_ENTRY,-1.4676545636611735,-0.8735354123833501,0.7299211969049114
6732,REG2021CE06732,2021,CE,REGULAR,-1.2008465937956947,-1.040610679884507,-1.0461440007576739
6733,REG2020CSE06733,2020,CSE,REGULAR,-1.8459744547432604,-1.1470043661317995,1.00039691332367
6734,REG2021CE06734,2021,CE,REGULAR,-0.716764652715561,0.5105472158936674,-1.8307727648836627
6735,REG2021CSE06735,2021,CSE,REGULAR,0.2621438766584245,1.4220803645258162,-0.7690853259746945
6736,REG2020EEE06736,2020,EEE,LATERAL_ENTRY,-1.8383150746387418,0.809485659801082,1.5164078050735266
6737,REG2023ME06737,2023,ME,REGULAR,1.6981221331030971,0.17222713246142463,-0.3948841663429003
6738,REG2021ECE06738,2021,ECE,REGULAR,-0.2569636716005083,-0.9256341336769174,0.6309242503928535
6739,REG2022ME06739,2022,ME,REGULAR,0.1553862740346769,0.1442356376758951,1.0839223454275753
6740,REG2020EEE06740,2020,EEE,REGULAR,0.007680950641087742,0.12354147174541429,-0.5689870293261395
6741,REG2021EEE06741,2021,EEE,REGULAR,0.24259877418901918,-1.299685597575607,0.27327296522745886
6742,REG2023CSE06742,2023,CSE,REGULAR,-1.51191050996091,-0.9963943030823996,0.6521602724602837
6743,REG2022EEE06743,2022,EEE,REGULAR,3.26428951086901,1.311571386827943,0.6223026774078732
6744,REG2023ME06744,2023,ME,REGULAR,0.07563037067748683,-0.6187280448052969,-1.3101862393458736
6745,REG2021ECE06745,2021,ECE,REGULAR,-0.8014418486532459,-1.4167566397745432,0.24966305193110497
6746,REG2020EEE06746,2020,EEE,REGULAR,-0.3769935058228938,0.7629705340585144,0.46102834853433494
6747,REG2022CSE06747,2022,CSE,REGULAR,-0.2560738873565052,0.7416325781193274,0.9972789266687859
6748,REG2020CE06748,2020,CE,REGULAR,-0.3733436548035681,-1.393457755623459,0.8136177207289799
6749,REG2022EEE06749,2022,EEE,REGULAR,0.6624623810893984,-0.45635406408768836,-1.3676983555126552
6750,REG2022CSE06750,2022,CSE,REGULAR,1.0000064906521962,0.8249173153391963,0.32815925038784416
6751,REG2021ME06751,2021,ME,REGULAR,-0.544159518370992,0.2561320936591714,0.6286983004727423
6752,REG2023CSE06752,2023,CSE,REGULAR,-0.7218114533364813,2.7577259242255914,0.6809410432337976
6753,REG2022EEE06753,2022,EEE,REGULAR,1.0235677324982146,-1.595900072141498,-0.17796965256805838
6754,REG2021ME06754,2021,ME,REGULAR,0.2745302943057276,0.15358582441790666,-0.9280665500933204
6755,REG2022EEE06755,2022,EEE,REGULAR,-1.087799072413326,2.281228091401298,2.1291239025104995
6756,REG2021EEE06756,2021,EEE,REGULAR,-0.08553661632496694,0.4016213226919614,1.9346990356436131
6757,REG2022ECE06757,2022,ECE,REGULAR,-0.6988097933886642,0.19915282992188413,0.14873105171376544
6758,REG2023EEE06758,2023,EEE,REGULAR,1.6656744188482195,-0.32479623315246037,0.7128018737404391
6759,REG2020EEE06759,2020,EEE,REGULAR,1.8077044628464045,0.06857591979916389,0.3271256259062949
6760,REG2021EEE06760,2021,EEE,REGULAR,0.26463720924808143,0.34328972218179354,-1.0631495408402127
6761,REG2023EEE06761,2023,EEE,REGULAR,-0.006275072464621584,1.4086427164541364,0.6668260346806401
6762,REG2020CE06762,2020,CE,LATERAL_ENTRY,-0.3507276109457836,-0.6982554137497803,0.8057152847766823
6763,REG2023CSE06763,2023,CSE,LATERAL_ENTRY,-0.5890308789061413,0.07638298968727418,-0.30303676398698853
6764,REG2022CSE06764,2022,CSE,REGULAR,0.7843795699167149,-1.2258195725288394,1.3480561876487314
6765,REG2022ECE06765,2022,ECE,REGULAR,0.9832516066606423,0.3416850998888328,2.203245761924893
6766,REG2023CSE06766,2023,CSE,REGULAR,-0.2353016772655414,1.1087039970687127,-1.44883443913276
6767,REG2021EEE06767,2021,EEE,REGULAR,1.3960275501635722,0.9441600582111546,1.6043474337937726
6768,REG2023CE06768,2023,CE,REGULAR,1.1105803175087354,-0.6020529003640378,-1.7611503871981196
6769,REG2021CSE06769,2021,CSE,REGULAR,1.1694091874339718,-1.7684134737741348,0.9070793875477887
6770,REG2020ECE06770,2020,ECE,REGULAR,0.51390548926233,0.42726512020058005,-1.1566082498683836
6771,REG2022EEE06771,2022,EEE,REGULAR,1.454955682372252,-0.21642099730751954,-0.2689431884071629
6772,REG2023EEE06772,2023,EEE,REGULAR,1.0927376267430762,0.9870692442752157,0.9353033453805996
6773,REG2020CE06773,2020,CE,REGULAR,1.4947455139552206,-0.04987369846857698,-0.40340962131367025
6774,REG2020CSE06774,2020,CSE,REGULAR,1.2300726390896346,-0.37451149977495024,-0.274040249496892
6775,REG2020CSE06775,2020,CSE,REGULAR,0.13149452345613769,0.8396657440325337,-0.2843285574885326
6776,REG2021CE06776,2021,CE,REGULAR,1.0507107859069271,0.04032904773149814,-1.7013518546025106
6777,REG2020CE06777,2020,CE,REGULAR,-1.3491666901507713,0.06137367767944925,-0.12297658098947159
6778,REG2021ME06778,2021,ME,REGULAR,1.3712837059339225,0.6476486270436428,0.9474760645689778
6779,REG2021CSE06779,2021,CSE,REGULAR,-1.7089920112579133,0.4276436772762946,-0.9978635491377467
6780,REG2020EEE06780,2020,EEE,REGULAR,0.4413224023644061,1.0832711990364863,-1.2284873178523772
6781,REG2021CSE06781,2021,CSE,LATERAL_ENTRY,0.3078150135563371,0.6366699411613378,1.1520223028453769
6782,REG2021CE06782,2021,CE,REGULAR,-0.5278148097979577,-1.2948048207823644,1.5129853114126866
6783,REG2020CSE06783,2020,CSE,REGULAR,-1.238086207884619,0.9195383813266137,-0.4371734416582864
6784,REG2022EEE06784,2022,EEE,REGULAR,0.5054929846639359,-1.358212825207657,0.6890311762782637
6785,REG2023ECE06785,2023,ECE,LATERAL_ENTRY,-1.1132913124878523,-0.9745008151364684,-0.39400250309835216
6786,REG2023EEE06786,2023,EEE,LATERAL_ENTRY,-0.41294876275483383,0.23799331744866678,-0.9875263688879719
6787,REG2023CE06787,2023,CE,REGULAR,-0.8827571618901067,0.02849542611205052,-1.8973476893266241
6788,REG2022CE06788,2022,CE,LATERAL_ENTRY,1.9052728791382674,-0.5585297227011347,-0.6951599887201965
6789,REG2020ECE06789,2020,ECE,REGULAR,-0.6455201993917885,0.40500471569711505,0.594489129883649
6790,REG2021ECE06790,2021,ECE,REGULAR,1.0509034928830834,0.6694701644574631,0.1591436784075838
6791,REG2022CE06791,2022,CE,REGULAR,-0.19583586360534092,-1.1936547861257187,0.48196498844575936
6792,REG2023EEE06792,2023,EEE,REGULAR,-0.42989402870384,1.0270958696840424,-0.25856463122935547
6793,REG2022ME06793,2022,ME,REGULAR,-2.147114083154827,1.5208196849121554,0.8756587780480651
6794,REG2021CE06794,2021,CE,REGULAR,-0.6715570267228398,0.09556573185377724,-1.9708683229526507
6795,REG2023ME06795,2023,ME,REGULAR,-0.3559507195127225,-0.10988575139774204,1.2082449887348437
6796,REG2020CSE06796,2020,CSE,REGULAR,0.46733082269254395,0.22544362541425264,-0.08551303553332905
6797,REG2020ECE06797,2020,ECE,REGULAR,-0.37763195362192475,-0.11182314096798089,0.3105930791371075
6798,REG2022ECE06798,2022,ECE,REGULAR,-1.0799528027829082,1.537646033690498,-0.6340449517885848
6799,REG2020ECE06799,2020,ECE,REGULAR,-0.07194184808416265,0.043355765757242086,0.22422867766913776
6800,REG2020CSE06800,2020,CSE,REGULAR,-0.61403075957047,2.5102281475277115,-1.571866188296753
6801,REG2021ME06801,2021,ME,LATERAL_ENTRY,-0.3334686510381497,0.2696394875383339,-1.2055232791399972
6802,REG2021EEE06802,2021,EEE,REGULAR,-0.03713844494438515,-0.4121498403015453,-1.9914234889828488
6803,REG2023CSE06803,2023,CSE,REGULAR,0.7406395895285339,1.2906717955753941,-0.35634585313125994
6804,REG2022ME06804,2022,ME,REGULAR,-0.7414119254889349,-0.6757845925510536,0.20250842734058333
6805,REG2022ECE06805,2022,ECE,REGULAR,-1.5360898326199077,1.0894327982220253,-0.12430481128872417
6806,REG2020ME06806,2020,ME,REGULAR,1.4531154862872384,0.010903561338618733,2.1771148743215667
6807,REG2022ECE06807,2022,ECE,REGULAR,-0.5749062465092536,1.9879214320505951,0.1737976077468722
6808,REG2022ME06808,2022,ME,REGULAR,0.2282502884562134,0.48529246715144764,1.513112153899134
6809,REG2020EEE06809,2020,EEE,REGULAR,0.1953046236324363,0.44468336971674977,-0.04787546688724155
6810,REG2022ME06810,2022,ME,REGULAR,0.30154805202691704,0.15818350084720667,0.38161823909981774
6811,REG2023CE06811,2023,CE,REGULAR,0.07141185391531375,-0.08258846310812314,-0.13465695978074188
6812,REG2021CE06812,2021,CE,REGULAR,0.31229936420360677,-1.1566191820865006,-0.12093050025323601
6813,REG2023EEE06813,2023,EEE,REGULAR,2.261112397738662,0.916900515624819,0.9729584180416018
6814,REG2022ECE06814,2022,ECE,REGULAR,-0.04261432799743604,0.1819039416311779,-0.30109544820665135
6815,REG2023ECE06815,2023,ECE,REGULAR,-1.491406413420342,-1.1588673743892077,1.5316630596137428
6816,REG2021CE06816,2021,CE,REGULAR,1.9353380830461517,-1.746376087394066,0.06125326913746778
6817,REG2022ME06817,2022,ME,LATERAL_ENTRY,-0.5037131898537205,0.24517359977171715,0.6512346075872767
6818,REG2021EEE06818,2021,EEE,REGULAR,0.6938100948862422,0.8746427903200078,0.315312740415205
6819,REG2023CE06819,2023,CE,REGULAR,-0.725786370144451,0.16844588597208987,1.1637763061612525
6820,REG2022EEE06820,2022,EEE,REGULAR,-0.29561853320875037,2.3883125148704045,-0.22993543336592584
6821,REG2023ECE06821,2023,ECE,REGULAR,-2.7412122319176313,0.1671120713101344,0.47287578405480524
6822,REG2020ME06822,2020,ME,REGULAR,-0.22998705150149223,-0.9101888117340344,0.8978227439900389
6823,REG2021CSE06823,2021,CSE,REGULAR,-0.37691501648456616,-0.3273499603225963,-0.6434884536488127
6824,REG2021EEE06824,2021,EEE,REGULAR,-0.8289407408028481,-0.3319205409264744,1.3237139324304137
6825,REG2021EEE06825,2021,EEE,REGULAR,2.3766166571755125,-0.7868327110666181,-0.7095594521495487
6826,REG2020CE06826,2020,CE,REGULAR,-0.12237298479157305,0.21030785385599493,-1.3288225195262653
6827,REG2020ME06827,2020,ME,REGULAR,-0.5701304600438201,-0.5877042282725667,-0.09259197538714167
6828,REG2021CE06828,2021,CE,REGULAR,-0.8284481060451431,1.245131544432358,-2.2048789379303675
6829,REG2022EEE06829,2022,EEE,REGULAR,0.6799835150869654,0.3808965009897368,1.05268189960146
6830,REG2021EEE06830,2021,EEE,REGULAR,-0.8442674931121211,0.20290192576278865,0.7093654599964034
6831,REG2022EEE06831,2022,EEE,REGULAR,-2.018807559904517,-1.6962574009910816,-1.1598095476925425
6832,REG2022ME06832,2022,ME,REGULAR,-0.4191373028534119,0.5143164345328268,-0.7713840314141572
6833,REG2023EEE06833,2023,EEE,REGULAR,-1.175019136928643,-1.7841947720306777,1.2317627094192147
6834,REG2020CE06834,2020,CE,REGULAR,-0.37167218510896366,1.6377333985223745,1.1902490421587124
6835,REG2020EEE06835,2020,EEE,REGULAR,0.7971299872174089,0.04759334375493615,0.012637259600556916
6836,REG2022CSE06836,2022,CSE,REGULAR,-0.687024204933115,0.020671574837946856,0.35526251074091564
6837,REG2021ECE06837,2021,ECE,LATERAL_ENTRY,0.028911615085848552,0.22183122945781245,-1.2579953185527875
6838,REG2023EEE06838,2023,EEE,LATERAL_ENTRY,-0.5517578317922773,0.13959627393527824,0.29197768976250993
6839,REG2023EEE06839,2023,EEE,REGULAR,0.24706432513350154,3.002652484911687,-0.9759437437451787
6840,REG2022ME06840,2022,ME,REGULAR,-0.3148740686730598,0.4554608412714052,1.875910722591231
6841,REG2020CE06841,2020,CE,REGULAR,-0.4843659336345405,-1.5178953629671916,1.5693659456886264
6842,REG2023ECE06842,2023,ECE,REGULAR,-0.5854043384698656,-0.8762456758218921,-0.4444338880704218
6843,REG2022ME06843,2022,ME,REGULAR,-0.791666305430364,0.4091498449150526,0.8125946977485725
6844,REG2022ME06844,2022,ME,REGULAR,-0.023764587902756967,-0.23476092886565963,1.0158759383822202
6845,REG2020CE06845,2020,CE,REGULAR,-0.7576348720903119,-0.780913465760792,-0.9037967800843458
6846,REG2021CE06846,2021,CE,REGULAR,-0.23884645668998278,-1.6527900873652497,0.926078024555291
6847,REG2020EEE06847,2020,EEE,REGULAR,0.0745852325290451,-0.42515160543964076,-0.9984847750496373
6848,REG2022CSE06848,2022,CSE,REGULAR,0.8224274973767687,-0.4122706527916602,0.7004479382558343
6849,REG2020EEE06849,2020,EEE,REGULAR,2.213245857612772,-1.8528089223042457,-0.9010765296782178
6850,REG2021ECE06850,2021,ECE,REGULAR,-0.5079750774545259,0.27495570767931093,0.21209327205978243
6851,REG2023ME06851,2023,ME,REGULAR,-0.3023664111838477,1.068384539914172,1.4002953331564998
6852,REG2020CSE06852,2020,CSE,LATERAL_ENTRY,-0.3962706985598455,0.6981700736817216,0.9201046790111094
6853,REG2020ME06853,2020,ME,LATERAL_ENTRY,-0.2627063817449152,0.024034520185425103,0.39112816558134683
6854,REG2020ME06854,2020,ME,REGULAR,-0.9600860539999243,-2.3908857072802845,0.4285193008056833
6855,REG2023ECE06855,2023,ECE,REGULAR,0.630655441884368,0.6069891689441632,-0.12123619510767623
6856,REG2022CE06856,2022,CE,REGULAR,1.755086125214172,0.9374411067981275,1.4516215934429992
6857,REG2021EEE06857,2021,EEE,REGULAR,0.5916389370754614,-0.6260340042653272,0.8282734795367401
6858,REG2022ME06858,2022,ME,REGULAR,-0.45400028053807717,-1.571449616586446,-1.1808030816471176
6859,REG2021EEE06859,2021,EEE,LATERAL_ENTRY,-0.7824759260972359,-0.1261088847963003,0.21871641779410078
6860,REG2022CSE06860,2022,CSE,LATERAL_ENTRY,1.5359832276373104,0.855982672614886,1.1118880849471795
6861,REG2020EEE06861,2020,EEE,REGULAR,1.498044567573533,0.7167900250015904,0.23396056982444136
6862,REG2020CSE06862,2020,CSE,REGULAR,0.6603132145154289,-0.38962910029823467,-0.03842490890568287
6863,REG2022EEE06863,2022,EEE,REGULAR,-0.27544951334533946,-0.38567678210216516,-0.6429646219457433
6864,REG2020EEE06864,2020,EEE,REGULAR,-0.03405499936346742,1.0241464695879883,-1.1336723806512616
6865,REG2021CSE06865,2021,CSE,REGULAR,-0.2226203012928689,-0.16994805125933865,-0.3967659903165778
6866,REG2023CSE06866,2023,CSE,REGULAR,0.5382178117506522,0.28734015749656094,0.9796468642954557
6867,REG2020CE06867,2020,CE,REGULAR,0.5975093592733616,1.1763396728466895,-0.5958425749869132
6868,REG2021CE06868,2021,CE,REGULAR,1.5676497504614735,0.5578884133589509,0.2181505963473335
6869,REG2021CE06869,2021,CE,REGULAR,-1.1949481390779657,0.49447678654966953,-0.43171893347085044
6870,REG2022EEE06870,2022,EEE,REGULAR,0.14450504955282936,0.6253880055057691,0.058566967681915515
6871,REG2022EEE06871,2022,EEE,REGULAR,0.7010583485062267,-0.7316018661213409,-1.1320231885512633
6872,REG2021ME06872,2021,ME,LATERAL_ENTRY,0.07447497343108751,-0.010487428610663733,-1.226876921214511
6873,REG2022EEE06873,2022,EEE,REGULAR,1.5515616358847364,-0.14863078866678803,0.8893306941897323
6874,REG2021CSE06874,2021,CSE,LATERAL_ENTRY,1.706349598425292,-1.1947730649387722,1.983031941401874
6875,REG2022ME06875,2022,ME,REGULAR,2.107121458314908,-1.4798984079184998,0.5327766091780473
6876,REG2023CSE06876,2023,CSE,LATERAL_ENTRY,-0.8184435661954603,-1.1122027035948174,-0.18149691981959895
6877,REG2021CE06877,2021,CE,REGULAR,0.5415612323434603,1.1172259370017088,-1.0308373760705591
6878,REG2020CSE06878,2020,CSE,LATERAL_ENTRY,-1.3954897419460097,1.7016280088845341,0.40171537741433505
6879,REG2020ME06879,2020,ME,REGULAR,-0.23624924796222493,-3.314625245746451,-0.9432046295033982
6880,REG2022ME06880,2022,ME,LATERAL_ENTRY,-1.0650838811973367,0.7828727246523963,0.268355824622907
6881,REG2022CSE06881,2022,CSE,REGULAR,-1.0858544738673994,1.857271646969912,1.7089278476944447
6882,REG2023EEE06882,2023,EEE,REGULAR,-1.7934029645980998,-0.7085339020370848,0.005479261726510494
6883,REG2023EEE06883,2023,EEE,REGULAR,0.9802614700850483,-2.150730299449237,-0.5873800938507436
6884,REG2023CSE06884,2023,CSE,REGULAR,-0.8275908479788722,1.5243983395076335,0.36598177970564444
6885,REG2021EEE06885,2021,EEE,REGULAR,1.3904512085826475,-0.5742527705393814,-1.2599618288860037
6886,REG2020CE06886,2020,CE,REGULAR,-0.2687788361322783,0.3191906230894803,-0.7324879168735211
6887,REG2022EEE06887,2022,EEE,REGULAR,-0.5040396665132825,2.2254834485517945,-0.8310154988572922
6888,REG2023ECE06888,2023,ECE,REGULAR,-1.657665061711761,-0.5409316248067231,-0.35554122305855707
6889,REG2022ECE06889,2022,ECE,REGULAR,-1.318218351414442,0.8373240541165331,-1.4008743604594565
6890,REG2020EEE06890,2020,EEE,LATERAL_ENTRY,-0.6498431713066462,0.2759746106535647,0.44992243302015533
6891,REG2023EEE06891,2023,EEE,REGULAR,1.4618818055281915,0.0027140622149256013,-2.1157415581267713
6892,REG2022CSE06892,2022,CSE,REGULAR,-0.5771398157048314,-0.22839627490228046,0.4072572814197469
6893,REG2022ECE06893,2022,ECE,REGULAR,0.526934519561338,-2.646551402348082,1.064415189847801
6894,REG2020EEE06894,2020,EEE,REGULAR,-0.24034978719784747,-0.6465114517199542,-0.10044377016193881
6895,REG2023EEE06895,2023,EEE,REGULAR,-0.15494164778868583,0.6580471663401615,1.1551521037378458
6896,REG2020CSE06896,2020,CSE,LATERAL_ENTRY,0.443691069517051,0.059042617690587315,-1.603124768158484
6897,REG2022EEE06897,2022,EEE,REGULAR,-1.2656429800694011,2.268417435796786,0.913702623718055
6898,REG2023CSE06898,2023,CSE,REGULAR,0.04963646364962014,1.9569041754858603,-1.0297235976860795
6899,REG2021ECE06899,2021,ECE,REGULAR,-0.01722618277634406,-1.930785361029662,1.4980433353899014
6900,REG2022CE06900,2022,CE,REGULAR,0.02403607828630582,0.917165663986085,-0.23220202336910778
6901,REG2022EEE06901,2022,EEE,REGULAR,0.5110494606025436,0.2277152275260016,-0.06567407576144203
6902,REG2023ECE06902,2023,ECE,REGULAR,1.164750722478402,1.0247158004078296,0.19221672393786057
6903,REG2021ECE06903,2021,ECE,REGULAR,0.1145824235540092,0.15827175313146952,1.1808690595095959
6904,REG2021CSE06904,2021,CSE,REGULAR,-0.2435012985232549,-0.14576844551003781,0.7910709861135836
6905,REG2021ME06905,2021,ME,REGULAR,-0.6333480705013974,-1.3898834220721428,0.20126441259336528
6906,REG2023ME06906,2023,ME,REGULAR,0.8843383121032284,2.1126695380712013,-0.24379159870197403
6907,REG2023ME06907,2023,ME,REGULAR,-0.03502268054633534,0.36562690937962505,0.4121191563030136
6908,REG2023CE06908,2023,CE,REGULAR,-0.09992587366235309,-0.2562190942512849,-1.764707642051827
6909,REG2023CSE06909,2023,CSE,REGULAR,0.49520955464020494,-0.18900637214838345,0.21469863117818005
6910,REG2021ME06910,2021,ME,REGULAR,-0.7445903849335743,1.6085542367386563,-0.2249913540911673
6911,REG2022EEE06911,2022,EEE,REGULAR,0.8118501934549863,0.9195936801913311,1.7755880330139702
6912,REG2023CE06912,2023,CE,REGULAR,0.6618855234040338,-0.13382828319967827,1.4840164904288837
6913,REG2021ECE06913,2021,ECE,REGULAR,-1.3869663030223687,-0.8190081164590941,-0.21898674353356198
6914,REG2023ECE06914,2023,ECE,REGULAR,-0.8323154695467397,0.49214384816687656,-0.5492689128686262
6915,REG2020CSE06915,2020,CSE,REGULAR,1.3084251335068562,-1.154465116541795,-0.9011017571403687
6916,REG2022CSE06916,2022,CSE,REGULAR,0.22573823405822518,-0.7675440548800317,0.02907554588306614
6917,REG2020ME06917,2020,ME,REGULAR,0.22912134351804278,-1.0461106001075013,0.7940929822240419
6918,REG2023ME06918,2023,ME,REGULAR,-2.1922989081809443,-0.7617911829559539,-0.3754844001881422
6919,REG2020CE06919,2020,CE,REGULAR,0.6578916924011994,-0.40855510509033893,-0.31264320589213723
6920,REG2021ECE06920,2021,ECE,REGULAR,1.2851110287184833,-0.3489028325462582,0.5103969014152333
6921,REG2021ME06921,2021,ME,REGULAR,0.6847048979829048,0.6932565817991676,-0.06624448702069272
6922,REG2023CE06922,2023,CE,REGULAR,0.5698264537931826,-0.26880083483728784,0.3957114833676459
6923,REG2022ECE06923,2022,ECE,REGULAR,-0.2604925863398523,0.24101814586051643,-0.9896150836316124
6924,REG2020ME06924,2020,ME,REGULAR,1.3472159334934208,-0.3008319004712926,-1.6394878749236417
6925,REG2022CE06925,2022,CE,REGULAR,0.5548012082191723,0.8820952418737327,-0.033689671704462826
6926,REG2023CE06926,2023,CE,REGULAR,0.43631043064229813,-0.023425164015734485,0.28698742057863236
6927,REG2020ECE06927,2020,ECE,REGULAR,1.3534977771089411,-0.897496504646728,-0.0025039839457901406
6928,REG2022ECE06928,2022,ECE,REGULAR,0.9191845491306523,-0.32814503769043374,1.0812764517797648
6929,REG2020ME06929,2020,ME,REGULAR,0.26148168673772076,0.58332430082867,0.19898543013936879
6930,REG2021CSE06930,2021,CSE,REGULAR,0.09475032734396119,0.4364674285350251,-0.5139436592336242
6931,REG2020ME06931,2020,ME,REGULAR,-1.2137725930244567,1.0908605949549774,0.6685034516203809
6932,REG2022CE06932,2022,CE,REGULAR,-1.2691598629879703,1.3170379972423,0.8671326237431817
6933,REG2022CSE06933,2022,CSE,LATERAL_ENTRY,1.148222114761922,-0.2639959389457031,-1.0623800327558994
6934,REG2023ME06934,2023,ME,REGULAR,-0.1674712283577775,-0.34642184463118464,2.2248337322461307
6935,REG2022ECE06935,2022,ECE,LATERAL_ENTRY,1.7638725163023607,0.14327712331517992,1.1793941830868317
6936,REG2022ME06936,2022,ME,LATERAL_ENTRY,-1.1888549628980207,0.4215142849881677,-1.344475771984862
6937,REG2023ME06937,2023,ME,REGULAR,-1.3669550178338972,-0.9494316354604913,2.5859765394999963
6938,REG2020CSE06938,2020,CSE,REGULAR,1.2315821222144097,0.417008311882104,-0.1909296629234011
6939,REG2020CE06939,2020,CE,REGULAR,1.0521812626063627,-1.5973253405227337,-0.8955024521213395
6940,REG2020CE06940,2020,CE,REGULAR,1.286307121608803,-1.0013566445512359,-0.3118836388913098
6941,REG2021ME06941,2021,ME,LATERAL_ENTRY,1.027510263057446,-0.7424721998786129,0.3842609326276257
6942,REG2021CSE06942,2021,CSE,REGULAR,-1.8086729468152583,-2.0366683559497454,0.6438169379547803
6943,REG2020CSE06943,2020,CSE,REGULAR,0.3997904674682867,0.04845951241999827,0.007406956055422923
6944,REG2020CSE06944,2020,CSE,LATERAL_ENTRY,2.2394667449288987,-0.28543631215008014,-0.4393543927346578
6945,REG2020ECE06945,2020,ECE,REGULAR,-0.9357671320877686,0.75048785135299,-1.6228746350672771
6946,REG2020ME06946,2020,ME,REGULAR,-0.06463333383335876,0.8084059211530278,0.18500176411741648
6947,REG2022CE06947,2022,CE,REGULAR,0.47558603626158386,-0.07856179786396449,-0.18397429830349904
6948,REG2020CSE06948,2020,CSE,REGULAR,0.14003927983035755,-0.3984565703230503,-0.5823021314299596
6949,REG2020EEE06949,2020,EEE,REGULAR,-2.5308991141242,-0.46546588052384424,-0.6429829101736922
6950,REG2022ECE06950,2022,ECE,REGULAR,0.9042433287489198,0.07102498289753,-0.023586954871882067
6951,REG2020CSE06951,2020,CSE,REGULAR,2.0753960756435017,0.5832153988177865,0.9744094878986778
6952,REG2022EEE06952,2022,EEE,REGULAR,0.23858575103800644,1.4043529136230526,-1.1431477828466337
6953,REG2021EEE06953,2021,EEE,REGULAR,-0.5574708206985736,-0.8165726410419223,-0.17138321237541634
6954,REG2021EEE06954,2021,EEE,LATERAL_ENTRY,1.5837097715872996,-0.290640614584365,-0.09316171027913073
6955,REG2020EEE06955,2020,EEE,REGULAR,-0.6582583061752676,-0.2452151009571865,-0.799291587452493
6956,REG2022ME06956,2022,ME,REGULAR,-0.06441424866774542,2.6853934145781837,0.2960942633145198
6957,REG2021ECE06957,2021,ECE,REGULAR,1.9429901805686849,-0.90701598279588,-0.5452719284656775
6958,REG2022CE06958,2022,CE,REGULAR,-1.8140509174460346,0.2621567603627096,0.7833394553868108
6959,REG2020CSE06959,2020,CSE,LATERAL_ENTRY,0.19713983961905737,0.687249309213332,-0.02325642570173245
6960,REG2020EEE06960,2020,EEE,REGULAR,0.25792135284807494,-2.486933155925389,1.5992958989805202
6961,REG2022CSE06961,2022,CSE,REGULAR,1.3910563196191692,1.118961438513781,0.42811435193167274
6962,REG2022CE06962,2022,CE,REGULAR,0.80567780714109,-1.3315122991122168,0.6023236830050953
6963,REG2023ECE06963,2023,ECE,REGULAR,-0.5069845089258538,2.4235061234668245,0.9432203814756329
6964,REG2020ME06964,2020,ME,REGULAR,-0.5253964523402403,0.6336971474632781,-0.12224393158849264
6965,REG2023ECE06965,2023,ECE,REGULAR,1.317089404222051,-3.4360623896680225,-0.4421230940259152
6966,REG2022ME06966,2022,ME,REGULAR,-1.5957105531940339,-1.1967935339162115,-2.774477242639241
6967,REG2021CSE06967,2021,CSE,LATERAL_ENTRY,-0.35128016685000674,0.9593309562258,1.5043848375568862
6968,REG2021ECE06968,2021,ECE,REGULAR,-1.9000379245457981,-0.806277037978164,1.7020117011466291
6969,REG2023CE06969,2023,CE,REGULAR,-0.043899105963785386,-1.2105526457355438,0.6781156972187059
6970,REG2022ECE06970,2022,ECE,REGULAR,1.2525753714428214,-1.142504550533604,0.2403492067404027
6971,REG2021ECE06971,2021,ECE,REGULAR,0.3613436719038878,1.3725308515271655,1.8039345924510128
6972,REG2022EEE06972,2022,EEE,REGULAR,-1.0422695546581096,0.14051804606206955,1.9221608350325372
6973,REG2021EEE06973,2021,EEE,REGULAR,-0.7088192626797489,0.01696430666753342,0.08499277486746543
6974,REG2022EEE06974,2022,EEE,REGULAR,0.13289823681419893,1.8633724299920167,1.1229578350981033
6975,REG2020ME06975,2020,ME,REGULAR,-1.2093034248328374,0.732330094266672,0.4609485078625424
6976,REG2021EEE06976,2021,EEE,REGULAR,-0.9432787240800627,0.12632127295678955,-1.9100805144148179
6977,REG2023ECE06977,2023,ECE,REGULAR,0.8494906050461858,0.9891301568000915,-0.5178304056668142
6978,REG2023CE06978,2023,CE,REGULAR,0.5469280111103744,0.9574314604545224,1.175487420647236
6979,REG2021CE06979,2021,CE,REGULAR,-0.3897563896385157,-1.4076448113550488,-0.18740453469285626
6980,REG2020ECE06980,2020,ECE,REGULAR,-0.21927328531388418,0.28459788001415637,0.832995918464123
6981,REG2020ME06981,2020,ME,REGULAR,-0.7396988968411589,0.10945727368362841,0.5459216825971562
6982,REG2022ECE06982,2022,ECE,REGULAR,1.7972105544861794,-1.4413849828103296,0.41193100514690373
6983,REG2023ME06983,2023,ME,REGULAR,-0.18236180215957754,-0.6190285007308054,-1.9258652750401704
6984,REG2023CSE06984,2023,CSE,REGULAR,1.0361893450967181,-0.8167937272892717,-0.2728467963400065
6985,REG2020EEE06985,2020,EEE,REGULAR,0.7344323317695999,-0.7236041826577998,-1.5401783738142574
6986,REG2020ECE06986,2020,ECE,REGULAR,-0.8716969304473138,0.7918930107700471,-1.4108257042608203
6987,REG2023ECE06987,2023,ECE,REGULAR,1.087326318919696,-1.8065161772688905,-0.07499110135287355
6988,REG2022CSE06988,2022,CSE,REGULAR,-0.6961447928485286,0.936975835014104,-0.530514795295902
6989,REG2022ECE06989,2022,ECE,REGULAR,1.6351080813023282,-0.20113395071669096,-0.8942352257402351
6990,REG2020CE06990,2020,CE,REGULAR,-0.04370367285427768,-0.4962588828440228,0.008301395890137973
6991,REG2021EEE06991,2021,EEE,REGULAR,1.3504452526141024,-0.944991890186959,0.2561862041596293
6992,REG2022ECE06992,2022,ECE,REGULAR,-0.05814742837435616,-0.8069158611463728,1.1353164225370813
6993,REG2021ME06993,2021,ME,REGULAR,-1.532884555113952,-0.8573782752631671,-0.4042733475725051
6994,REG2022ME06994,2022,ME,REGULAR,-0.7432710682770075,2.1982501378535266,-1.530635671066181
6995,REG2021CSE06995,2021,CSE,LATERAL_ENTRY,0.07116605618963778,0.1993998830754448,0.08304017252935898
6996,REG2022CSE06996,2022,CSE,REGULAR,1.1614316679795433,-1.3175198338895193,0.9075748654271819
6997,REG2023ME06997,2023,ME,REGULAR,0.4722457612176856,0.6118837937347458,1.010918387008397
6998,REG2020ECE06998,2020,ECE,REGULAR,-0.2312409568960101,1.5387772910681887,2.103910958422228
6999,REG2023CE06999,2023,CE,REGULAR,-0.3606193673911166,0.06248998568788651,-0.3581790967818259
7000,REG2023ME07000,2023,ME,REGULAR,0.884177461389306,0.32917467307223547,0.8700845071605117
7001,REG2021EEE07001,2021,EEE,REGULAR,-0.6520424141872561,-2.266406573227337,-1.1098690073528643
7002,REG2020ECE07002,2020,ECE,REGULAR,-1.7689252969340425,0.46945423983756185,-0.29859953031992187
7003,REG2020ME07003,2020,ME,LATERAL_ENTRY,1.5609860098654005,-0.6979902095237519,0.9038732660102881
7004,REG2022ME07004,2022,ME,REGULAR,2.5255883187937327,0.3020093855902115,0.11100102379152803
7005,REG2020ECE07005,2020,ECE,REGULAR,-0.5205970813647237,-0.14744245158719196,-1.1779662829643887
7006,REG2022ME07006,2022,ME,REGULAR,0.474926669064909,0.5004910936423804,0.5858914313698134
7007,REG2020ME07007,2020,ME,REGULAR,0.4860637793896876,-0.4866252631122041,-1.9708737130102232
7008,REG2022CE07008,2022,CE,REGULAR,0.5303092737415597,-1.2615492028443056,-0.1250404630757591
7009,REG2023CE07009,2023,CE,REGULAR,0.5232055852575971,1.032799006676633,-0.2035793661824299
7010,REG2023CSE07010,2023,CSE,REGULAR,0.3929851013800533,0.006227657545824665,0.331244779286203
7011,REG2022CSE07011,2022,CSE,REGULAR,-0.39490497677447334,0.6533155437289041,0.6030667274729122
7012,REG2020EEE07012,2020,EEE,REGULAR,-0.9415995966385355,-0.36770952152461395,0.8453887815146229
7013,REG2023ECE07013,2023,ECE,REGULAR,-0.0663508971807858,-0.2679839478961562,-1.0824777801415724
7014,REG2023CSE07014,2023,CSE,REGULAR,0.7862753577252191,-1.532921791071721,0.355142864272947
7015,REG2021CE07015,2021,CE,LATERAL_ENTRY,-0.34827543774282926,1.1729786718672706,0.306800768428188
7016,REG2020CSE07016,2020,CSE,REGULAR,-0.8953971409301126,0.6874775290653106,-0.11673246750098402
7017,REG2022CSE07017,2022,CSE,REGULAR,0.29294556427492385,0.5735972072668745,-0.5157324465858801
7018,REG2021EEE07018,2021,EEE,REGULAR,-0.6748695167643489,-0.3178789197806111,0.798917608219236
7019,REG2023EEE07019,2023,EEE,REGULAR,-0.6940235839160261,0.4970733159237021,1.0715728997332923
7020,REG2020CSE07020,2020,CSE,LATERAL_ENTRY,-1.6298707042574299,0.6259830412356666,0.043233875432462626
7021,REG2021CSE07021,2021,CSE,REGULAR,-0.44880920393190976,-1.0265141471522448,-0.42233579114315273
7022,REG2023CE07022,2023,CE,REGULAR,-1.6420802000335948,1.1259629449620432,-0.24014726553947655
7023,REG2021ECE07023,2021,ECE,REGULAR,1.2371566974194392,-0.0062598294210500895,0.3936178227893907
7024,REG2023ME07024,2023,ME,REGULAR,-0.9600621911036935,1.8291735735600416,0.644202978777277
7025,REG2023ME07025,2023,ME,REGULAR,0.42285349310096204,-1.8009032158467815,0.8498832628466372
7026,REG2020EEE07026,2020,EEE,REGULAR,-1.9081048904039448,0.2010703122335134,0.2109825156051237
7027,REG2023CE07027,2023,CE,REGULAR,0.9853160736381289,-0.4920674900349718,-1.1949378259506007
7028,REG2022CE07028,2022,CE,REGULAR,1.1755239713559191,-0.46652292623321506,-0.4449302995664326
7029,REG2020CSE07029,2020,CSE,REGULAR,0.15343038651465166,3.3352681898081444,-0.2805607923203513
7030,REG2021ME07030,2021,ME,LATERAL_ENTRY,-1.2694632369690175,-1.6073088853907085,-0.9707051502272078
7031,REG2020EEE07031,2020,EEE,REGULAR,-0.24056232804763578,-1.31475899761906,1.183028928758378
7032,REG2021ME07032,2021,ME,LATERAL_ENTRY,-0.5544553462737692,-0.7889604261579463,0.3519045778207316
7033,REG2022CSE07033,2022,CSE,REGULAR,-0.35503690558149636,0.3806062789419393,0.484189904085143
7034,REG2023CE07034,2023,CE,REGULAR,-0.3695808548805753,-1.3044017003491892,-0.023498372007321553
7035,REG2023CE07035,2023,CE,REGULAR,-0.4978580922015561,0.2620844596904378,-0.0198003328504709
7036,REG2023CSE07036,2023,CSE,REGULAR,0.5205303747103979,-1.72966945566746,0.11450500428267311
7037,REG2021EEE07037,2021,EEE,REGULAR,-0.70538401714887,-0.14759815860023073,-1.1391888460982522
7038,REG2023CE07038,2023,CE,LATERAL_ENTRY,1.5081784253317096,0.3604987731110762,-0.688508207285357
7039,REG2021CE07039,2021,CE,LATERAL_ENTRY,-0.949772158087581,-1.1122978803860626,-1.155110837227566
7040,REG2022ME07040,2022,ME,REGULAR,-0.6812774409933217,1.4950595027058386,-0.5598683745002576
7041,REG2023ECE07041,2023,ECE,REGULAR,-0.41702861784399525,0.20165241810074758,-0.031158583589900445
7042,REG2020ME07042,2020,ME,REGULAR,0.9694783057618446,-0.2297946904971653,0.9598184971156043
7043,REG2021ME07043,2021,ME,REGULAR,-0.4079437478514817,1.1617492382562413,-0.8369194018992511
7044,REG2021ME07044,2021,ME,REGULAR,-0.6003795341704863,-0.3794414912969388,0.4670375043675162
7045,REG2022EEE07045,2022,EEE,REGULAR,-0.4405410872174696,-1.0202953871389544,2.5673305612932764
7046,REG2021ECE07046,2021,ECE,REGULAR,-1.3997497013545928,0.536824345654131,-0.24207663142895944
7047,REG2022CSE07047,2022,CSE,REGULAR,0.08731513520493216,-2.207544524554581,-1.3747397096087652
7048,REG2021ME07048,2021,ME,LATERAL_ENTRY,-1.5542231432261895,0.1948669855954997,1.0454800946368146
7049,REG2021ECE07049,2021,ECE,REGULAR,-1.013812210994253,1.4875452262869597,0.09694694141023016
7050,REG2021CE07050,2021,CE,REGULAR,-0.23831679570781567,-1.4194063252783227,0.8617954618330003
7051,REG2021CE07051,2021,CE,REGULAR,-0.17288116815359375,0.2773603882191098,-0.4118882789599545
7052,REG2022ECE07052,2022,ECE,REGULAR,-1.0971754381870091,1.1513286590161473,0.07497213575189834
7053,REG2023EEE07053,2023,EEE,LATERAL_ENTRY,-0.05558334348351567,1.895035811943931,0.37720772352044485
7054,REG2021ECE07054,2021,ECE,REGULAR,-0.986938976095276,0.22099007794979333,-0.17246192052501977
7055,REG2021ME07055,2021,ME,REGULAR,0.2699637940215828,1.3140476234840983,-0.9166944943831813
7056,REG2020ME07056,2020,ME,REGULAR,0.008049247972827342,-0.4953271450433396,-0.27217964453772403
7057,REG2021ME07057,2021,ME,REGULAR,-0.7891121942942956,1.0197685329974013,-1.9026659370642653
7058,REG2022EEE07058,2022,EEE,REGULAR,2.1525730335278936,-0.49652912899686646,0.24067055355457698
7059,REG2020ME07059,2020,ME,REGULAR,0.01836531216916581,-0.46025397030941906,-0.47090997398087625
7060,REG2021EEE07060,2021,EEE,REGULAR,0.08248608340371594,0.08566708492606677,-0.18118678374728647
7061,REG2021ME07061,2021,ME,LATERAL_ENTRY,-0.22805945707149552,-1.9515487400986642,0.09085358537915637
7062,REG2021EEE07062,2021,EEE,REGULAR,0.11627513005738098,-1.4623316091448004,1.731692988653624
7063,REG2020ECE07063,2020,ECE,REGULAR,0.723623511052824,-2.4895370915354085,-0.6569291947494694
7064,REG2022ME07064,2022,ME,REGULAR,0.840368820426056,0.9537132424995313,-1.358512196375165
7065,REG2022ME07065,2022,ME,REGULAR,-2.6747066403703568,1.2668813121425289,0.3152714281598067
7066,REG2021EEE07066,2021,EEE,REGULAR,-0.5069013417561187,-1.241528468128827,0.8772216595261796
7067,REG2023ME07067,2023,ME,REGULAR,4.29885757229876,-1.1530422256679607,-0.08778599652768405
7068,REG2023CE07068,2023,CE,REGULAR,-2.3005040022346868,-1.8714568056494614,-0.7301845002343716
7069,REG2020ME07069,2020,ME,REGULAR,1.3454787008404823,0.577190133312492,-1.6164495705718556
7070,REG2023ME07070,2023,ME,REGULAR,-2.419566440485801,-0.321218996237544,1.0923718622047718
7071,REG2021EEE07071,2021,EEE,REGULAR,0.12697025738428683,1.752768461739569,-0.6787129615248737
7072,REG2022CE07072,2022,CE,LATERAL_ENTRY,-0.06004400225474319,-0.6551935272333286,0.9853507097991071
7073,REG2021ECE07073,2021,ECE,REGULAR,0.6921745273273362,-1.489007489903621,-0.9112298187535239
7074,REG2022CSE07074,2022,CSE,REGULAR,0.7456909740473545,0.7593858783207472,0.4152058234649635
7075,REG2020CSE07075,2020,CSE,REGULAR,-0.003507433141921229,-0.6656791520147988,-0.8707094712741306
7076,REG2020CSE07076,2020,CSE,REGULAR,0.014448484649357014,-0.2171021071133542,0.8243312893468414
7077,REG2022EEE07077,2022,EEE,REGULAR,0.10986987256052347,-0.3735554752701566,-1.7634676036082826
7078,REG2023ME07078,2023,ME,REGULAR,-0.23043650795050338,-1.2309542100611524,-1.8295443667586522
7079,REG2022CE07079,2022,CE,REGULAR,-0.2418507183074389,0.17817677969780313,0.6735991427699466
7080,REG2020EEE07080,2020,EEE,REGULAR,-0.03580761954669626,0.5597158048704591,0.09010968893945273
7081,REG2020EEE07081,2020,EEE,REGULAR,1.316021508315201,-1.6762301115653315,-0.38252177699568024
7082,REG2023EEE07082,2023,EEE,REGULAR,1.5345294528901516,1.218212404508647,0.11607061491575564
7083,REG2023ECE07083,2023,ECE,REGULAR,1.6708826128258876,0.3476004769326332,0.06499587359980638
7084,REG2021CE07084,2021,CE,REGULAR,1.3468860040284845,-1.311126949731419,-0.6010895660413919
7085,REG2020ME07085,2020,ME,REGULAR,2.0180426666383604,-0.6243794436351016,0.40777148556712056
7086,REG2023CSE07086,2023,CSE,REGULAR,-0.5525378146155171,0.39736535103968956,-0.7687286206193892
7087,REG2022CSE07087,2022,CSE,REGULAR,-1.0935774204935231,1.060140171190424,1.2939513799539744
7088,REG2022EEE07088,2022,EEE,LATERAL_ENTRY,0.9788643222304166,0.5439085022038985,0.7421448969174471
7089,REG2020ME07089,2020,ME,LATERAL_ENTRY,-2.0455638443381616,-0.5727319150271618,2.2154312724123417
7090,REG2020ME07090,2020,ME,REGULAR,-0.014171018022166465,0.6456310671760436,0.6244651328338684
7091,REG2021EEE07091,2021,EEE,LATERAL_ENTRY,0.4952092744370767,-0.7936186840788226,-2.5813300941660744
7092,REG2021EEE07092,2021,EEE,LATERAL_ENTRY,-0.6554005724943447,-0.6953120109888841,2.0807647054002727
7093,REG2022CSE07093,2022,CSE,LATERAL_ENTRY,1.6208163074488933,1.0842982339583815,-1.625252083293971
7094,REG2022EEE07094,2022,EEE,REGULAR,-0.3149653684307328,0.31508119759371506,-0.9060794838986165
7095,REG2020EEE07095,2020,EEE,REGULAR,0.6503850446943141,1.372773813610651,0.27663821941263406
7096,REG2020CSE07096,2020,CSE,REGULAR,-0.2089832025803137,-0.16149343138987365,-1.9117943902471526
7097,REG2021ME07097,2021,ME,REGULAR,-0.3223968285294034,-0.9878315445420204,0.4696520791127051
7098,REG2020CSE07098,2020,CSE,REGULAR,1.023464059583065,-1.5246212461197872,0.009485277897019723
7099,REG2021EEE07099,2021,EEE,REGULAR,1.4772333126593205,-0.8598045586099284,-0.6071834149269106
7100,REG2022ECE07100,2022,ECE,REGULAR,0.6175642977509064,0.5970929017166844,0.5661088640185306
7101,REG2023ECE07101,2023,ECE,REGULAR,0.01079552415970097,0.32456621356526133,-0.5696013975469524
7102,REG2021CSE07102,2021,CSE,LATERAL_ENTRY,1.199061992569526,0.06675405592998378,0.08427547083367695
7103,REG2021ECE07103,2021,ECE,LATERAL_ENTRY,0.4238821692225907,-0.7116801633793374,-0.23145008992230137
7104,REG2022CE07104,2022,CE,REGULAR,-0.6558792694080443,0.058836958120111506,-0.4863885964900504
7105,REG2022EEE07105,2022,EEE,REGULAR,-0.6133085225167013,-1.285785641142554,-0.26615528237333214
7106,REG2022ECE07106,2022,ECE,REGULAR,-0.19327099391449637,1.412265479965076,0.588844962345362
7107,REG2022CE07107,2022,CE,REGULAR,2.3419148198792334,-1.149965311183808,0.997410375013258
7108,REG2021EEE07108,2021,EEE,REGULAR,-1.5683490686992216,0.46277104529821705,-0.4509814122037964
7109,REG2022EEE07109,2022,EEE,REGULAR,0.18721001848413446,-0.8339862664589361,2.0687794329743716
7110,REG2023ME07110,2023,ME,REGULAR,-0.1008651097054136,-1.0869453243167277,1.3213711056665753
7111,REG2020CE07111,2020,CE,REGULAR,-0.8261196665176447,-0.5437334518235517,-1.9888515999240137
7112,REG2022CSE07112,2022,CSE,REGULAR,-2.161299811880606,-1.5510927873063676,-0.21337368217230315
7113,REG2022CSE07113,2022,CSE,REGULAR,-0.018490849033376104,0.37275069306087727,-0.5103753254770296
7114,REG2023CE07114,2023,CE,REGULAR,-1.1001740117550847,0.6457772565301174,-1.954116604431236
7115,REG2020EEE07115,2020,EEE,REGULAR,0.24384710848773453,1.160509796143434,-0.6863401856869136
7116,REG2023CE07116,2023,CE,REGULAR,-0.36817716017793306,-0.9498877560918947,-0.05660263936462753
7117,REG2022ECE07117,2022,ECE,REGULAR,0.5519098503466282,-0.0240263262179077,-0.8464548166555463
7118,REG2021ECE07118,2021,ECE,REGULAR,-0.7612422386905463,0.3708219051779407,1.214227734428134
7119,REG2020ECE07119,2020,ECE,REGULAR,0.6352317790787911,-0.010649752078544862,0.6800010157079541
7120,REG2021CE07120,2021,CE,LATERAL_ENTRY,-1.6253648340213114,0.45182215753279453,-0.12986154154076143
7121,REG2022EEE07121,2022,EEE,REGULAR,-1.2466856093172702,0.6063722782356485,1.0506160890088896
7122,REG2022EEE07122,2022,EEE,REGULAR,-0.3428415621095283,-0.8611342431460112,0.8887785582838601
7123,REG2020ECE07123,2020,ECE,REGULAR,2.157628170076937,1.5128350201080534,0.6517486302027283
7124,REG2023CSE07124,2023,CSE,REGULAR,0.5241124705301264,1.4427345295455496,1.329454878910979
7125,REG2023CSE07125,2023,CSE,REGULAR,-0.7543359103240643,1.2758973845506942,0.7611413126527505
7126,REG2021CE07126,2021,CE,REGULAR,0.6333385376116624,-1.4504305955412238,-0.09235661143262142
7127,REG2020ECE07127,2020,ECE,REGULAR,-0.8532442286581836,-0.872704440773474,-0.03166171093805223
7128,REG2022ECE07128,2022,ECE,REGULAR,1.7227544744970082,-0.6900142324186395,0.9548154180944651
7129,REG2020ECE07129,2020,ECE,REGULAR,-1.9603695748350904,1.4162273154525022,-0.07077309391630163
7130,REG2021ME07130,2021,ME,REGULAR,2.6938885547727214,-0.3374921061215139,1.0348396300839555
7131,REG2023CSE07131,2023,CSE,REGULAR,-0.4870694119778939,0.518262409984949,-2.0776447816806622
7132,REG2020ME07132,2020,ME,LATERAL_ENTRY,1.8555840363993372,-2.1041957999317518,0.029617587334061623
7133,REG2023CE07133,2023,CE,REGULAR,2.128986534830715,1.3503385195305369,-1.829700720844101
7134,REG2021CE07134,2021,CE,REGULAR,-0.2896740820933947,1.3265041232502504,-0.04611760574513929
7135,REG2021EEE07135,2021,EEE,LATERAL_ENTRY,0.37166729462472425,0.7718606131434369,1.01044764270752
7136,REG2021ME07136,2021,ME,REGULAR,-0.33906366849169595,-0.34369286624834366,0.07341032967957319
7137,REG2021ME07137,2021,ME,REGULAR,1.839945115980811,0.2945869487707955,-0.2860254255095849
7138,REG2021CE07138,2021,CE,REGULAR,-1.2604830519962729,0.5337047652152328,-0.11328171392275235
7139,REG2021CSE07139,2021,CSE,REGULAR,-0.6266685561142114,0.7304589756528234,0.6201172839096872
7140,REG2020ME07140,2020,ME,REGULAR,-0.9699328413603682,0.8474074168313996,-0.07733723501642445
7141,REG2020ECE07141,2020,ECE,REGULAR,0.5790851789030145,-0.19517539826524147,0.6533454324527427
7142,REG2022CE07142,2022,CE,REGULAR,1.5616107805179695,0.2887693783423534,1.6627412756647821
7143,REG2020CSE07143,2020,CSE,LATERAL_ENTRY,-0.16507211535132654,0.9402094970889814,-2.3619701277441725
7144,REG2023CSE07144,2023,CSE,REGULAR,0.6728981182504327,-0.3735875901801683,-1.4922542381538928
7145,REG2023CSE07145,2023,CSE,REGULAR,1.1585204966652403,-0.8281082984642874,-0.6954510405090129
7146,REG2022ECE07146,2022,ECE,REGULAR,-0.26157144920161873,2.0389184508866656,0.16703723308334403
7147,REG2022CE07147,2022,CE,REGULAR,-0.43728600978014076,0.7451551866966069,-0.5414717571863848
7148,REG2021CSE07148,2021,CSE,REGULAR,1.1622442983395707,-0.9263358289664173,0.9355299849580362
7149,REG2021ME07149,2021,ME,REGULAR,0.39604129128350757,1.6243331164486923,0.29463194410593735
7150,REG2022ME07150,2022,ME,REGULAR,0.13786070429777475,0.6293669026011511,-1.5973939442063652
7151,REG2022EEE07151,2022,EEE,REGULAR,-1.9126108431884679,0.44933505268793483,0.3665036477498548
7152,REG2022CSE07152,2022,CSE,LATERAL_ENTRY,0.7030493046860264,0.3652402750183186,-0.9623156927902224
7153,REG2021CSE07153,2021,CSE,REGULAR,-0.3185388917359227,-1.0789231733869091,0.7295903917800586
7154,REG2023CE07154,2023,CE,REGULAR,0.11570019724903695,-0.006008779328781958,-1.2436275747273076
7155,REG2020ME07155,2020,ME,REGULAR,0.5230936692040895,-0.31216659480849923,-1.4871965166717842
7156,REG2020CE07156,2020,CE,LATERAL_ENTRY,1.109352200178898,-0.06536392130963295,1.86560478009512
7157,REG2020ECE07157,2020,ECE,REGULAR,0.26708329561762384,-1.069777533594069,-1.5243916636384363
7158,REG2020EEE07158,2020,EEE,REGULAR,-0.22643822617938852,-1.5368769800701458,-1.0525379011478675
7159,REG2021CSE07159,2021,CSE,REGULAR,-0.8937271995567715,1.5793468201809187,1.5090359366531085
7160,REG2021ME07160,2021,ME,LATERAL_ENTRY,-1.2185647116133471,-0.04634284718460905,2.0759280574569705
7161,REG2021CE07161,2021,CE,REGULAR,1.0846179907362428,1.5470330638753529,0.5010632479005924
7162,REG2023CE07162,2023,CE,REGULAR,-0.677362422704849,0.3975385586362518,-1.617061153582883
7163,REG2022EEE07163,2022,EEE,REGULAR,-1.6867291006651366,-0.07620963581009493,0.07849913990115052
7164,REG2022ECE07164,2022,ECE,REGULAR,0.047762383098556155,-1.0946903360788738,0.4874781283278922
7165,REG2021CSE07165,2021,CSE,REGULAR,1.5720080809706163,1.4983488721834526,2.3902691166433883
7166,REG2023CE07166,2023,CE,LATERAL_ENTRY,-0.3704790517677512,-0.451383447825011,-0.3147302326467557
7167,REG2020ECE07167,2020,ECE,REGULAR,2.563775372330827,-0.6938095791961822,0.6683240763496509
7168,REG2023CSE07168,2023,CSE,REGULAR,-0.2188998160960605,1.6131575009588834,1.5527226056574166
7169,REG2022ME07169,2022,ME,LATERAL_ENTRY,0.7417418600655904,-2.7851122610384276,0.5607991979706184
7170,REG2022CE07170,2022,CE,REGULAR,0.09931733753056096,-1.802948220998429,1.3815750365172108
7171,REG2020CE07171,2020,CE,REGULAR,-0.593953518687165,-0.6336947713752229,-0.30795706813983525
7172,REG2022CE07172,2022,CE,LATERAL_ENTRY,-0.0647733320610725,-0.4467389483371006,0.1799380887434342
7173,REG2022ECE07173,2022,ECE,LATERAL_ENTRY,0.9624040873811391,-0.4971154424993848,-0.35109191825649305
7174,REG2023CSE07174,2023,CSE,REGULAR,1.0001913971059857,-0.7077734262108247,-0.23209580991776665
7175,REG2021ME07175,2021,ME,REGULAR,0.2735239608617677,-0.9029587416360544,0.3291988801949148
7176,REG2020ME07176,2020,ME,REGULAR,-0.32401354808184385,0.29157716629300634,1.2994647019374903
7177,REG2022EEE07177,2022,EEE,REGULAR,0.445148403636987,0.5238142270158059,-2.3816081815831613
7178,REG2022CSE07178,2022,CSE,REGULAR,-1.145841248045111,-1.4816870437109957,-0.5719013522566107
7179,REG2020ECE07179,2020,ECE,REGULAR,-0.5539483410620168,0.06877490662237085,1.254503859840713
7180,REG2021CE07180,2021,CE,REGULAR,0.7988248085632804,0.06390684983570799,1.259955981489124
7181,REG2020ME07181,2020,ME,REGULAR,-0.375746453465075,1.1491356553992988,1.187867027408328
7182,REG2022CE07182,2022,CE,REGULAR,-0.8508001606626957,0.0369450640317822,-0.5437764625842595
7183,REG2021ME07183,2021,ME,LATERAL_ENTRY,0.01730634366913262,0.3238519808028495,1.7823424369795549
7184,REG2022CSE07184,2022,CSE,REGULAR,2.0140961571307057,-0.4323518539987325,-0.2814922929884694
7185,REG2020CSE07185,2020,CSE,REGULAR,-0.7745872402649747,0.6517229406000529,-0.13137431792475568
7186,REG2020ECE07186,2020,ECE,REGULAR,-0.8196220578247927,0.25768747837281625,-0.1606818944864898
7187,REG2021CE07187,2021,CE,REGULAR,2.769114496647759,2.2825960528907765,-0.8172735236720339
7188,REG2023CSE07188,2023,CSE,REGULAR,-0.25970550624504823,0.3491778283968397,0.8476715459620485
7189,REG2022ME07189,2022,ME,LATERAL_ENTRY,-1.4112557218406563,0.8218697722591285,1.309848411660418
7190,REG2023ME07190,2023,ME,REGULAR,1.0341946707976646,-1.3736466595620445,0.9369294900831169
7191,REG2020ECE07191,2020,ECE,LATERAL_ENTRY,-0.19261150739638913,-0.21211949677730357,0.7342592314243889
7192,REG2020EEE07192,2020,EEE,REGULAR,-0.5804572536020263,0.6733712200739165,-0.42595190187429804
7193,REG2023EEE07193,2023,EEE,LATERAL_ENTRY,-0.5389390361603302,1.5194942028487448,0.704760394610952
7194,REG2023ME07194,2023,ME,REGULAR,0.12586731497716772,1.035377704329445,0.20312979868311581
7195,REG2020ME07195,2020,ME,REGULAR,0.44820792209235166,-0.5679528029511253,-0.007334413021830446
7196,REG2022CE07196,2022,CE,REGULAR,0.1382394702082277,0.9892687390724372,-1.5248561290493983
7197,REG2023EEE07197,2023,EEE,REGULAR,-0.6469490467735026,0.002578132252088132,0.7284505454971103
7198,REG2022EEE07198,2022,EEE,REGULAR,1.1102907000330415,-0.8454907600118085,-1.128479194232002
7199,REG2022EEE07199,2022,EEE,REGULAR,0.8088027597023184,0.9320025038449464,0.02997712153848553
7200,REG2022CE07200,2022,CE,REGULAR,-0.6021436225407276,0.6937755156041088,0.15814253357852057
7201,REG2022ECE07201,2022,ECE,REGULAR,-1.1759776305121734,-1.2987374433113132,-1.4982299531685461
7202,REG2023ME07202,2023,ME,REGULAR,0.6317427392267546,1.4848968304103944,-0.45404510722123675
7203,REG2020ME07203,2020,ME,REGULAR,-0.8733360538143778,0.3423848998712967,-0.13160363825591959
7204,REG2023CE07204,2023,CE,REGULAR,2.0308815549228307,0.22686831951132666,-0.10039876994784135
7205,REG2021CSE07205,2021,CSE,REGULAR,-0.6045377257106385,-0.26896205972521,0.5554228527429601
7206,REG2022EEE07206,2022,EEE,REGULAR,0.5513603019033462,-0.5210688772410091,0.13487415827963925
7207,REG2023ME07207,2023,ME,REGULAR,0.5645551388044217,0.7778371640058556,-1.076991226186515
7208,REG2021ECE07208,2021,ECE,REGULAR,-0.3744993391753191,-0.47208952242934366,-1.508424703225168
7209,REG2021CSE07209,2021,CSE,REGULAR,0.014260193540727691,-0.484426844169046,-0.3351186789664986
7210,REG2021CSE07210,2021,CSE,REGULAR,1.6682558223664146,0.07578035415313294,1.4950226202454
7211,REG2020ME07211,2020,ME,REGULAR,-0.1727301061072541,-0.35472341238569155,1.0743903186889505
7212,REG2022CE07212,2022,CE,REGULAR,0.2760749070739795,-0.9195496118928408,-1.2874624280802767
7213,REG2022CE07213,2022,CE,REGULAR,-0.38492531460177365,-0.8730044813033269,-0.9525053430889442
7214,REG2022CSE07214,2022,CSE,REGULAR,-0.9815640454595598,1.4937264741538652,1.393649882978029
7215,REG2021ME07215,2021,ME,REGULAR,-0.42557541792674175,0.5202209784719364,1.472033061196341
7216,REG2022CSE07216,2022,CSE,REGULAR,0.2263230330373958,-1.0782245441907738,-0.12655384335933345
7217,REG2022ME07217,2022,ME,REGULAR,-0.7773531824258879,1.5876682820069,-0.12383595294733239
7218,REG2021ECE07218,2021,ECE,REGULAR,-0.12347950065387932,-0.5734389091556256,0.1591665332165302
7219,REG2021EEE07219,2021,EEE,REGULAR,-2.4362293206111074,-0.2919785595855003,0.5059153880005607
7220,REG2021ME07220,2021,ME,REGULAR,-0.5549327160031743,0.5838458300825154,0.9813097574429632
7221,REG2021ME07221,2021,ME,REGULAR,0.6659995470213681,0.10326850438008114,0.09560284965405634
7222,REG2022CSE07222,2022,CSE,REGULAR,-0.614795086388384,-0.7847294673610576,0.5143641995467549
7223,REG2022ME07223,2022,ME,REGULAR,-0.46288113153134913,-0.7375618941693329,0.4492310131849928
7224,REG2022CE07224,2022,CE,LATERAL_ENTRY,0.37989965693041694,0.41594788987990705,0.9689571163838906
7225,REG2022CSE07225,2022,CSE,REGULAR,0.7388856389348731,1.7016353189360214,1.599620785679405
7226,REG2020ME07226,2020,ME,REGULAR,-0.7628682159444292,-2.9849245476064263,-0.6207139097323036
7227,REG2023CE07227,2023,CE,LATERAL_ENTRY,-2.290877160893453,-1.2310324799241619,-0.47527194651124555
7228,REG2022EEE07228,2022,EEE,REGULAR,0.8599404461335419,0.5601805946419994,-1.3410629185022043
7229,REG2022ME07229,2022,ME,REGULAR,-0.4302517366635781,1.2119750698999783,0.337115051851435
7230,REG2020CSE07230,2020,CSE,REGULAR,-1.5487330043278154,-1.3325393478963905,0.862833126510226
7231,REG2021ME07231,2021,ME,REGULAR,-0.028020182432842364,-0.3821506905453441,0.15680411084961565
7232,REG2022ECE07232,2022,ECE,REGULAR,2.126666871048978,0.8793150156057943,-0.495695854013932
7233,REG2022CSE07233,2022,CSE,LATERAL_ENTRY,0.2274927677521008,-1.1327973629157735,-0.8944569680247204
7234,REG2020CSE07234,2020,CSE,REGULAR,-0.3164225935832671,0.3185413646652276,0.5716375502472203
7235,REG2021ECE07235,2021,ECE,REGULAR,-0.4043098054983761,-0.29690258067065695,-0.3700875828022541
7236,REG2020ME07236,2020,ME,REGULAR,0.24800553832910704,0.02012341559603166,-1.4032273305335585
7237,REG2021ME07237,2021,ME,REGULAR,-1.5565785704720139,0.7391499604013816,-0.3905731135834405
7238,REG2020ME07238,2020,ME,REGULAR,-0.8834643103995204,0.39561104911212497,1.5609530256227653
7239,REG2022CE07239,2022,CE,REGULAR,-1.296049239606369,-0.09884916110273652,-1.332149820289441
7240,REG2023EEE07240,2023,EEE,REGULAR,-0.30992422142022996,0.9159027029191299,1.2536805582722215
7241,REG2020CSE07241,2020,CSE,REGULAR,-0.5409397059068711,-0.9925848702843139,-0.34866570793304374
7242,REG2023CSE07242,2023,CSE,REGULAR,-0.19815052012363046,0.42158970013564595,-3.252029432671587
7243,REG2021CSE07243,2021,CSE,REGULAR,-2.5841279189392345,-1.3380512762574128,0.12287856012666667
7244,REG2021ME07244,2021,ME,REGULAR,-0.08848365209126821,-0.37715091266041373,1.8746368556723125
7245,REG2022ECE07245,2022,ECE,REGULAR,-1.604682564304003,-0.11838924283027488,-0.815176203660066
7246,REG2022ECE07246,2022,ECE,REGULAR,-1.13125953712907,0.45591885583957786,1.3642321658505163
7247,REG2021CSE07247,2021,CSE,REGULAR,1.1107270347735045,-0.29428481694014447,0.27209596390528157
7248,REG2021ECE07248,2021,ECE,LATERAL_ENTRY,-0.44246682263766257,-0.8124184070008121,0.05082102331430527
7249,REG2023EEE07249,2023,EEE,REGULAR,0.3169591410187639,-0.9156429732353404,-1.2047884208037478
7250,REG2020CSE07250,2020,CSE,LATERAL_ENTRY,0.5027250604054202,0.3621223135535861,-1.647256695549302
7251,REG2020EEE07251,2020,EEE,REGULAR,0.37126820561543056,-0.32317195689958156,0.45534252050438656
7252,REG2020EEE07252,2020,EEE,LATERAL_ENTRY,-1.5203374022000355,0.2289989646791519,-0.6091335023449491
7253,REG2021EEE07253,2021,EEE,REGULAR,1.6585089167526792,1.4933394189563414,0.6221450185106159
7254,REG2022EEE07254,2022,EEE,REGULAR,-0.030228159459196623,-0.2697331837066766,0.9085239595881444
7255,REG2022ME07255,2022,ME,REGULAR,-1.995013484671699,-0.5308739961123049,0.9039541128711349
7256,REG2023EEE07256,2023,EEE,REGULAR,2.0722772906590694,0.4822286149202135,-0.7137244404585237
7257,REG2022CE07257,2022,CE,REGULAR,-1.3363683011583303,0.48469862727413,-0.10359288837862497
7258,REG2021CE07258,2021,CE,REGULAR,1.0115193639748543,0.10212540833832061,-0.5227506458843989
7259,REG2021ME07259,2021,ME,REGULAR,0.7872257123734617,0.12042041311222292,-0.7373515194763614
7260,REG2022CSE07260,2022,CSE,LATERAL_ENTRY,-1.4271113841602554,0.11157405505227999,0.3856750168384012
7261,REG2023CSE07261,2023,CSE,REGULAR,1.3477501297856114,-0.023976376145776686,1.357732424392248
7262,REG2020ECE07262,2020,ECE,REGULAR,-1.6044709039918956,-2.053272467581424,-0.32342975721724
7263,REG2023CE07263,2023,CE,REGULAR,0.4061422644163542,0.8106662340401183,1.3106912141258782
7264,REG2020ECE07264,2020,ECE,REGULAR,-1.496532780659409,-0.9950365195893506,0.9633229201938674
7265,REG2022CE07265,2022,CE,LATERAL_ENTRY,0.9972564457545738,-1.816822838312395,1.3526747823397276
7266,REG2023CE07266,2023,CE,REGULAR,-1.6834246100078072,1.447335196620849,0.09454076807672622
7267,REG2021CE07267,2021,CE,REGULAR,0.651366534392826,1.5879154325390914,0.10166511757086046
7268,REG2020ME07268,2020,ME,REGULAR,0.23620051232882802,1.1299205795802203,0.5279543365311402
7269,REG2023EEE07269,2023,EEE,REGULAR,0.48259574467332716,0.5833455386122602,0.5109820296142538
7270,REG2020CE07270,2020,CE,REGULAR,0.30260713827823904,0.098876854741321,-1.8220572837292566
7271,REG2023ME07271,2023,ME,REGULAR,1.2556305727914938,0.778922537056785,0.8199231876548783
7272,REG2022ME07272,2022,ME,REGULAR,-0.3947262232357396,-0.3914916036639428,-0.603338501016696
7273,REG2023ECE07273,2023,ECE,REGULAR,-0.31132861208426243,0.8940270538418309,0.773936342304273
7274,REG2020CSE07274,2020,CSE,REGULAR,-0.7521298862407018,-1.5200670453452327,-0.15883598037252938
7275,REG2021ME07275,2021,ME,LATERAL_ENTRY,-0.5642134795554601,0.09543911044276768,1.2456005963728674
7276,REG2023ME07276,2023,ME,REGULAR,0.8666418342849139,-0.07114325548243981,0.20789145784402321
7277,REG2020CE07277,2020,CE,REGULAR,-0.37481519069734576,-0.044284376075743835,0.4272261749421876
7278,REG2020ME07278,2020,ME,REGULAR,-0.7724816391255351,-1.2566656386173585,-0.02256011627592551
7279,REG2021ME07279,2021,ME,REGULAR,-1.6179610580451478,-0.8329540180904172,0.7019491717394462
7280,REG2021ECE07280,2021,ECE,LATERAL_ENTRY,-0.4306286017901344,0.7186774059291673,0.9236052494279954
7281,REG2021CE07281,2021,CE,REGULAR,-0.10904226322975677,-1.5575053183444418,0.08633865907074587
7282,REG2021ME07282,2021,ME,REGULAR,-0.42018382173224766,0.5316153420624636,0.4287884676855479
7283,REG2020EEE07283,2020,EEE,REGULAR,1.270733926546094,1.0615656878061113,0.2975803201897126
7284,REG2023ME07284,2023,ME,REGULAR,0.6505528718428083,-1.895450739656018,0.07639570841283222
7285,REG2020CSE07285,2020,CSE,REGULAR,0.18463858035145067,-0.8160540589074607,-0.15286544527116175
7286,REG2020CE07286,2020,CE,REGULAR,1.0876724499788382,1.2975338499285398,-1.359832589127384
7287,REG2022CE07287,2022,CE,REGULAR,0.010036442479719819,-0.8128778458413798,0.7388879801042674
7288,REG2022CE07288,2022,CE,REGULAR,-1.565910374701939,-0.7252021229385833,-0.5709368320199486
7289,REG2020CE07289,2020,CE,REGULAR,-0.8625033792408842,0.2809252352171776,-0.21989503774883598
7290,REG2021CE07290,2021,CE,REGULAR,0.48836103314558793,0.5118098952537925,-0.06277711904504096
7291,REG2020CE07291,2020,CE,LATERAL_ENTRY,-0.17825124724553632,-0.7448884028201095,-0.26628449904541823
7292,REG2022CE07292,2022,CE,REGULAR,1.6203509475040954,0.23763507270721293,-0.11924001032363213
7293,REG2020CE07293,2020,CE,REGULAR,-0.8013816848683536,-0.6831364364384392,-0.4474841512731057
7294,REG2021ECE07294,2021,ECE,REGULAR,-0.2939060184212903,0.10441319869190054,-0.9623545488633256
7295,REG2021ECE07295,2021,ECE,REGULAR,-0.0480539048326434,1.002391366071636,0.6402478099540481
7296,REG2021EEE07296,2021,EEE,REGULAR,-0.2947721566366804,-0.803135647631018,-1.532611373938194
7297,REG2023CSE07297,2023,CSE,LATERAL_ENTRY,1.7239254031829585,-0.035443604336450246,1.2733851530282434
7298,REG2020ECE07298,2020,ECE,REGULAR,0.913138198263977,-0.6992735949622081,-0.06613661370500526
7299,REG2022CE07299,2022,CE,REGULAR,0.6410332479384868,-1.1741755620991476,0.8484981154525745
7300,REG2022EEE07300,2022,EEE,REGULAR,1.071198760532254,0.4843397892308377,0.9829748589089441
7301,REG2021CSE07301,2021,CSE,LATERAL_ENTRY,0.5150959501468477,-0.5967296684702167,0.18007907421697789
7302,REG2022EEE07302,2022,EEE,REGULAR,0.2013627861986761,0.5319279040703231,0.4647878245915402
7303,REG2020CE07303,2020,CE,REGULAR,0.47477109722961475,-1.1816997830645828,2.068547583922264
7304,REG2022CSE07304,2022,CSE,REGULAR,-0.21079131758480815,0.5237996329588049,0.28411579830432526
7305,REG2020EEE07305,2020,EEE,REGULAR,-0.07043469582755531,-0.22014316565601905,-1.1330854967375832
7306,REG2023ECE07306,2023,ECE,REGULAR,-0.6612605715817366,2.412052627883771,0.1330171952499895
7307,REG2022CE07307,2022,CE,REGULAR,-1.2891901874245342,-0.33222219335215364,0.7579623025863673
7308,REG2022ECE07308,2022,ECE,REGULAR,1.1624755677515546,0.792608629775127,0.3863040060461393
7309,REG2023CE07309,2023,CE,LATERAL_ENTRY,-0.06869456968669671,0.8459896873570448,0.04403432673074838
7310,REG2023CSE07310,2023,CSE,REGULAR,0.530207606871348,0.4755667937267445,-0.3191702171548069
7311,REG2020CSE07311,2020,CSE,REGULAR,1.7544874861139386,-1.1448190955728377,-0.8550314233944911
7312,REG2020CSE07312,2020,CSE,REGULAR,-2.30785340138783,0.27062527393650104,-0.53916860091995
7313,REG2023ECE07313,2023,ECE,REGULAR,1.288778710506644,-0.02800411727847209,-1.0269377742573196
7314,REG2023CE07314,2023,CE,REGULAR,-0.14818235026476878,-0.2142926977008188,-0.7727535396371356
7315,REG2022ECE07315,2022,ECE,REGULAR,1.9881965470457024,-0.2781691855840453,0.9128112000872529
7316,REG2022ECE07316,2022,ECE,REGULAR,2.292650491070216,0.7150628359067669,-0.9889863956887137
7317,REG2022EEE07317,2022,EEE,REGULAR,-0.01801333987723139,-1.5683264557926506,-0.7454768422990277
7318,REG2020EEE07318,2020,EEE,REGULAR,-1.358205747033914,-1.3826143285558035,-0.8457904408288529
7319,REG2022EEE07319,2022,EEE,REGULAR,-0.9071442050203588,1.4261846921856318,-0.483975877588959
7320,REG2020EEE07320,2020,EEE,REGULAR,0.4391986597509187,-0.32809056500770034,-0.5029438369403537
7321,REG2021EEE07321,2021,EEE,REGULAR,0.37244071281082763,-0.12884448941784346,-0.7483982739469809
7322,REG2020CE07322,2020,CE,LATERAL_ENTRY,0.11905828865931008,0.06812645609590111,0.010008346808538916
7323,REG2021ME07323,2021,ME,REGULAR,-1.725509601035492,-0.3121020917208219,1.0720990979777407
7324,REG2020CE07324,2020,CE,LATERAL_ENTRY,1.233551713168691,-1.0193366191014641,0.09168157483524289
7325,REG2021ECE07325,2021,ECE,LATERAL_ENTRY,1.9955864155035963,0.6516836765189927,0.5411139193324483
7326,REG2020ME07326,2020,ME,REGULAR,0.10785052519758029,-0.5864470842483618,-0.21103502157374956
7327,REG2021EEE07327,2021,EEE,REGULAR,-0.5532902752802538,-0.30048041145753834,-0.5395682349507531
7328,REG2021CSE07328,2021,CSE,REGULAR,-0.4918000113806116,0.6193099147284382,-1.8671784011449264
7329,REG2023ME07329,2023,ME,REGULAR,-0.1189393297204874,0.5580359290921079,-0.28791172206614596
7330,REG2020CSE07330,2020,CSE,REGULAR,-0.7384217254681257,0.7878023826181495,-0.7579281280688486
7331,REG2021CSE07331,2021,CSE,REGULAR,-1.6062361672425112,0.5015341065577479,-1.732123587439874
7332,REG2023CE07332,2023,CE,REGULAR,1.786783859660937,1.6663287657526402,0.44872963074522837
7333,REG2022ECE07333,2022,ECE,LATERAL_ENTRY,0.29219454130599315,0.4228602016268913,-0.21035495532565468
7334,REG2022ECE07334,2022,ECE,REGULAR,-0.3221514807903204,-1.0738864044404206,-0.3155901144981914
7335,REG2023EEE07335,2023,EEE,REGULAR,-0.01988842708542482,0.3457918575753108,0.1958866500982855
7336,REG2023EEE07336,2023,EEE,LATERAL_ENTRY,-1.3200924922755608,-0.3244348575252138,-2.133995392000717
7337,REG2021CE07337,2021,CE,LATERAL_ENTRY,0.44935281754134754,-0.465032339520143,-0.44560971627225043
7338,REG2023CE07338,2023,CE,REGULAR,-0.5663122698614174,0.19774033558329698,-0.6193895114379888
7339,REG2023ECE07339,2023,ECE,REGULAR,-0.029638657007196346,-0.9756893427052143,0.34372467755792957
7340,REG2023CE07340,2023,CE,LATERAL_ENTRY,-1.1465535779730305,0.9483928129882035,1.9072942576819765
7341,REG2023EEE07341,2023,EEE,REGULAR,2.9782075505216783,-1.1048821907558652,0.10206282722449543
7342,REG2022ECE07342,2022,ECE,REGULAR,0.25067670871064657,-1.4663953295387349,0.18918569107628447
7343,REG2021ME07343,2021,ME,REGULAR,-0.6546629736705405,-1.0520081577890477,0.2692772737968871
7344,REG2021EEE07344,2021,EEE,REGULAR,-0.318070305711861,-0.29786119219698975,1.1455327999159648
7345,REG2020ECE07345,2020,ECE,REGULAR,1.1608063098603412,0.3735125797184455,-0.2951539751198392
7346,REG2022CE07346,2022,CE,REGULAR,0.5589828302245257,1.3031139488525691,-0.17622389127012678
7347,REG2022EEE07347,2022,EEE,LATERAL_ENTRY,0.8435783594798207,-1.482925423381515,0.25946266367478465
7348,REG2022ECE07348,2022,ECE,REGULAR,-0.29021803361428783,0.33447270258267064,0.45528165891914707
7349,REG2020CE07349,2020,CE,REGULAR,-0.7293544413367055,-0.46972489263222583,-0.18520666439271044
7350,REG2022CSE07350,2022,CSE,LATERAL_ENTRY,-0.2294174620798352,0.5297132646410999,0.3212947318722679
7351,REG2023ECE07351,2023,ECE,REGULAR,0.8800405038484497,0.825841639134944,1.500418458480863
7352,REG2022CSE07352,2022,CSE,REGULAR,0.6859198256889781,0.12584532949839589,0.289818588276238
7353,REG2021CE07353,2021,CE,REGULAR,0.699576947734723,1.3413962806150392,0.5384947641407049
7354,REG2023CSE07354,2023,CSE,REGULAR,0.6083628082317089,-0.46245500608742646,-0.6048321585153806
7355,REG2022EEE07355,2022,EEE,REGULAR,-0.4721287696027456,-0.04434831479393082,0.91113585886256
7356,REG2021CE07356,2021,CE,REGULAR,-0.9306330918442907,0.9150084339237124,-1.5943327518114685
7357,REG2023ME07357,2023,ME,REGULAR,-2.055546263197086,-0.22957918057221743,2.4730175966187034
7358,REG2023EEE07358,2023,EEE,REGULAR,0.24691277183009736,0.2432841473963409,-0.012328198235321318
7359,REG2020CE07359,2020,CE,REGULAR,1.1188144317389082,1.0870008867798273,0.40751614482073995
7360,REG2023EEE07360,2023,EEE,REGULAR,0.07096581559454476,0.34323982111051693,0.9070354175489098
7361,REG2022CSE07361,2022,CSE,REGULAR,1.4896743828486279,-0.09649268734415682,1.040654471808073
7362,REG2021CE07362,2021,CE,LATERAL_ENTRY,-0.34242174822352756,-0.010177901679912968,0.46407462153763923
7363,REG2021CSE07363,2021,CSE,REGULAR,-0.14668920634530005,-1.8917245961445388,0.40030055355540384
7364,REG2023EEE07364,2023,EEE,LATERAL_ENTRY,1.414228390866113,-0.4279288924893382,0.8708551756692795
7365,REG2023ECE07365,2023,ECE,REGULAR,2.5706633212209224,1.4870869723799391,-0.17999895388003637
7366,REG2020EEE07366,2020,EEE,REGULAR,0.6851095081058707,-1.0906352229501346,0.34422006427321894
7367,REG2021CSE07367,2021,CSE,REGULAR,-0.6689862655954913,-1.0999895072588315,-0.5661181242026664
7368,REG2021CSE07368,2021,CSE,REGULAR,0.7637094401258064,-0.47763365239185696,-0.7769084295683519
7369,REG2020ME07369,2020,ME,REGULAR,-0.6462984690799007,-1.3146663822718339,0.9494426755632127
7370,REG2023ME07370,2023,ME,REGULAR,3.337381912482306,0.2171200044949647,-0.192034622510638
7371,REG2020ME07371,2020,ME,LATERAL_ENTRY,0.07617859106232294,0.5674568439523229,1.3349148687097585
7372,REG2021ME07372,2021,ME,REGULAR,0.4916515746977824,0.5124461701314288,-0.7135598792613801
7373,REG2023EEE07373,2023,EEE,REGULAR,0.6852319063080611,-0.5325468913582676,-0.18819311962967397
7374,REG2020ME07374,2020,ME,REGULAR,1.4586911242994456,-1.1097220699849228,0.27185737922293396
7375,REG2022CE07375,2022,CE,REGULAR,-0.9160355644463679,2.257656890388458,-0.533165987293903
7376,REG2021EEE07376,2021,EEE,REGULAR,-0.2702320842076926,0.5085045121653451,0.3414676498338867
7377,REG2023EEE07377,2023,EEE,LATERAL_ENTRY,0.4282825128239694,1.4351907123002996,2.500261467980086
7378,REG2022CSE07378,2022,CSE,REGULAR,-1.0615009876346724,-1.4400823622865766,0.03685145608957813
7379,REG2023ME07379,2023,ME,REGULAR,1.128243853383209,0.5173645778405016,0.39376282503299653
7380,REG2023CSE07380,2023,CSE,REGULAR,-0.7937595206786635,0.11655764347360421,-1.3575868394976531
7381,REG2020CSE07381,2020,CSE,REGULAR,-0.7456155577648724,0.8896776400867716,-0.5301573530521742
7382,REG2020CE07382,2020,CE,LATERAL_ENTRY,1.0865833433451362,2.321832681975605,-1.9908120965106177
7383,REG2022CSE07383,2022,CSE,REGULAR,-0.0056209628932424325,-0.8899897570387977,-0.46195977098542723
7384,REG2023ME07384,2023,ME,REGULAR,-0.3914990535960915,1.0616085329545957,0.5156840540697027
7385,REG2021ME07385,2021,ME,REGULAR,0.5772101056487838,-1.3815270047025798,-1.618029364533894
7386,REG2022ME07386,2022,ME,REGULAR,0.009305512912282762,0.5177689282508982,0.29603192520159954
7387,REG2023CE07387,2023,CE,REGULAR,2.0997679429641587,0.8650940436365399,-2.3815716920500427
7388,REG2021EEE07388,2021,EEE,REGULAR,0.6313701032972101,1.5549497846950457,0.2669226273892096
7389,REG2022CSE07389,2022,CSE,REGULAR,1.2295923764508276,-0.5319249160550382,-0.9521075733764891
7390,REG2023ME07390,2023,ME,REGULAR,-0.6530801500032015,-1.6108406857407138,-0.42853394996493877
7391,REG2020ECE07391,2020,ECE,REGULAR,0.6118017735655547,-1.4204226542233307,0.664979782333943
7392,REG2021ECE07392,2021,ECE,REGULAR,1.5053343430150565,0.6404945492615695,0.8116174220209791
7393,REG2022ECE07393,2022,ECE,REGULAR,0.9084967715203612,-0.09997088085766496,1.2936381967388408
7394,REG2023CE07394,2023,CE,REGULAR,1.316628053187041,0.6901972095815465,1.372426944517155
7395,REG2021CE07395,2021,CE,REGULAR,1.3046566274067597,0.5067690725044746,-1.2391619172959618
7396,REG2021CSE07396,2021,CSE,LATERAL_ENTRY,1.1354100618426521,-1.5420092560496208,0.43475052987282753
7397,REG2022ECE07397,2022,ECE,LATERAL_ENTRY,-1.5852013601705917,-0.41865705835634687,0.48030462154151127
7398,REG2020CSE07398,2020,CSE,REGULAR,1.8764646113047316,0.7964632683653204,1.0688339884340854
7399,REG2020EEE07399,2020,EEE,REGULAR,-0.014233940513011675,-0.09901703047396995,-0.6792552402111032
7400,REG2023ECE07400,2023,ECE,REGULAR,-1.4033626533923347,0.8095462441305036,-0.141180134102603
7401,REG2022EEE07401,2022,EEE,REGULAR,1.0719604245591152,-0.09640664646864605,2.4760972230075105
7402,REG2020CSE07402,2020,CSE,REGULAR,-1.121886240049398,-1.9931468688399523,0.895041319616056
7403,REG2023EEE07403,2023,EEE,REGULAR,-0.1487125496941421,1.7954417122320703,0.8925508267530415
7404,REG2023ME07404,2023,ME,REGULAR,-1.542733872624322,-0.8490061107997902,0.9682095903897626
7405,REG2021CE07405,2021,CE,LATERAL_ENTRY,-0.7492200257144136,1.4902306120964337,-2.243583791426797
7406,REG2020CE07406,2020,CE,REGULAR,1.096124546396875,-0.12136714128775639,1.127531010189688
7407,REG2020ME07407,2020,ME,REGULAR,1.0231324231130516,-0.20291064217102417,0.9106683730599062
7408,REG2020ECE07408,2020,ECE,REGULAR,-2.4773433929375024,-0.699795023318977,3.0870839221156245
7409,REG2020EEE07409,2020,EEE,REGULAR,-0.8262177400375582,0.6636949416498528,0.5681430361032849
7410,REG2021ECE07410,2021,ECE,LATERAL_ENTRY,-0.281529053702775,0.08596083312929087,0.7828775151717695
7411,REG2022ME07411,2022,ME,REGULAR,0.4894199164387257,-1.1852837558188964,-0.27043502273250797
7412,REG2021EEE07412,2021,EEE,REGULAR,1.018779413204909,1.4055023740296917,0.4404477126389586
7413,REG2022CE07413,2022,CE,REGULAR,-1.0769890944541665,-0.7032812022037391,-0.22679566717414007
7414,REG2023EEE07414,2023,EEE,LATERAL_ENTRY,-1.5096909504425131,1.000908197365898,0.6581911276532493
7415,REG2022EEE07415,2022,EEE,REGULAR,0.5660575421710128,0.8381546740262499,-0.8181060708378605
7416,REG2022ME07416,2022,ME,REGULAR,0.4898420609402607,-0.055806957377417726,-1.00537694279483
7417,REG2023EEE07417,2023,EEE,LATERAL_ENTRY,-0.6337669618831514,-0.7533233208966009,-1.4387008204357936
7418,REG2020CE07418,2020,CE,REGULAR,1.778029415872206,0.6822872362196037,0.9784749681666092
7419,REG2021ME07419,2021,ME,REGULAR,-0.09650855081441558,-0.5261279240862321,-0.8883140417628659
7420,REG2020CSE07420,2020,CSE,REGULAR,-0.2543447724531083,0.5086177279671763,-1.6952472906133522
7421,REG2021ME07421,2021,ME,REGULAR,-0.07894791502511313,-0.9559563021265488,-0.5989626262648562
7422,REG2020CSE07422,2020,CSE,REGULAR,-0.5502881313501041,-1.0148888014071737,0.4127041635969325
7423,REG2022ECE07423,2022,ECE,REGULAR,1.3025020093170392,-1.5461660563332595,-0.7628960307057923
7424,REG2021EEE07424,2021,EEE,REGULAR,1.2950866335437339,-0.5332696257318562,0.6317605869183273
7425,REG2021CE07425,2021,CE,REGULAR,1.3451429865008202,0.061044359134870406,-0.5484437814599235
7426,REG2020CE07426,2020,CE,REGULAR,-1.438762113006985,0.15531033394785856,-0.4893911124239613
7427,REG2021ECE07427,2021,ECE,LATERAL_ENTRY,-1.7837586761873825,1.4255356771528067,0.8392769797993096
7428,REG2023ME07428,2023,ME,REGULAR,-0.13055922891086488,0.3609888250414084,0.7700118157596085
7429,REG2023CSE07429,2023,CSE,LATERAL_ENTRY,-1.7408596894949795,-0.30464321402114414,0.9931008206116275
7430,REG2022ME07430,2022,ME,REGULAR,-0.9236317026379648,1.1912543194591607,0.6615904071032149
7431,REG2023EEE07431,2023,EEE,REGULAR,0.2747068627334078,-1.6956620233195638,-0.30833472952722357
7432,REG2021CSE07432,2021,CSE,REGULAR,-0.5307189996057852,-1.4934349351649632,-0.3006701404536488
7433,REG2020EEE07433,2020,EEE,REGULAR,-1.4609635625036255,1.8237965292236276,-0.358389678438289
7434,REG2020CSE07434,2020,CSE,REGULAR,-0.533940881012136,0.3375223281678575,0.2644692571326487
7435,REG2022ME07435,2022,ME,REGULAR,-0.7137479385084912,0.8111938253067241,0.3065930301075776
7436,REG2020CSE07436,2020,CSE,REGULAR,-1.8611268247767867,-0.7040998898712113,-1.690896557278828
7437,REG2023EEE07437,2023,EEE,LATERAL_ENTRY,-0.2638106383945455,0.9462854270949806,0.14936571379463157
7438,REG2020ECE07438,2020,ECE,LATERAL_ENTRY,0.43644857790304187,2.637719291979561,-0.024080137348147537
7439,REG2020CE07439,2020,CE,REGULAR,0.6798568633514539,-0.8093140168018031,0.8739994139900001
7440,REG2022EEE07440,2022,EEE,REGULAR,0.20261235199500588,1.089065980737688,0.8275632284159015
7441,REG2023EEE07441,2023,EEE,REGULAR,-0.9787265016183682,-0.051535905853930024,0.4064295094552108
7442,REG2020EEE07442,2020,EEE,LATERAL_ENTRY,-0.4193566135694628,-1.768322803921433,1.5101119110782173
7443,REG2021ECE07443,2021,ECE,REGULAR,-0.10632165120387682,0.635167037098547,0.7544004293190443
7444,REG2023ECE07444,2023,ECE,REGULAR,0.15392581256534438,-1.492548016245537,-1.4269882580578632
7445,REG2023ME07445,2023,ME,REGULAR,0.5452553456815439,0.3225906978826006,-0.8626141808368348
7446,REG2022ME07446,2022,ME,REGULAR,-0.387775383551393,2.1972580075702917,0.5565984140731257
7447,REG2023EEE07447,2023,EEE,REGULAR,-1.619452363658364,-0.8439647906271928,-0.465384548933506
7448,REG2023ME07448,2023,ME,LATERAL_ENTRY,-0.38525601051275515,-0.8501690885320156,2.1677241206196283
7449,REG2020ECE07449,2020,ECE,REGULAR,-0.2618547101618876,0.46279809526184856,0.5081148671776249
7450,REG2023EEE07450,2023,EEE,REGULAR,0.1570432301206552,0.16909527219934303,0.10643383528411943
7451,REG2021CSE07451,2021,CSE,REGULAR,-2.4935734259176807,-0.25012488776463804,-0.9213187551856187
7452,REG2023CSE07452,2023,CSE,REGULAR,0.18216541635919214,1.0931907435021375,-0.38724419052928205
7453,REG2022CE07453,2022,CE,REGULAR,-0.06446792496898156,-0.8472002329379139,0.2672783004249547
7454,REG2023ECE07454,2023,ECE,LATERAL_ENTRY,-2.1753580734279407,-0.973997989485247,1.1014212404628057
7455,REG2023ECE07455,2023,ECE,REGULAR,1.1978022536397084,-0.8399118392052188,-0.6501657389280153
7456,REG2021EEE07456,2021,EEE,REGULAR,1.6917502254747818,0.6414776376095752,-0.9460802672570449
7457,REG2020ECE07457,2020,ECE,REGULAR,-0.8552333004345047,-0.03191629980651214,-1.1170019091117969
7458,REG2021CSE07458,2021,CSE,REGULAR,-1.896893594497059,1.2152901726375547,0.6069747131714861
7459,REG2021CE07459,2021,CE,REGULAR,-1.80553430195322,0.7452520844196503,0.7251619638679436
7460,REG2021EEE07460,2021,EEE,REGULAR,0.4053431466620823,0.81614249380131,-0.07361310674170284
7461,REG2022ME07461,2022,ME,REGULAR,-1.2288017020535533,0.5058224066670638,-1.3310281681129013
7462,REG2020EEE07462,2020,EEE,REGULAR,-1.778154984041801,-0.23383921540254948,1.1347147783600555
7463,REG2020EEE07463,2020,EEE,REGULAR,1.2770431665004813,0.2347973104655174,-0.3382057252194016
7464,REG2023EEE07464,2023,EEE,LATERAL_ENTRY,1.2760676969372846,-0.04374794602212694,-0.891416862696019
7465,REG2021ECE07465,2021,ECE,REGULAR,-0.9308282094389763,0.4601201871158502,-2.2290281873998135
7466,REG2023EEE07466,2023,EEE,REGULAR,-1.0491553410602337,0.8693147496340548,0.0828228911638376
7467,REG2021ECE07467,2021,ECE,REGULAR,0.5665957344899969,-0.16058190326942479,0.40474814290829825
7468,REG2021ECE07468,2021,ECE,LATERAL_ENTRY,0.35190906662870836,0.10295849538863858,0.6655089456861619
7469,REG2021EEE07469,2021,EEE,REGULAR,1.187986702697699,0.8917554417669866,-1.4964146698384984
7470,REG2020ME07470,2020,ME,LATERAL_ENTRY,1.4408065254450924,-0.29559059079426037,-0.1803523247135595
7471,REG2023CSE07471,2023,CSE,REGULAR,-0.8861887962795757,0.9407772083205516,0.5353988887623377
7472,REG2023ECE07472,2023,ECE,REGULAR,-0.16153132659587116,0.8780992104308978,-0.507749706666992
7473,REG2022ECE07473,2022,ECE,REGULAR,-0.5580934890415806,-0.8754123488329301,-1.7573355324728968
7474,REG2022ECE07474,2022,ECE,LATERAL_ENTRY,-0.1559613249087818,0.5774208937907005,-0.22611908384353777
7475,REG2023EEE07475,2023,EEE,REGULAR,1.0979508165026357,0.5780131861277561,0.4885388306686665
7476,REG2023CE07476,2023,CE,REGULAR,-0.9847349924761823,-1.0113133238679828,-0.7091731272167464
7477,REG2023EEE07477,2023,EEE,REGULAR,0.2915825272079147,-0.4748870083506293,-0.13014668271343496
7478,REG2021CE07478,2021,CE,REGULAR,-0.04295655477810624,-0.9510552644897303,-0.17420477097713544
7479,REG2022CSE07479,2022,CSE,REGULAR,-0.48118419864123063,0.8346974706036837,-0.625463216237881
7480,REG2021ME07480,2021,ME,LATERAL_ENTRY,-1.0983147672613123,0.7973112657151469,-0.9415460778013854
7481,REG2020CE07481,2020,CE,REGULAR,-0.7747147026128672,0.46009513316183404,1.1948967770934071
7482,REG2022ME07482,2022,ME,REGULAR,0.35648481846392266,-0.7576132695764927,-0.879168519748225
7483,REG2023CE07483,2023,CE,REGULAR,0.8288334179337168,-0.9319170000164546,-0.29360181961307924
7484,REG2021ECE07484,2021,ECE,REGULAR,0.17693927012393515,-1.2087823518582959,0.6689857669531774
7485,REG2022EEE07485,2022,EEE,REGULAR,-0.843892212388562,-0.5363233564594823,-1.2332737506431042
7486,REG2020CE07486,2020,CE,REGULAR,0.01433191908718468,-0.23536637680609968,0.4431810435752732
7487,REG2020EEE07487,2020,EEE,LATERAL_ENTRY,-0.053743802689995034,0.1573813250254439,0.49633841042213556
7488,REG2022CSE07488,2022,CSE,REGULAR,1.5812024390496109,-0.957833265296957,-0.6208481387681567
7489,REG2023CSE07489,2023,CSE,REGULAR,-0.8668488313361002,1.1546133895304498,0.8591225016249567
7490,REG2021EEE07490,2021,EEE,REGULAR,0.011104525796866464,1.371118712166028,-1.1161997915407569
7491,REG2021EEE07491,2021,EEE,REGULAR,-0.7681913151764732,-0.49727561340975757,-0.788793371116889
7492,REG2022CE07492,2022,CE,REGULAR,1.2413577450647244,-1.0346636700484777,0.4462006992941518
7493,REG2023CE07493,2023,CE,REGULAR,1.5206054547309742,1.308024666102327,0.8742487625571962
7494,REG2022ME07494,2022,ME,REGULAR,0.03328575021686556,0.5832262483877197,-0.09110879115800444
7495,REG2021ME07495,2021,ME,REGULAR,-0.9761230202446771,0.9055533340413967,-0.8055712587634938
7496,REG2021CE07496,2021,CE,REGULAR,1.6662184062068108,-0.2488988940993073,-1.1179978873308987
7497,REG2022EEE07497,2022,EEE,REGULAR,-0.026128441393824916,-0.11278594338895687,0.2266156866830335
7498,REG2023CSE07498,2023,CSE,REGULAR,-0.3037278923771303,-1.4477960197731747,-1.6950715866941293
7499,REG2021CE07499,2021,CE,REGULAR,-0.12617600146371527,-0.3375032976131062,-1.1107891836563013
7500,REG2022CE07500,2022,CE,REGULAR,0.19728529119858065,-0.7498122927305824,0.2435944859314612
7501,REG2020EEE07501,2020,EEE,REGULAR,-0.5818204042217194,-2.848696631694469,0.07020505818635919
7502,REG2023CSE07502,2023,CSE,REGULAR,-1.8181345411891807,0.34234688122556767,-0.8533610471297112
7503,REG2022ME07503,2022,ME,REGULAR,0.4693647704321908,0.2833982545445287,-0.9476728672231384
7504,REG2020ECE07504,2020,ECE,REGULAR,0.2778257241407051,-1.7102885737630669,-0.07154506267199397
7505,REG2022ECE07505,2022,ECE,REGULAR,-0.11691280122909381,-0.13035363422617435,0.6064258054982006
7506,REG2021ECE07506,2021,ECE,REGULAR,-0.6688457376238961,1.3252101125048759,0.834857144583061
7507,REG2020CSE07507,2020,CSE,REGULAR,0.3360742024969569,-0.8412779625566461,0.7676513048565078
7508,REG2020EEE07508,2020,EEE,REGULAR,-0.4764500619277429,-1.3560692429916057,-2.4528273546879737
7509,REG2021CSE07509,2021,CSE,LATERAL_ENTRY,1.4808461869797849,1.9211093337176508,0.05395225141648279
7510,REG2022CSE07510,2022,CSE,REGULAR,1.2119233767367341,0.057911077588640884,-0.4363564032959452
7511,REG2021CE07511,2021,CE,REGULAR,0.031448244425576706,-0.48469732227287593,0.517251191056677
7512,REG2021ECE07512,2021,ECE,REGULAR,-1.3009086558349308,-0.42144908182557056,-0.2100251486668058
7513,REG2023CSE07513,2023,CSE,REGULAR,0.7142254756818237,-0.15416523256057643,1.0060690599783573
7514,REG2021ME07514,2021,ME,REGULAR,0.048611622517223535,-1.1855240533778095,0.132797305165055
7515,REG2021ME07515,2021,ME,LATERAL_ENTRY,-0.4827946068847085,0.2401562509463519,-0.9018516224425258
7516,REG2021CE07516,2021,CE,REGULAR,-0.22550327378180124,-0.38347843261692305,0.21548949658890965
7517,REG2020ECE07517,2020,ECE,REGULAR,-0.443359875770757,-1.7351562868145547,-0.5152104208285958
7518,REG2020EEE07518,2020,EEE,REGULAR,0.2411717115232625,1.006161898732486,0.11201879419688725
7519,REG2021CSE07519,2021,CSE,REGULAR,1.5372627743031764,-0.11959917496180072,-1.3374428653284094
7520,REG2021CE07520,2021,CE,REGULAR,-1.302576313576046,-1.3263267651941808,-0.3055858737208037
7521,REG2020CE07521,2020,CE,REGULAR,-0.5174571950804094,0.7694281045202713,-2.3947719930737597
7522,REG2023CE07522,2023,CE,REGULAR,-0.08248661122830968,-1.5336858334078363,2.4275702999638202
7523,REG2023ME07523,2023,ME,LATERAL_ENTRY,-0.5468587027880552,-2.4341820402198016,0.8120484462545223
7524,REG2023ME07524,2023,ME,REGULAR,-0.8082182918907643,-0.6108239556042889,1.9327958553329974
7525,REG2020CSE07525,2020,CSE,REGULAR,0.18949453678351622,0.6171092313643494,0.7945460175837396
7526,REG2021ECE07526,2021,ECE,REGULAR,0.5556286034632429,-0.09197384491698583,0.6935592581301281
7527,REG2022ME07527,2022,ME,REGULAR,0.3914343449942616,-1.7550897414301345,-0.5621739324207282
7528,REG2022CSE07528,2022,CSE,REGULAR,-0.6622494893675276,0.0012791803695095818,1.413788520778428
7529,REG2021CSE07529,2021,CSE,REGULAR,-0.599472443644554,0.3374663870861108,1.223707890358543
7530,REG2021ME07530,2021,ME,REGULAR,-0.08650890768996963,-0.5130549641522952,1.032283660377124
7531,REG2021CE07531,2021,CE,REGULAR,1.4007810830923428,-0.16643252864627922,-0.01028204431050119
7532,REG2021ME07532,2021,ME,REGULAR,0.03867876578776862,0.5000584180881553,0.0998697249875649
7533,REG2020EEE07533,2020,EEE,REGULAR,0.10459325606556627,1.4583611832801613,-1.3679148884707935
7534,REG2022CE07534,2022,CE,REGULAR,0.8511971837090934,0.037147222849864624,0.9703336665563925
7535,REG2022ECE07535,2022,ECE,REGULAR,0.20599993215429577,0.472982086456569,0.2920196254783972
7536,REG2020ECE07536,2020,ECE,REGULAR,-0.47218485213943423,-0.9467108319750464,0.2765185143956538
7537,REG2021CE07537,2021,CE,LATERAL_ENTRY,0.10310534562749778,0.6969545386090122,-0.18873257566585433
7538,REG2020CE07538,2020,CE,REGULAR,1.6019518552040932,-1.1388178023815243,-0.11632082874347092
7539,REG2023CE07539,2023,CE,REGULAR,-1.6998981581982293,-1.2395221301412538,1.1483623734017194
7540,REG2023EEE07540,2023,EEE,LATERAL_ENTRY,1.4216689721241142,0.23210075373558897,0.1388714363793723
7541,REG2020ECE07541,2020,ECE,REGULAR,2.107556999930173,1.7675446527119265,1.4161423815417427
7542,REG2023EEE07542,2023,EEE,REGULAR,1.7950589674972575,-0.12490960503918817,0.23540025052057978
7543,REG2020ECE07543,2020,ECE,REGULAR,0.29660525554701433,-1.5661210835533308,0.13764164045635982
7544,REG2020ECE07544,2020,ECE,LATERAL_ENTRY,-0.9947728850761446,-1.0829147798061058,-0.8645206913521939
7545,REG2020EEE07545,2020,EEE,REGULAR,-1.1891570439014074,-0.9281767213885385,-1.8833410309728926
7546,REG2022EEE07546,2022,EEE,REGULAR,1.102267299108106,-1.1245447492716942,-1.359446190381051
7547,REG2022ECE07547,2022,ECE,REGULAR,2.872329726237716,-0.4401863944766168,0.47347375223794425
7548,REG2023ME07548,2023,ME,REGULAR,-0.11958914536627094,1.153917664836442,0.5954759532274218
7549,REG2022CSE07549,2022,CSE,LATERAL_ENTRY,0.949870942619829,-0.7193218809450243,0.4699139805028872
7550,REG2023CE07550,2023,CE,REGULAR,0.8693366270607038,1.7890227409090098,-0.6446133060420489
7551,REG2022EEE07551,2022,EEE,REGULAR,0.6032003423308876,-0.012713547711493566,0.25309919619957183
7552,REG2021ECE07552,2021,ECE,REGULAR,1.2872463713031805,0.312067049088575,2.418652748347886
7553,REG2023CSE07553,2023,CSE,REGULAR,-1.3705529527607008,0.7244185306649547,0.8722268801817192
7554,REG2022ECE07554,2022,ECE,REGULAR,0.3127231467873003,0.8554277491244064,1.2400282618429634
7555,REG2020CE07555,2020,CE,REGULAR,0.6320990777021411,-0.132542862202931,-0.05043398467809789
7556,REG2021CSE07556,2021,CSE,REGULAR,0.463205681874362,-2.071969112087902,0.4217114626004865
7557,REG2023CSE07557,2023,CSE,REGULAR,-0.6791151792049932,-0.9568028806037673,-1.234475437568455
7558,REG2020ECE07558,2020,ECE,LATERAL_ENTRY,0.665172116819818,0.007269833344320656,-1.156071630649999
7559,REG2020CE07559,2020,CE,REGULAR,-1.0373045501135967,-0.1018380238601881,-1.017483724868624
7560,REG2020CE07560,2020,CE,REGULAR,-0.696822435154023,-0.32377880814480114,-0.8036315744291775
7561,REG2020CE07561,2020,CE,REGULAR,0.1760366325374538,-0.3237595544611862,1.6027783082127383
7562,REG2023CSE07562,2023,CSE,REGULAR,-2.7747651726247935,2.1439397734505996,1.3169544474315515
7563,REG2020CE07563,2020,CE,REGULAR,1.231725173710496,0.5118966697671699,-0.07315782292742254
7564,REG2023CE07564,2023,CE,REGULAR,0.5658496827544213,0.38016204116175073,1.0487245414867004
7565,REG2020EEE07565,2020,EEE,REGULAR,0.2966507616578671,1.3822390636226343,0.7839759410154511
7566,REG2022EEE07566,2022,EEE,REGULAR,-1.1630671542720423,1.1641135237115698,0.0328195129298009
7567,REG2020CE07567,2020,CE,REGULAR,-0.6945944069912875,1.2079455697522943,0.1979564866991803
7568,REG2022ECE07568,2022,ECE,LATERAL_ENTRY,-0.09978781342697644,-0.7357455536280098,1.200996333626334
7569,REG2020ME07569,2020,ME,LATERAL_ENTRY,0.3413083973938672,1.1497819126384554,0.3810116762455064
7570,REG2021CE07570,2021,CE,REGULAR,-0.2445601988030102,-0.09081759815444095,-0.7019184787371308
7571,REG2021CSE07571,2021,CSE,LATERAL_ENTRY,0.5187680446311247,-1.614522523521391,0.5493988336672512
7572,REG2021ECE07572,2021,ECE,REGULAR,-0.7251253544177355,1.5275388581443612,0.3334179214902787
7573,REG2021EEE07573,2021,EEE,REGULAR,2.1381855203112696,0.9590428665379258,0.5653565489307475
7574,REG2022ME07574,2022,ME,REGULAR,-0.7689205477467435,0.5043975703896574,-1.0385969291087205
7575,REG2020EEE07575,2020,EEE,REGULAR,-0.0962041606978888,0.9766251672613951,0.9035799954641509
7576,REG2021EEE07576,2021,EEE,REGULAR,0.017431516709060322,1.1456779058700721,-0.5625148732527344
7577,REG2020CSE07577,2020,CSE,REGULAR,-1.6809871411101105,0.3210083110749873,0.10691391709630944
7578,REG2020ME07578,2020,ME,REGULAR,0.6168889793138191,-0.013987454826056097,-0.29828469699655574
7579,REG2022CE07579,2022,CE,REGULAR,1.0252814649877688,1.2782709637128524,-2.2578206637350964
7580,REG2021ECE07580,2021,ECE,REGULAR,1.0698141060334616,-0.5255720510710724,-0.3022414555354242
7581,REG2023EEE07581,2023,EEE,REGULAR,-2.7377916376110782,0.31327702033125526,-1.1589670060402184
7582,REG2020CE07582,2020,CE,REGULAR,-1.3383393546460325,0.48433134883109386,1.1669559475738227
7583,REG2022EEE07583,2022,EEE,REGULAR,0.5345478010892167,0.23403965853332048,-0.4682741736274495
7584,REG2022ECE07584,2022,ECE,REGULAR,-0.27394032012020164,-0.10530411716071425,-0.017765963450934737
7585,REG2022EEE07585,2022,EEE,REGULAR,0.6325152962980053,1.0709785146648465,-0.523832842025665
7586,REG2023EEE07586,2023,EEE,REGULAR,0.6921082975181354,-0.46888027088257145,0.7522523692984817
7587,REG2023ECE07587,2023,ECE,LATERAL_ENTRY,1.5112714424012628,-1.1797055745626162,0.6767561493932592
7588,REG2020EEE07588,2020,EEE,REGULAR,-0.04661930981369215,0.45200428869478604,-0.07746516391719176
7589,REG2021EEE07589,2021,EEE,REGULAR,-0.17058463743294044,0.7681204428161078,1.581920477561864
7590,REG2020CSE07590,2020,CSE,REGULAR,0.1891693219635376,-0.6548192871977869,2.184276755260409
7591,REG2023ME07591,2023,ME,REGULAR,1.276814341096835,-0.5326859010596026,1.0456928739020521
7592,REG2020EEE07592,2020,EEE,REGULAR,1.1310633035629,-0.4547958324349599,0.6533141120125204
7593,REG2022ME07593,2022,ME,REGULAR,0.667613223915576,0.9835325802393031,-0.7589280867455472
7594,REG2022CE07594,2022,CE,REGULAR,0.9649825207966115,-1.5193420734923568,-1.0976103535087083
7595,REG2023ME07595,2023,ME,REGULAR,0.04324399659815945,0.04497972732860987,-0.5400180771324748
7596,REG2020ECE07596,2020,ECE,REGULAR,0.6160788719192721,-0.2684898596883967,-0.0222621896151464
7597,REG2021ECE07597,2021,ECE,REGULAR,0.30092443700754573,0.7658357137480409,-0.1539272783239065
7598,REG2021CE07598,2021,CE,REGULAR,-2.2650781819055688,-1.4382485125368092,0.69588402210372
7599,REG2022CE07599,2022,CE,REGULAR,2.061431732112805,0.5492092743321109,0.7681043711325563
7600,REG2022CSE07600,2022,CSE,REGULAR,0.5215915790317449,-0.6912432930783127,-0.4234961972335274
7601,REG2023ECE07601,2023,ECE,REGULAR,1.2952966383641364,1.6944700344430093,-1.7298183487890757
7602,REG2023CSE07602,2023,CSE,REGULAR,1.6023044050821587,0.14982636198908694,-2.084332715590034
7603,REG2021ECE07603,2021,ECE,REGULAR,-1.2208899520604224,-1.2635470426753062,1.855089807871467
7604,REG2021EEE07604,2021,EEE,REGULAR,0.13310466985615182,0.8133287087102649,-0.50034496415265
7605,REG2020ECE07605,2020,ECE,REGULAR,-0.2722092971879174,0.16205153478055484,0.1995166081836364
7606,REG2021EEE07606,2021,EEE,REGULAR,1.9124949567565936,-0.7464219985002193,1.6672439730730535
7607,REG2020EEE07607,2020,EEE,REGULAR,1.3982866399275018,0.28274648886365206,0.8174834784143035
7608,REG2021ME07608,2021,ME,REGULAR,0.3057432821790959,-0.6508867330520184,-1.163615691840867
7609,REG2022CE07609,2022,CE,REGULAR,0.5815495318145644,0.4640157248082796,0.3613444747665939
7610,REG2022CSE07610,2022,CSE,LATERAL_ENTRY,-0.02298852505559357,0.14742343179023823,1.4378901396970414
7611,REG2021ME07611,2021,ME,REGULAR,-1.990245774289512,-0.14881070769254232,-0.8107375513606467
7612,REG2020EEE07612,2020,EEE,REGULAR,-0.3662241077442702,1.2542758681465318,0.42477294854537584
7613,REG2023ECE07613,2023,ECE,REGULAR,-0.9635189862144269,1.9297232472536574,-0.17222325006049855
7614,REG2023ECE07614,2023,ECE,REGULAR,1.0393259318504613,-0.0921159733131914,0.6979670796561758
7615,REG2022CE07615,2022,CE,LATERAL_ENTRY,0.26720655119084413,0.6194422235808872,1.83528575614997
7616,REG2023ME07616,2023,ME,LATERAL_ENTRY,-1.3804753538027281,0.43233420995592614,1.6365195366142646
7617,REG2023CSE07617,2023,CSE,REGULAR,0.17941665578241323,1.359493702188733,-0.7887251533782541
7618,REG2022CE07618,2022,CE,REGULAR,-1.0140884979492075,-0.2916074837743749,-0.2881468896381896
7619,REG2020ECE07619,2020,ECE,REGULAR,0.3749015427999338,0.39764497401543053,0.4670593545708863
7620,REG2021ECE07620,2021,ECE,REGULAR,-0.7922234617203057,-1.1653032568721822,0.30948868405498325
7621,REG2020CSE07621,2020,CSE,REGULAR,-0.7349794191073564,0.45500258430957663,-0.7823242936305489
7622,REG2020EEE07622,2020,EEE,LATERAL_ENTRY,0.3815811597366491,0.4940090670129031,0.06285217295949035
7623,REG2021ME07623,2021,ME,REGULAR,-0.47258203671350335,-0.23243834878877506,1.268070600795232
7624,REG2023CSE07624,2023,CSE,REGULAR,-0.6944361959530929,0.5050802030536719,-1.2354175163283678
7625,REG2022CSE07625,2022,CSE,REGULAR,1.1111584597964665,0.5578278862708259,-2.0878460625021837
7626,REG2021CE07626,2021,CE,REGULAR,0.6775611094342914,-1.6795781468892717,0.15479938264174953
7627,REG2023ECE07627,2023,ECE,REGULAR,-0.018458810289453426,-0.41084517180512076,-1.7376200172511338
7628,REG2022CSE07628,2022,CSE,REGULAR,0.32344682997512875,1.307287922136821,-1.298715991941237
7629,REG2021ME07629,2021,ME,REGULAR,-0.6882614475232963,0.7800120015428897,0.7033777899369346
7630,REG2021CE07630,2021,CE,LATERAL_ENTRY,1.237359715735833,0.1175786509243086,-0.5464203942017335
7631,REG2021CSE07631,2021,CSE,REGULAR,-1.7291275491339726,-1.137265242929425,-0.5879841331636343
7632,REG2021ECE07632,2021,ECE,REGULAR,0.21979895672019445,-1.4608379850427804,-0.11749493303840568
7633,REG2020ME07633,2020,ME,REGULAR,0.671507073057702,0.19730837768698647,1.2762895737441151
7634,REG2023ME07634,2023,ME,REGULAR,1.4858875488321803,-0.6658538744454136,0.530608917469356
7635,REG2020EEE07635,2020,EEE,REGULAR,2.2961448075338673,-2.0876336273996565,0.29071855275223685
7636,REG2022CSE07636,2022,CSE,LATERAL_ENTRY,1.8477762322567386,0.3417423685006843,-0.40463571675509863
7637,REG2020CSE07637,2020,CSE,REGULAR,0.2828071517628723,-0.09661154792410465,1.1539541831609117
7638,REG2023CE07638,2023,CE,REGULAR,0.9138122546029501,-0.5595227825154547,0.19708407189956512
7639,REG2023ECE07639,2023,ECE,REGULAR,-0.019434857506262455,0.14178812941653335,0.21084128371269556
7640,REG2023CE07640,2023,CE,REGULAR,0.9008557316305201,0.038645145484579695,-0.31710603616642297
7641,REG2023CSE07641,2023,CSE,REGULAR,1.8243783904791,-1.0418552149661806,0.20460922377599047
7642,REG2020ME07642,2020,ME,LATERAL_ENTRY,0.7113059641874001,-0.2843758413423561,0.4160823712415787
7643,REG2023ECE07643,2023,ECE,REGULAR,1.1311487114410903,-0.09842589937364926,-0.8798358653050685
7644,REG2022EEE07644,2022,EEE,REGULAR,0.7928981475869075,-2.1064635146211224,-1.250552273921282
7645,REG2021CE07645,2021,CE,REGULAR,-0.9743038287992779,-0.5017464175999206,-0.9732727416167075
7646,REG2021CSE07646,2021,CSE,REGULAR,0.8992650568800498,-0.8337929205926862,-0.24218504921974188
7647,REG2021ECE07647,2021,ECE,REGULAR,0.22077583118223745,-1.0325899839941297,-0.7108681023064539
7648,REG2022CSE07648,2022,CSE,REGULAR,-0.1891901217668103,-0.10195791716665815,0.28365730086989777
7649,REG2021ECE07649,2021,ECE,REGULAR,1.6341134228229575,-0.005921424797771303,0.9813754037000924
7650,REG2022ME07650,2022,ME,REGULAR,-1.3408566391346841,-1.2613724847871297,-1.5912692370659207
7651,REG2021CSE07651,2021,CSE,REGULAR,0.2185457013348766,-0.6829825082760399,-2.0371683456073573
7652,REG2023ME07652,2023,ME,LATERAL_ENTRY,-0.37204488290242393,-0.2537238128444454,0.6318112150629391
7653,REG2022ECE07653,2022,ECE,REGULAR,0.1374036510914447,-0.7470593429388069,0.08801138215993357
7654,REG2020ECE07654,2020,ECE,REGULAR,-1.9662740949042303,-0.041264041072232596,-0.13935991961515748
7655,REG2020EEE07655,2020,EEE,LATERAL_ENTRY,-1.3361130361894158,1.0971694367292044,0.40063322679977004
7656,REG2022CSE07656,2022,CSE,REGULAR,-0.9189380923889555,0.36090366298511395,-1.5082971058192869
7657,REG2022EEE07657,2022,EEE,REGULAR,0.2961347484327854,-0.5896105700927029,1.459733262672208
7658,REG2022ME07658,2022,ME,REGULAR,-0.5784042003116507,-1.4335068889800686,1.0229255033526947
7659,REG2022CE07659,2022,CE,REGULAR,-0.3094214841017079,-1.3845825646433574,0.6804189700383071
7660,REG2022ME07660,2022,ME,LATERAL_ENTRY,0.7384151078781547,-0.1690641899673176,0.10874569748853173
7661,REG2021CE07661,2021,CE,LATERAL_ENTRY,-0.5064350256459581,0.3491491629773274,-0.03190986812711955
7662,REG2021CE07662,2021,CE,REGULAR,-0.9610306080959707,0.8239022833577503,0.7388723796257234
7663,REG2022CSE07663,2022,CSE,REGULAR,0.11137653711753988,0.5403556443157552,0.17994261635516196
7664,REG2020CE07664,2020,CE,REGULAR,0.1741095297198662,-0.8091062594459979,-0.2746802287671947
7665,REG2023EEE07665,2023,EEE,REGULAR,2.0024655282988926,0.3106020574774382,-1.1623327477661922
7666,REG2022CE07666,2022,CE,LATERAL_ENTRY,0.8569180104929677,2.4415825273627196,0.07458472710450369
7667,REG2021EEE07667,2021,EEE,REGULAR,-0.39132207752028364,-0.9317567818050291,0.7682538372578852
7668,REG2022CSE07668,2022,CSE,REGULAR,-1.9614555620403007,0.9219291503557765,-0.3994212511808448
7669,REG2023EEE07669,2023,EEE,REGULAR,0.48074644502970226,-0.1736071991991801,2.71460321984963
7670,REG2020EEE07670,2020,EEE,REGULAR,-0.33475962247921215,-0.34311751015212627,0.9686277798446138
7671,REG2020EEE07671,2020,EEE,REGULAR,-1.6014891280380679,-0.07950039525539465,0.10198549378168419
7672,REG2023ME07672,2023,ME,REGULAR,-0.4039036383165599,1.0491395386766336,0.49312273505363696
7673,REG2020ME07673,2020,ME,LATERAL_ENTRY,1.5393663028842566,0.08121213732536764,-0.9135549117157787
7674,REG2021ECE07674,2021,ECE,REGULAR,0.8887467215456054,-0.4945887074371627,-0.47602700228031397
7675,REG2020CE07675,2020,CE,REGULAR,-1.3091572348532603,-0.19360306694182836,-0.1593847223973516
7676,REG2023ECE07676,2023,ECE,REGULAR,1.5119575217690437,1.3892546685704534,-1.2063950629562605
7677,REG2021ECE07677,2021,ECE,REGULAR,1.58196546353633,0.21416688456556476,-0.210675549852672
7678,REG2020CSE07678,2020,CSE,REGULAR,1.2392329661086356,-0.6369645123050129,0.8504863440927882
7679,REG2023CE07679,2023,CE,LATERAL_ENTRY,-1.1480891731799108,0.8407378375276215,1.6935048273580655
7680,REG2020ME07680,2020,ME,REGULAR,-0.21881272742588856,-0.09154675901751251,2.5532147079803194
7681,REG2023ECE07681,2023,ECE,REGULAR,0.8388112989191512,1.1027888897386973,-0.5737673849735989
7682,REG2020ME07682,2020,ME,REGULAR,-0.8462228907844015,0.1917559871798749,0.4180433278160321
7683,REG2020CSE07683,2020,CSE,REGULAR,-0.6904523086426244,-0.35389869623527787,-0.7277377703443038
7684,REG2021EEE07684,2021,EEE,REGULAR,0.7602267497895332,0.41993912671393824,1.2457098008923742
7685,REG2022CSE07685,2022,CSE,REGULAR,-0.7405451279910055,-0.6293290227653638,-0.3595843987296301
7686,REG2021CE07686,2021,CE,REGULAR,-0.9023705503326686,0.8799524810632624,0.9255233109024361
7687,REG2020ME07687,2020,ME,REGULAR,-0.8016217753583335,0.8330031954806495,0.23999667171860187
7688,REG2021EEE07688,2021,EEE,REGULAR,-0.36527538958389266,0.0946198977847677,1.0606458181492784
7689,REG2023EEE07689,2023,EEE,LATERAL_ENTRY,0.8912278712918772,0.8146387134625491,-0.3790646796405542
7690,REG2023ECE07690,2023,ECE,REGULAR,0.11674829321912303,-0.4016703090941095,-0.3629770779469078
7691,REG2020ECE07691,2020,ECE,REGULAR,-0.15872686885329557,-0.5258477638676445,0.662841769223382
7692,REG2022ME07692,2022,ME,REGULAR,-0.8091288985646569,1.3604183878015916,1.7337990341370537
7693,REG2023CSE07693,2023,CSE,REGULAR,0.3441858355951282,-0.7177862563134088,3.280299589689118
7694,REG2023EEE07694,2023,EEE,REGULAR,0.6140713589847901,-2.635443085703137,-0.7835650316162242
7695,REG2023ME07695,2023,ME,REGULAR,0.2849571287690822,-0.05638493192132222,0.7623436922844024
7696,REG2020CE07696,2020,CE,REGULAR,-0.7138815205328286,-0.7290452303384575,-2.011615639708594
7697,REG2022EEE07697,2022,EEE,REGULAR,-0.2524296068277821,-0.7605556986756219,-1.4553110775298006
7698,REG2020CSE07698,2020,CSE,REGULAR,-0.6614128892058089,-0.9989254810529412,-0.18194699476754808
7699,REG2021ECE07699,2021,ECE,LATERAL_ENTRY,0.8882559297797592,-2.458339114874657,-0.6244968835251916
7700,REG2022CE07700,2022,CE,REGULAR,2.5090746618343527,0.16891820726528606,-1.0984874547196228
7701,REG2022ECE07701,2022,ECE,REGULAR,-0.5199592747275738,1.331279164157392,1.4663447924193551
7702,REG2021CE07702,2021,CE,REGULAR,-0.886637936943012,-0.43507487568699355,-1.902373695845279
7703,REG2023CSE07703,2023,CSE,LATERAL_ENTRY,-0.7992424698232837,1.1091562121342922,0.37154062774384156
7704,REG2022ECE07704,2022,ECE,REGULAR,-1.7287659165830336,-0.10068455627168088,-1.4187442207098917
7705,REG2021CE07705,2021,CE,REGULAR,-0.4176943399588643,0.9172435534165869,-0.8900405090085606
7706,REG2021ME07706,2021,ME,REGULAR,-0.12733917915315662,-0.38220523538307527,0.3542135957379711
7707,REG2020ECE07707,2020,ECE,REGULAR,1.8409193802032255,-0.6519798816462198,0.3173859359903058
7708,REG2023CSE07708,2023,CSE,LATERAL_ENTRY,-0.015325997586277765,-1.1344739175575103,-0.2850720974046158
7709,REG2023CE07709,2023,CE,REGULAR,1.4795169297141542,0.9458520366171795,1.240557900521476
7710,REG2022CSE07710,2022,CSE,REGULAR,-2.0322766096512854,0.4089254624218011,0.8960273456611808
7711,REG2020CSE07711,2020,CSE,REGULAR,0.2721249055620411,-0.03226934190989595,-0.4576976655533908
7712,REG2021CE07712,2021,CE,REGULAR,-2.0003773444196105,1.7453325317298087,0.07344076326339087
7713,REG2020ECE07713,2020,ECE,REGULAR,1.865060686152523,0.3154669464639865,0.3536332868828189
7714,REG2021CSE07714,2021,CSE,REGULAR,1.9471396841121111,0.12484972765880047,2.917650094618402
7715,REG2020ECE07715,2020,ECE,REGULAR,-0.21249277461222665,-0.21752416453152207,0.39890271037537245
7716,REG2021CSE07716,2021,CSE,LATERAL_ENTRY,-0.14513482997636867,1.0870359510550922,0.9640809032335813
7717,REG2023ECE07717,2023,ECE,REGULAR,-0.025450111728830882,-1.6163055679932956,-0.7860686292596298
7718,REG2021ECE07718,2021,ECE,REGULAR,-1.8309260819229232,0.8699006263944566,-1.3835728755185084
7719,REG2021ECE07719,2021,ECE,REGULAR,0.7479064407234323,1.1713424115085216,-0.35342454131103057
7720,REG2023CE07720,2023,CE,LATERAL_ENTRY,0.31063749893979387,0.783558079083946,1.3033449887867108
7721,REG2022ECE07721,2022,ECE,REGULAR,1.0318168342239267,0.580701836897825,-0.12504554572252996
7722,REG2023ME07722,2023,ME,REGULAR,-0.4740498833600123,0.7921911853127348,0.09068826604081519
7723,REG2023EEE07723,2023,EEE,REGULAR,-0.3860490822851164,0.029018734725870104,-0.04624580089035779
7724,REG2023CSE07724,2023,CSE,REGULAR,0.744529923983464,-1.3920938025032232,-1.084166203198927
7725,REG2020CE07725,2020,CE,REGULAR,-1.452316962541771,-0.07625624734670776,-2.071307149181846
7726,REG2022EEE07726,2022,EEE,REGULAR,-0.6590606902306375,-1.5695123922534073,1.6568213711385094
7727,REG2021ECE07727,2021,ECE,REGULAR,2.3125106305850402,0.6601624423212223,-0.1886780658071297
7728,REG2023EEE07728,2023,EEE,LATERAL_ENTRY,0.2555644714192035,-0.6871678771417935,-1.480924691176855
7729,REG2023CE07729,2023,CE,REGULAR,1.4127534702217353,0.3943661558755349,0.10458153815102317
7730,REG2022CSE07730,2022,CSE,REGULAR,-0.6022050504347815,-0.2861634302199443,-1.2082117898992677
7731,REG2023ME07731,2023,ME,REGULAR,-0.9032214965852416,-1.3980461803609983,0.036110735942720545
7732,REG2023ME07732,2023,ME,REGULAR,-0.6794140168160862,-0.5126179308392247,0.6915695537015364
7733,REG2020EEE07733,2020,EEE,REGULAR,2.9866566441292774,-0.336592873303515,0.7802414539196353
7734,REG2020CE07734,2020,CE,REGULAR,0.693987390145682,-1.6324797446677166,0.2447892947661827
7735,REG2020CE07735,2020,CE,REGULAR,1.2684799786727121,0.6247481354098444,0.020098549612709852
7736,REG2023ECE07736,2023,ECE,REGULAR,-0.36894979197422756,-0.2140882142160113,-1.1816703175667822
7737,REG2023CSE07737,2023,CSE,REGULAR,-0.6055963721206181,0.7232861731988739,-0.16154779605360847
7738,REG2022CSE07738,2022,CSE,REGULAR,2.1415060233542356,0.3521067959375685,-0.3359572784422956
7739,REG2023EEE07739,2023,EEE,LATERAL_ENTRY,0.5811068963682248,-1.376880576302599,1.3409784386048873
7740,REG2021EEE07740,2021,EEE,REGULAR,-0.05078991697300119,-1.5057883420468299,0.5958097254061706
7741,REG2022ECE07741,2022,ECE,REGULAR,-0.13030062499669742,0.3789275656833261,-0.08799424784569565
7742,REG2022ME07742,2022,ME,REGULAR,-2.2467509439556443,-0.24438025042233152,0.18969099524243158
7743,REG2022CSE07743,2022,CSE,REGULAR,0.05246963295186832,-0.4531032405073805,-1.903473485861237
7744,REG2021EEE07744,2021,EEE,REGULAR,-0.331884256545649,-0.3018087446603257,-0.48302045884931943
7745,REG2023ECE07745,2023,ECE,REGULAR,-2.0483053901835016,-0.04826840520211626,-0.7806706380176772
7746,REG2022CSE07746,2022,CSE,LATERAL_ENTRY,-0.8880511182730211,0.8630718477962528,0.38738358306242887
7747,REG2023CSE07747,2023,CSE,REGULAR,0.5724294463977241,-0.6377319631499929,-0.7857751523064146
7748,REG2023EEE07748,2023,EEE,REGULAR,-1.1385788851296799,-0.030661699050281828,-1.2972496243325686
7749,REG2020ME07749,2020,ME,REGULAR,0.03035620215391579,0.4591779721754258,-0.8362143338503366
7750,REG2021EEE07750,2021,EEE,REGULAR,1.2967912071044374,-0.5265160656960326,1.0651487618013438
7751,REG2021ECE07751,2021,ECE,REGULAR,0.5678434201200638,-0.17787218108138228,-1.5511559386676572
7752,REG2023EEE07752,2023,EEE,REGULAR,0.37769788529418336,0.4303994423691618,0.36376866985654427
7753,REG2020ME07753,2020,ME,REGULAR,-1.1599641145805322,-0.5944896367743167,0.22632323335668744
7754,REG2023ME07754,2023,ME,REGULAR,0.39841467931256686,-1.3248890665554582,-0.9923821400716293
7755,REG2020CE07755,2020,CE,REGULAR,-1.6542680804679752,0.25818434026575304,0.04788139038702029
7756,REG2023EEE07756,2023,EEE,REGULAR,1.0114080083640145,-2.2808329873883673,-0.007135435830506541
7757,REG2022EEE07757,2022,EEE,REGULAR,-1.2260471315643908,0.22837897974690588,0.3334334458061785
7758,REG2020ME07758,2020,ME,REGULAR,0.6309440464729317,-0.9320495586426609,-1.432575172353369
7759,REG2023ME07759,2023,ME,REGULAR,-0.3409601455049047,-0.9750363855260817,0.5734947318590506
7760,REG2021CSE07760,2021,CSE,REGULAR,-1.4533127120876819,-0.5725720755613151,-1.3780114000616408
7761,REG2021EEE07761,2021,EEE,REGULAR,-0.9406250394130174,-2.7896089309334213,-0.16044586797413543
7762,REG2021EEE07762,2021,EEE,REGULAR,0.35859441191518904,0.8115027064318429,1.0223762574244382
7763,REG2021CE07763,2021,CE,LATERAL_ENTRY,-0.12310633584240911,-0.22654893719736055,-0.2895601560974556
7764,REG2023EEE07764,2023,EEE,REGULAR,0.14255538248742033,0.508615963703924,1.3958633185056961
7765,REG2021ME07765,2021,ME,REGULAR,0.9089117241666606,-0.4458782152061138,-0.0009418654939958937
7766,REG2021ME07766,2021,ME,REGULAR,-0.6044837085446303,-0.2985886880661514,-0.6545537832511148
7767,REG2022CSE07767,2022,CSE,REGULAR,0.42109428803300475,1.9876060202638608,0.8676092572377708
7768,REG2020CE07768,2020,CE,REGULAR,0.3297739164974194,-1.1660739258462574,0.8434408590816379
7769,REG2020CSE07769,2020,CSE,REGULAR,0.3619689520542976,-0.16149221830020272,2.282860838122467
7770,REG2020CSE07770,2020,CSE,REGULAR,-0.5516742127327543,-1.2377954136365894,1.116424835492639
7771,REG2022CSE07771,2022,CSE,REGULAR,-0.8237744452579563,0.8042218629449926,0.9143698157407921
7772,REG2022EEE07772,2022,EEE,REGULAR,0.45532839195922237,0.4916671059110215,0.27720183348989386
7773,REG2021ECE07773,2021,ECE,REGULAR,0.2548178757244814,0.9569017644237404,1.119761878554883
7774,REG2022EEE07774,2022,EEE,REGULAR,0.4124529289106525,0.21188691352859793,-1.0868667555714042
7775,REG2021CSE07775,2021,CSE,REGULAR,-1.249190337217936,2.061417208966786,0.2631372818131559
7776,REG2021ME07776,2021,ME,REGULAR,1.351511717504909,-0.4583619270887221,-1.2613264567561333
7777,REG2020CE07777,2020,CE,REGULAR,1.990152701429423,1.1265846814090248,-0.4611791032499991
7778,REG2020ME07778,2020,ME,REGULAR,1.8460542151901937,-0.3148849585798496,0.29877979866838006
7779,REG2021EEE07779,2021,EEE,REGULAR,-0.21506110476622506,1.0312873203977346,0.3926487634397925
7780,REG2021ECE07780,2021,ECE,REGULAR,1.049175711468962,2.112519707563797,0.9798127694325873
7781,REG2020ECE07781,2020,ECE,LATERAL_ENTRY,0.11920989072402413,1.3898945389066508,0.0330532100152261
7782,REG2020CSE07782,2020,CSE,REGULAR,0.1135790765870003,-0.8888473132310045,0.437171189517334
7783,REG2022CE07783,2022,CE,REGULAR,-0.6615642864949199,0.901478259333888,-0.760885632413615
7784,REG2020ME07784,2020,ME,REGULAR,0.27828681346660994,2.712172580902733,0.09312006382797978
7785,REG2023CSE07785,2023,CSE,LATERAL_ENTRY,-0.4920167310804446,0.41014195668516573,0.05013802515706501
7786,REG2020ME07786,2020,ME,REGULAR,-0.283231829277092,-0.5685001555680178,-0.2152199737944095
7787,REG2022ME07787,2022,ME,LATERAL_ENTRY,-0.04680870903808929,0.16595819538606588,-2.3150405288985234
7788,REG2023ECE07788,2023,ECE,REGULAR,-0.2839621517304804,-0.32604380624195645,-0.5008311181092803
7789,REG2021ME07789,2021,ME,REGULAR,1.3665071310180046,0.6235557520194148,-0.12609887133774625
7790,REG2023ECE07790,2023,ECE,LATERAL_ENTRY,2.202439213654845,-0.06447061166188497,-0.8569075455301346
7791,REG2023ME07791,2023,ME,REGULAR,-0.09482560881430213,0.048895850696547866,-0.018613354083096178
7792,REG2020ME07792,2020,ME,LATERAL_ENTRY,-0.4346235762006521,-0.0955053239698488,-0.8981507441598076
7793,REG2020EEE07793,2020,EEE,REGULAR,0.8741899442119067,1.2564876876332116,-0.39577454979180465
7794,REG2020ECE07794,2020,ECE,REGULAR,-0.4447101488194564,-0.0983029268964802,-0.48738862973955766
7795,REG2022CE07795,2022,CE,REGULAR,-0.26754479721964,-0.9274524739248305,0.9251880876707705
7796,REG2020EEE07796,2020,EEE,REGULAR,-1.3244709030981867,1.371011058609733,1.2157638673342774
7797,REG2022CSE07797,2022,CSE,LATERAL_ENTRY,-1.6994600183083812,1.1310459154167332,-0.44914606885119124
7798,REG2020CE07798,2020,CE,REGULAR,1.3502436712934318,-2.2425588117849857,0.23136134120114027
7799,REG2020ECE07799,2020,ECE,REGULAR,0.4361661656994833,0.0701972286062904,0.8914888436658108
7800,REG2020ECE07800,2020,ECE,REGULAR,0.5129316405480331,0.6400106305149419,0.7292409766592112
7801,REG2023CSE07801,2023,CSE,REGULAR,0.5175985956695969,0.19432506813426945,-1.9747935819216604
7802,REG2020EEE07802,2020,EEE,REGULAR,-0.8220217041455778,-0.5843192198258019,-0.14745648849836274
7803,REG2020ECE07803,2020,ECE,REGULAR,-0.732572749333206,0.528725573528106,0.5706063317927088
7804,REG2023ME07804,2023,ME,REGULAR,-1.6894604793310681,0.0001436169539112796,-0.5496336843508681
7805,REG2022ME07805,2022,ME,LATERAL_ENTRY,-1.5594206486267925,-2.7130455760166314,-0.5382866163291334
7806,REG2023CE07806,2023,CE,REGULAR,0.15441167030663364,0.8330420994346656,-0.39842190376086833
7807,REG2023ECE07807,2023,ECE,REGULAR,0.8201590188217659,0.6396004031499287,-1.1892469394568344
7808,REG2022ME07808,2022,ME,REGULAR,-0.20264840352417393,-1.5402136452281998,0.7158125839132023
7809,REG2021ME07809,2021,ME,REGULAR,-0.28622674969508144,0.2313236815164465,0.7521975133902643
7810,REG2020EEE07810,2020,EEE,REGULAR,0.0792225495977896,0.8031919147029065,1.041591918427906
7811,REG2020EEE07811,2020,EEE,REGULAR,-2.5835193568450343,0.5957090626280942,0.2642512699082058
7812,REG2023ME07812,2023,ME,REGULAR,1.0270846972235659,-0.20345208192067094,-0.6201598921148957
7813,REG2021EEE07813,2021,EEE,REGULAR,-0.16893430872241055,-1.4418304021454946,-1.3517573240282699
7814,REG2022CSE07814,2022,CSE,REGULAR,-1.1071569168416227,-0.5606823533830461,0.8353523764501519
7815,REG2022ME07815,2022,ME,REGULAR,-1.3734790897924685,1.1978875809824288,-0.611675505079909
7816,REG2020CE07816,2020,CE,REGULAR,0.3605070960219356,-0.25431011527797415,-0.6438487710736684
7817,REG2023EEE07817,2023,EEE,REGULAR,-0.1919595020507312,0.7095585285523472,-1.261859341736917
7818,REG2023EEE07818,2023,EEE,LATERAL_ENTRY,3.0985647843276873,-0.8455765851154873,0.6981143561828201
7819,REG2022ECE07819,2022,ECE,REGULAR,-0.1361633163505026,0.048491805367348165,-1.3205827873200229
7820,REG2023EEE07820,2023,EEE,REGULAR,-0.7630155041847068,-0.5189974472528162,-0.13263291091448354
7821,REG2020CE07821,2020,CE,REGULAR,0.42117423218616973,-1.3718983976970553,-1.424431010224665
7822,REG2020EEE07822,2020,EEE,LATERAL_ENTRY,0.1681638969057367,3.301832932295419,-0.966335058608843
7823,REG2023ECE07823,2023,ECE,LATERAL_ENTRY,2.326672342987998,1.891841199159447,0.5614144067885987
7824,REG2023ME07824,2023,ME,REGULAR,-1.4186266202480635,1.071770387119327,-0.9899215149852744
7825,REG2020ME07825,2020,ME,REGULAR,0.24586822741088676,-0.7810259895035064,-0.21828402844947753
7826,REG2021CE07826,2021,CE,REGULAR,0.23842734484474312,-0.8531793039489316,0.652318677577792
7827,REG2022CSE07827,2022,CSE,REGULAR,-0.814839360519053,-2.14102162443527,-0.21807681549240904
7828,REG2020ECE07828,2020,ECE,REGULAR,-0.6063715452063068,0.8657720474824149,0.7167244714737464
7829,REG2022ECE07829,2022,ECE,REGULAR,-0.4445489046447416,-0.30592169165937205,-1.7922083481737645
7830,REG2022EEE07830,2022,EEE,REGULAR,-3.171724900017889,0.29220296185550737,-0.6878793620150251
7831,REG2023CSE07831,2023,CSE,REGULAR,-1.012967304318194,0.6084533591728336,0.335365510506301
7832,REG2021ECE07832,2021,ECE,LATERAL_ENTRY,0.6611883364338391,-0.36504855420606525,-0.8208648669016845
7833,REG2021ME07833,2021,ME,LATERAL_ENTRY,0.3091036117202672,0.3569787125537433,-0.2556329869241802
7834,REG2022EEE07834,2022,EEE,REGULAR,0.27973583181061606,0.3561612580731727,0.6616916269696005
7835,REG2023CE07835,2023,CE,REGULAR,0.34748880115342895,-0.5783431157222534,-0.009590477568434426
7836,REG2021EEE07836,2021,EEE,REGULAR,-0.13420901339492036,0.8543713817363457,1.5987429142025695
7837,REG2023CSE07837,2023,CSE,REGULAR,-0.6616486277777388,0.5546217057936816,1.2547294157361877
7838,REG2020EEE07838,2020,EEE,REGULAR,-0.5623999020385347,-0.8344441200532257,0.5489752123456842
7839,REG2020CSE07839,2020,CSE,REGULAR,0.9273120345269271,-1.0455333833695564,-0.23689485262799195
7840,REG2021ECE07840,2021,ECE,REGULAR,0.28441841139848745,-0.8530113086096413,-2.003343978082159
7841,REG2023EEE07841,2023,EEE,REGULAR,-0.2490197436628734,-0.018266049166709257,-0.6592768441234605
7842,REG2021EEE07842,2021,EEE,REGULAR,-1.3122638325531277,0.6378348827616633,-0.7476847829277885
7843,REG2020EEE07843,2020,EEE,REGULAR,-0.40146921448108014,0.12790916211779632,-0.23231252196182997
7844,REG2022CSE07844,2022,CSE,LATERAL_ENTRY,-0.5651504523212486,0.36727478099459976,-0.22760122978948566
7845,REG2023EEE07845,2023,EEE,REGULAR,-0.3635183147600597,-1.541750954917119,-0.9662565999100112
7846,REG2023EEE07846,2023,EEE,REGULAR,0.04510434950974053,0.28461595346505564,-0.164240132075162
7847,REG2020CSE07847,2020,CSE,REGULAR,1.286871921509803,0.21686676129199955,0.10813344228746591
7848,REG2021ECE07848,2021,ECE,REGULAR,0.9325227164793982,-1.223541566041858,0.9352125215054032
7849,REG2022CSE07849,2022,CSE,REGULAR,1.3485357467948802,-1.9775984882140603,1.9244538675012994
7850,REG2022EEE07850,2022,EEE,REGULAR,0.2335549826629377,1.6151625714938898,0.21346770449084654
7851,REG2020CSE07851,2020,CSE,REGULAR,1.3395220360720532,-0.08700181648682684,2.1289256609349434
7852,REG2020ECE07852,2020,ECE,REGULAR,-0.5060892406580055,0.8600298229652509,-0.9638027021457614
7853,REG2022CE07853,2022,CE,REGULAR,-1.0367454026694365,-0.9663099700832523,0.49797871767485735
7854,REG2020ME07854,2020,ME,LATERAL_ENTRY,0.49448834115397894,1.3385213633099253,0.9904445684749646
7855,REG2022ECE07855,2022,ECE,REGULAR,-1.0986658353966823,0.27563620678641604,-1.3896578086174463
7856,REG2021EEE07856,2021,EEE,REGULAR,-0.4024705793075035,0.10127221812304019,1.1837982983878774
7857,REG2020EEE07857,2020,EEE,REGULAR,-0.6307031722871403,-0.5350617798223062,-0.042468250760146126
7858,REG2022CSE07858,2022,CSE,LATERAL_ENTRY,0.6044928967347851,-0.7218381972624011,-0.05132549384914269
7859,REG2022CE07859,2022,CE,REGULAR,1.216047225928888,1.2236232510224998,-0.3819073605924749
7860,REG2023CSE07860,2023,CSE,REGULAR,0.30511363314765494,-0.8759061546935355,0.5922452166433445
7861,REG2020EEE07861,2020,EEE,REGULAR,-0.3243517015052731,0.7567025692346546,0.9849790761406453
7862,REG2021CSE07862,2021,CSE,LATERAL_ENTRY,0.6807420430046919,2.660315307283326,0.3069727367078707
7863,REG2022ECE07863,2022,ECE,REGULAR,-0.8978629580039088,0.9422165625229919,-0.9058940563352593
7864,REG2020ME07864,2020,ME,REGULAR,1.9684210388661907,1.274586064929169,-0.05493429684025871
7865,REG2020ME07865,2020,ME,REGULAR,-0.5409533593641159,0.5711785958844207,-0.19665367794142477
7866,REG2023EEE07866,2023,EEE,REGULAR,-1.403594659390552,-1.9347419577588922,1.334997039804923
7867,REG2022ECE07867,2022,ECE,REGULAR,2.250884583513375,-0.9746716474837669,-0.09444120026204317
7868,REG2020CE07868,2020,CE,REGULAR,-1.589372602232469,-0.21129117669672898,-0.31885191901026566
7869,REG2023ECE07869,2023,ECE,REGULAR,0.11495112899770649,-0.7617134089629131,-2.599508405118554
7870,REG2021ECE07870,2021,ECE,REGULAR,2.0314580227656083,-1.2996603324903235,2.299084772618564
7871,REG2022CSE07871,2022,CSE,REGULAR,0.5195266440865185,-0.3668433200860671,1.5131135042482677
7872,REG2021CSE07872,2021,CSE,REGULAR,-0.9955635405150028,0.7199265774876175,2.2791307744186113
7873,REG2020CE07873,2020,CE,REGULAR,0.03279712759747551,-0.011404284503993486,1.883776074707429
7874,REG2023CE07874,2023,CE,LATERAL_ENTRY,0.25413569304991745,1.0532763415267932,-0.6568484492244776
7875,REG2022ME07875,2022,ME,REGULAR,-0.04799580894309053,-0.9580838094518849,-0.955715664452062
7876,REG2021CSE07876,2021,CSE,REGULAR,-0.19316305511732346,-1.323065912226655,0.9392789642383335
7877,REG2021CSE07877,2021,CSE,REGULAR,0.6554820107482194,-0.11562683944338006,0.12342010288281192
7878,REG2021CSE07878,2021,CSE,REGULAR,-1.0958138681817498,0.24380141388375376,0.752679214330175
7879,REG2020CE07879,2020,CE,REGULAR,0.7905554837332319,0.42048186186921405,0.6538050275378865
7880,REG2020ME07880,2020,ME,REGULAR,0.6903381178344232,1.2006908859426282,0.4346922641998817
7881,REG2022EEE07881,2022,EEE,LATERAL_ENTRY,0.8415392060864427,0.17125235016249718,0.6880659337412647
7882,REG2020ECE07882,2020,ECE,REGULAR,-0.4573269597217521,0.5111696742067251,-0.8129107860722178
7883,REG2022CSE07883,2022,CSE,REGULAR,0.49326408983200015,-0.21642872231570476,1.2081258116588867
7884,REG2023ECE07884,2023,ECE,REGULAR,-0.19422730700479723,-0.9351765960285233,0.9056231849466405
7885,REG2021EEE07885,2021,EEE,REGULAR,-0.5459219323030147,-1.404541383995037,-0.8935221249933404
7886,REG2022EEE07886,2022,EEE,REGULAR,-0.6406557262793336,1.8542105976293453,-1.2294809782007405
7887,REG2020ME07887,2020,ME,REGULAR,-0.47685770100133384,-0.2890660650408617,0.18209622233075679
7888,REG2020ECE07888,2020,ECE,LATERAL_ENTRY,0.8488472818375628,0.43025301660559856,0.3118669158454754
7889,REG2022ME07889,2022,ME,REGULAR,0.00030472835042909084,-0.07610387585251246,-1.5835185744364748
7890,REG2023CE07890,2023,CE,REGULAR,-0.11464128365720323,-0.8191725402792875,-0.46893041946146075
7891,REG2021ECE07891,2021,ECE,LATERAL_ENTRY,0.3720777826970516,-0.17472166107781606,-0.10742625321289209
7892,REG2020EEE07892,2020,EEE,REGULAR,-0.8185974993232747,1.1299201787610942,-1.684071663858761
7893,REG2020CSE07893,2020,CSE,LATERAL_ENTRY,0.8892598914444626,-1.744257680688982,0.5372156376099616
7894,REG2020ECE07894,2020,ECE,LATERAL_ENTRY,-0.8377302342124282,-1.4323533558887906,1.358618539843817
7895,REG2023CSE07895,2023,CSE,REGULAR,-0.4172994512371206,-0.8175862330872702,1.3867873722990698
7896,REG2021EEE07896,2021,EEE,REGULAR,-0.04351347832356212,-1.750863763376664,-2.6118949909651543
7897,REG2021CE07897,2021,CE,REGULAR,0.015578296930405175,0.5002435270190774,1.0014949159240276
7898,REG2023CE07898,2023,CE,REGULAR,-0.4899251984070598,0.37728358089180114,-0.5908530666434813
7899,REG2020CE07899,2020,CE,REGULAR,-0.05175055340063181,1.2298733754906352,0.718082942744151
7900,REG2021CSE07900,2021,CSE,REGULAR,0.5553370218475888,0.8663177015078825,0.3939836431741297
7901,REG2020CE07901,2020,CE,REGULAR,-1.1552850623061637,-0.2992686187853863,-0.421137612442116
7902,REG2021ME07902,2021,ME,REGULAR,0.546649610086772,-1.705891642209654,-1.231631132602581
7903,REG2022CSE07903,2022,CSE,REGULAR,1.6919153911091072,-0.8944957572277883,0.3848352956078902
7904,REG2022CSE07904,2022,CSE,REGULAR,-0.946882319353582,-0.8893368162346941,1.264045806886212
7905,REG2023ME07905,2023,ME,REGULAR,0.16705700269338994,0.6973872423843505,-0.5909428517076509
7906,REG2021ECE07906,2021,ECE,REGULAR,-0.1231998020658242,-0.9496804246449934,-0.8724002338477594
7907,REG2020EEE07907,2020,EEE,LATERAL_ENTRY,0.5470707438521516,2.0224568050199823,-0.28154435283346996
7908,REG2022EEE07908,2022,EEE,REGULAR,-0.9642423497080397,0.32184624589037597,-1.149290483768583
7909,REG2022ECE07909,2022,ECE,REGULAR,-1.5006802140174678,1.2584929439665564,-1.3104328686913087
7910,REG2022ME07910,2022,ME,REGULAR,-0.20654147418222274,-0.16309775772235396,-0.35628475306909185
7911,REG2021CE07911,2021,CE,REGULAR,-0.9533538289671492,-0.6355521323708894,0.9127648353431823
7912,REG2022CSE07912,2022,CSE,LATERAL_ENTRY,-0.5902000441053113,1.0482003103910469,0.8880308701412171
7913,REG2023ECE07913,2023,ECE,LATERAL_ENTRY,0.839322355713954,-0.829867998479049,-0.1783695923664053
7914,REG2021EEE07914,2021,EEE,REGULAR,-0.15767558463058026,-0.9112061986223107,-0.06005485830131774
7915,REG2021CSE07915,2021,CSE,LATERAL_ENTRY,1.591318173574579,1.053876791624804,0.7938438452438367
7916,REG2021EEE07916,2021,EEE,LATERAL_ENTRY,-0.19277959793463204,2.1288308247271233,1.0298141885062604
7917,REG2021ME07917,2021,ME,LATERAL_ENTRY,-0.45884965473904116,0.39337169115830556,0.5930750337269136
7918,REG2020EEE07918,2020,EEE,REGULAR,0.702608084547097,-0.18068389219044784,-1.4736993376276721
7919,REG2021EEE07919,2021,EEE,REGULAR,-0.9785533403551981,-0.09083257799537278,1.341465825240393
7920,REG2022EEE07920,2022,EEE,REGULAR,-1.2034750580700446,0.15771535411377008,-0.5260118282402396
7921,REG2023ECE07921,2023,ECE,REGULAR,-0.20350553518375686,0.5975821149390751,0.2349901586757452
7922,REG2022EEE07922,2022,EEE,REGULAR,0.31707841034863987,-1.499629273364982,1.8601160566685768
7923,REG2021EEE07923,2021,EEE,REGULAR,-0.3782011426069225,1.3879020980336838,1.5353374130504875
7924,REG2020CSE07924,2020,CSE,REGULAR,-0.5160667647211686,-0.8794942321412338,-1.1249921621856886
7925,REG2022CE07925,2022,CE,REGULAR,2.4889424982030204,-1.07409716887681,0.19596378858110158
7926,REG2021EEE07926,2021,EEE,REGULAR,1.8344329760667366,-1.201624633477015,1.253187248196457
7927,REG2022CE07927,2022,CE,REGULAR,-0.12721097923047844,-0.48018151302284207,-0.6696198066322645
7928,REG2022CSE07928,2022,CSE,LATERAL_ENTRY,-0.659298554260196,-0.2812278132220064,-0.24004281917191647
7929,REG2021EEE07929,2021,EEE,REGULAR,-0.4260190261110782,-0.991280193607816,0.15852794083565547
7930,REG2022CE07930,2022,CE,REGULAR,-0.31871116693839197,1.0023447746817917,-0.9393922128825836
7931,REG2021CE07931,2021,CE,REGULAR,0.5624054579024987,0.28218501272268043,0.5635010457872656
7932,REG2023ECE07932,2023,ECE,REGULAR,-0.016786355540569762,1.1394895500501816,0.05824583189383293
7933,REG2022ME07933,2022,ME,REGULAR,-0.8975911651249607,-0.6467062554404048,-0.45705296907294835
7934,REG2021ECE07934,2021,ECE,REGULAR,-1.7079482517315348,-0.06996304896452915,-1.8043693808338133
7935,REG2023CE07935,2023,CE,REGULAR,0.3159186002178484,-0.614105813791764,0.0549802542786626
7936,REG2022ME07936,2022,ME,REGULAR,0.12917398378931033,0.2918953969802052,1.0787697571264205
7937,REG2022EEE07937,2022,EEE,REGULAR,-0.05896232065514985,-1.6135749205184011,0.29216932670449314
7938,REG2021ECE07938,2021,ECE,REGULAR,0.3518739826566354,0.43775687042692807,1.4722026619291604
7939,REG2022ME07939,2022,ME,REGULAR,0.5416612070875874,-0.7853345630002826,1.4668364815041934
7940,REG2022EEE07940,2022,EEE,REGULAR,-0.3111059495587992,-0.44606374128319426,-0.07218966045167317
7941,REG2022CE07941,2022,CE,REGULAR,-1.0539289603726847,0.07892042099062875,-0.5620948324457736
7942,REG2023EEE07942,2023,EEE,LATERAL_ENTRY,0.9707827116959122,-0.11219304455949677,-1.4223733758821488
7943,REG2022ECE07943,2022,ECE,REGULAR,0.40329348417705246,0.9565455280715747,-0.2858188763865373
7944,REG2023EEE07944,2023,EEE,REGULAR,-0.16158412106088868,-0.4877651653678602,-1.0310882382320847
7945,REG2022CE07945,2022,CE,REGULAR,1.1559001794174555,0.1590436047237478,0.03233116996234788
7946,REG2023CE07946,2023,CE,REGULAR,0.31246641072733516,-0.8964884522192977,0.20982422774625137
7947,REG2022EEE07947,2022,EEE,REGULAR,0.4212137078584351,0.03653578106173466,-1.036340875620747
7948,REG2022CE07948,2022,CE,REGULAR,0.38519901177219457,-0.5562477511152033,1.1967205157701803
7949,REG2021EEE07949,2021,EEE,LATERAL_ENTRY,1.2384940523479142,-0.8865896359104615,-0.8782254121150589
7950,REG2022EEE07950,2022,EEE,REGULAR,-1.4949559530892165,-0.4037699000588062,-1.1228149627385904
7951,REG2023CSE07951,2023,CSE,REGULAR,1.8119738944354276,-0.9727609296498728,0.024166138725236413
7952,REG2023CSE07952,2023,CSE,REGULAR,0.21596970972569457,-0.39867118284230546,-0.6008907156250872
7953,REG2020ME07953,2020,ME,REGULAR,-0.3470571550118728,1.6255456872995293,-0.7770386858035955
7954,REG2022CSE07954,2022,CSE,REGULAR,0.7541067526703427,-0.8162921660792138,-1.1039135331636605
7955,REG2022CSE07955,2022,CSE,LATERAL_ENTRY,0.0918737071746356,0.05159497534610872,-0.19190771147811364
7956,REG2021ECE07956,2021,ECE,REGULAR,0.784058373364029,-0.863452518981611,-0.1888863955188436
7957,REG2023CSE07957,2023,CSE,LATERAL_ENTRY,-0.7945598597830043,0.6877732190811094,-0.7244032099423083
7958,REG2023ME07958,2023,ME,REGULAR,-2.4258585792213765,0.47096916260840793,-1.9191659528955514
7959,REG2020ECE07959,2020,ECE,REGULAR,0.8257682286943172,2.9945362981141135,-0.18795025552204306
7960,REG2022EEE07960,2022,EEE,REGULAR,-0.810512523132182,0.4620605442666223,1.5002189639372439
7961,REG2021EEE07961,2021,EEE,REGULAR,-1.711643197543232,-1.8768624581083215,0.7657563025618997
7962,REG2021CE07962,2021,CE,REGULAR,-0.7637429046468985,0.8017250016967087,0.2057829114810756
7963,REG2023ME07963,2023,ME,REGULAR,-0.87440802744437,1.3261156276521313,0.34778943674423696
7964,REG2021CSE07964,2021,CSE,REGULAR,-1.248030347735052,-2.052028960616588,0.38852218494913
7965,REG2020CE07965,2020,CE,LATERAL_ENTRY,0.03883962864776756,-0.18789292388725287,-0.7134418413281709
7966,REG2020EEE07966,2020,EEE,REGULAR,1.5189290130617579,0.25806207474154935,1.1097330712197726
7967,REG2022EEE07967,2022,EEE,REGULAR,-1.642908508631847,1.6443941140004834,0.23142628983469038
7968,REG2022ME07968,2022,ME,REGULAR,-0.5353351523461923,-0.5916355841775061,0.8704435975068793
7969,REG2022ME07969,2022,ME,REGULAR,1.268125953642324,-0.949538506993822,0.026111250477639764
7970,REG2020CSE07970,2020,CSE,REGULAR,1.6454765376526759,-0.7453749159818408,0.5190865277285371
7971,REG2020ME07971,2020,ME,REGULAR,-0.3041022731936427,0.2025556435227535,1.6627724283986898
7972,REG2021ME07972,2021,ME,REGULAR,-0.07316873003938763,0.051888357835759985,1.534448125403096
7973,REG2022ECE07973,2022,ECE,REGULAR,0.1251064517311541,1.9596915005941495,-1.0926388346423177
7974,REG2022CSE07974,2022,CSE,REGULAR,-1.3801238797347277,-0.5320018754998522,-1.2591794202018396
7975,REG2020CE07975,2020,CE,REGULAR,1.61492552532736,-0.008874243144477798,-1.9623644820534374
7976,REG2021ME07976,2021,ME,REGULAR,1.1840859383187636,-0.42253130948400003,-0.26881061174257176
7977,REG2020EEE07977,2020,EEE,REGULAR,-0.4348476293085991,-0.014330384279843244,0.5628261971704278
7978,REG2021ECE07978,2021,ECE,REGULAR,1.075556683200387,-1.4590778462845748,-1.3804290159994017
7979,REG2023CE07979,2023,CE,REGULAR,0.019247742989998994,1.1594450445140216,-1.6523514853952812
7980,REG2022EEE07980,2022,EEE,LATERAL_ENTRY,-0.5630757409355315,-1.1513856234661237,-0.8031348494623836
7981,REG2020CE07981,2020,CE,REGULAR,1.2177085194398067,0.20187387613862778,0.31423857667185257
7982,REG2021CSE07982,2021,CSE,REGULAR,0.2833748704480415,-0.27748892130505093,0.5316655628248348
7983,REG2021ECE07983,2021,ECE,REGULAR,-0.29786520122555127,0.885149987944473,1.4151458784676223
7984,REG2022CSE07984,2022,CSE,REGULAR,-0.005947712708807443,0.8725721273206832,1.211509398997556
7985,REG2023CSE07985,2023,CSE,REGULAR,0.30912786401139225,-0.7956810158474712,-0.7009704104107336
7986,REG2023ECE07986,2023,ECE,REGULAR,1.0008096173769643,0.39735286237479106,-0.009621682982113489
7987,REG2023EEE07987,2023,EEE,REGULAR,1.4380234632634825,-0.9401041842647349,-0.9755133135321014
7988,REG2023ME07988,2023,ME,REGULAR,-0.09907370695324516,0.1730119638280921,1.2493050499647236
7989,REG2023ME07989,2023,ME,REGULAR,0.1515453877910491,-0.2728338323501325,-0.7592724664145605
7990,REG2022EEE07990,2022,EEE,REGULAR,2.1975272699479738,0.35495677909789486,-1.5779734967588779
7991,REG2022CE07991,2022,CE,REGULAR,0.10170460793844766,-1.4387644396798396,-0.8456540271191926
7992,REG2021ME07992,2021,ME,REGULAR,0.10680593227764593,1.7158429008553386,-0.6588438047362313
7993,REG2021CE07993,2021,CE,REGULAR,1.7114878048524818,-0.6195471123370726,1.0632001534580726
7994,REG2020CSE07994,2020,CSE,REGULAR,0.15872358355144162,1.6496952233425952,-0.5851929711503682
7995,REG2023CE07995,2023,CE,REGULAR,-1.0736192517113603,-0.30332521534691,-1.6405688669682528
7996,REG2021CE07996,2021,CE,REGULAR,-0.9310008554407948,-0.8204773756509719,0.8898080515344061
7997,REG2020ME07997,2020,ME,REGULAR,0.3970404148723653,0.5814763642185611,-0.49543963237624034
7998,REG2023CSE07998,2023,CSE,REGULAR,0.6808086563579003,0.19318455244825486,1.0111539177674145
7999,REG2020CSE07999,2020,CSE,REGULAR,1.1125677834463077,0.33451937995157977,-1.0503806833183948
8000,REG2020EEE08000,2020,EEE,REGULAR,0.18698387917298365,0.69790073957642,0.5305292848330333
8001,REG2023CE08001,2023,CE,REGULAR,-1.6099527307822152,0.21356529222880202,0.7542383809273345
8002,REG2020CSE08002,2020,CSE,REGULAR,0.5345703216732302,1.1944432492470953,-0.30832053837031714
8003,REG2022EEE08003,2022,EEE,LATERAL_ENTRY,0.8063251748488548,0.32759069667562196,0.2640793335067416
8004,REG2021ECE08004,2021,ECE,REGULAR,-0.6043921217927609,1.3328972913995345,-0.33114757056604116
8005,REG2022ME08005,2022,ME,REGULAR,0.3351606857038189,-1.3667022466407655,-0.2935419458781786
8006,REG2023EEE08006,2023,EEE,REGULAR,0.09221451494945204,0.769624285721292,-1.4573169067983724
8007,REG2023CE08007,2023,CE,LATERAL_ENTRY,-1.5509725654172262,-1.4939461017317959,-0.8536914729797622
8008,REG2022ME08008,2022,ME,REGULAR,-0.34394197749526956,-2.1400427335972614,0.2103124373929709
8009,REG2023CE08009,2023,CE,REGULAR,-1.5320108517295583,-0.8319632863744315,1.4088170663892923
8010,REG2020CE08010,2020,CE,REGULAR,-0.45744091077644944,-0.3683296299136234,0.498609928239584
8011,REG2023EEE08011,2023,EEE,REGULAR,-0.6927034002684951,0.5087974252632415,-0.7827264930341771
8012,REG2022CSE08012,2022,CSE,REGULAR,-0.7931641335333787,-0.5324659110452589,1.083389518816319
8013,REG2022CE08013,2022,CE,REGULAR,-1.4104987739842465,0.5849053048679346,-0.6621461519194501
8014,REG2021CSE08014,2021,CSE,REGULAR,-1.432838696151378,-2.0911247003690248,1.2971344548031731
8015,REG2022ME08015,2022,ME,REGULAR,-0.3627312426122277,-0.1852888561756026,1.001862257595454
8016,REG2021CSE08016,2021,CSE,LATERAL_ENTRY,-1.363022261386427,0.8530752460777895,0.39415172861729997
8017,REG2020ECE08017,2020,ECE,REGULAR,0.34247138536914845,-0.39596886470120457,-0.10731211067378915
8018,REG2021CSE08018,2021,CSE,REGULAR,0.7826317750445171,0.7867243242287487,1.2984932599836556
8019,REG2023CE08019,2023,CE,REGULAR,-1.7490790881665463,-0.4044236743508498,0.003887913159202691
8020,REG2020EEE08020,2020,EEE,LATERAL_ENTRY,0.789139144197615,-0.24662176933726493,0.37551035088775436
8021,REG2023CSE08021,2023,CSE,REGULAR,0.34062514557963,-0.6018317954610537,-0.5236188495137529
8022,REG2020ME08022,2020,ME,LATERAL_ENTRY,-1.5658683964896751,0.9103035963769524,-0.03743872616698321
8023,REG2020ME08023,2020,ME,LATERAL_ENTRY,-0.2393966881154911,-1.5950000507519637,-0.6600242174773884
8024,REG2021EEE08024,2021,EEE,REGULAR,0.46901198989444814,-1.8403785910958146,-0.09119664726125092
8025,REG2021ECE08025,2021,ECE,REGULAR,1.2188675214142333,0.23332872581908787,-1.0300938428737734
8026,REG2021ME08026,2021,ME,REGULAR,0.6697976825318456,-1.5595981345362069,-0.3070958903389087
8027,REG2021ME08027,2021,ME,REGULAR,-0.6352590024260902,-1.4274617203494533,-0.37746638659867626
8028,REG2020EEE08028,2020,EEE,LATERAL_ENTRY,0.3630116926332639,1.655412905356053,-0.3035146897015757
8029,REG2021ME08029,2021,ME,REGULAR,0.3071276713558805,0.011397128888800043,0.3941646375428436
8030,REG2023ME08030,2023,ME,REGULAR,-0.8186058772657187,-1.7495878502538267,-1.2111463655219705
8031,REG2023ECE08031,2023,ECE,REGULAR,-0.04586790460368504,0.6257851987619588,0.24848845670396694
8032,REG2021CSE08032,2021,CSE,REGULAR,-0.10966213705518803,-0.6764016929245827,0.6925610964331407
8033,REG2020CE08033,2020,CE,LATERAL_ENTRY,1.4201940912972637,-1.8032233736374284,1.6897032272506187
8034,REG2021ECE08034,2021,ECE,REGULAR,0.10596344296734674,-0.3365024531631766,-0.43254420565526347
8035,REG2021EEE08035,2021,EEE,REGULAR,0.1739367547432901,-0.06567237506021141,-0.4608527165791166
8036,REG2021CE08036,2021,CE,REGULAR,1.2500849583046862,0.30571845098493566,-1.4311185279301728
8037,REG2022ME08037,2022,ME,REGULAR,1.90918538943165,0.30698001983615286,-0.7659160206199607
8038,REG2021ECE08038,2021,ECE,REGULAR,-0.06222506337308195,-0.2882329582036472,-0.39187694730917727
8039,REG2021EEE08039,2021,EEE,LATERAL_ENTRY,-1.2938599080899365,-1.3561064546536576,0.44538456385856057
8040,REG2021ME08040,2021,ME,REGULAR,-0.9566991478176805,0.34533248221413104,-0.3436165732222975
8041,REG2022CSE08041,2022,CSE,REGULAR,-0.12893778549746168,0.780695327520996,0.10886371072702916
8042,REG2021EEE08042,2021,EEE,REGULAR,-0.35075202568613806,0.7316835593162645,0.0981819255132007
8043,REG2022ME08043,2022,ME,REGULAR,-1.7740300267403895,0.8238006032644509,-0.16382453926042573
8044,REG2022EEE08044,2022,EEE,REGULAR,1.5152311749650238,0.4009481381080697,-0.9755105863005183
8045,REG2023CE08045,2023,CE,REGULAR,-0.4509938670467188,0.13294893361066681,-0.30256426671990966
8046,REG2020ECE08046,2020,ECE,REGULAR,-0.5765124719563917,2.318742267071903,-0.32539135500987365
8047,REG2023EEE08047,2023,EEE,REGULAR,1.5015948984991134,1.5730917201401613,1.9490980756880327
8048,REG2021EEE08048,2021,EEE,REGULAR,0.060975503226572435,-0.35344077308923394,-1.1150847773304218
8049,REG2023CE08049,2023,CE,REGULAR,0.47325875712029225,0.038412762868914714,0.22618965994562834
8050,REG2023ME08050,2023,ME,LATERAL_ENTRY,-0.8462108184543038,-0.2520281821677836,-0.10664458921195621
8051,REG2020EEE08051,2020,EEE,REGULAR,-2.0216025034582716,0.3841283983675076,-0.17326412410434758
8052,REG2023CSE08052,2023,CSE,REGULAR,0.5611168958119932,1.1866651930127499,1.0477801300897203
8053,REG2023ME08053,2023,ME,REGULAR,0.4614858526635109,1.7676121937292786,0.7928565152153644
8054,REG2020ME08054,2020,ME,REGULAR,-0.6270502704234734,-0.9428350001009562,-0.8515270464257608
8055,REG2022ME08055,2022,ME,REGULAR,2.6292382021284117,0.83589415114035,1.0846399127791726
8056,REG2021CSE08056,2021,CSE,REGULAR,-0.11089299723893983,-0.004708591847887097,-0.5851756954311323
8057,REG2021ME08057,2021,ME,LATERAL_ENTRY,-1.8168206159518392,0.6646879456724641,0.7752346693833682
8058,REG2022EEE08058,2022,EEE,REGULAR,0.831919216578212,0.8462385297372769,-1.9025727687028715
8059,REG2021ME08059,2021,ME,REGULAR,0.42020898540363216,1.1048298936527652,1.5105905962700639
8060,REG2023ME08060,2023,ME,REGULAR,0.4022858071661953,-0.6818766814922748,-0.5524210261047573
8061,REG2022CE08061,2022,CE,REGULAR,0.12391144015644107,1.8338437190554377,0.6544703127314817
8062,REG2023EEE08062,2023,EEE,LATERAL_ENTRY,0.32580517956419014,1.5612929992206968,-0.7210590157571916
8063,REG2021EEE08063,2021,EEE,REGULAR,-1.8180193193601086,0.9396460758300123,0.4153949132490202
8064,REG2023CSE08064,2023,CSE,REGULAR,-0.13390838516651668,-0.008233351484527125,0.20993146668561044
8065,REG2021CSE08065,2021,CSE,REGULAR,1.1094500869239339,-0.19806697341430266,0.0635115564475764
8066,REG2023ECE08066,2023,ECE,REGULAR,-0.7419568081937208,0.7892690710583152,-0.4423990236730576
8067,REG2021CSE08067,2021,CSE,REGULAR,-0.5477302703443164,0.4150132032629827,-0.6571229363033955
8068,REG2020CSE08068,2020,CSE,REGULAR,-0.7840680203050236,-0.3238216931442564,-0.40703112252474083
8069,REG2021ME08069,2021,ME,REGULAR,-1.1979448246058317,1.8131660756448482,-0.6519934091684249
8070,REG2023ME08070,2023,ME,REGULAR,1.1517939230026701,-0.20470165075034508,1.8502950425096318
8071,REG2023EEE08071,2023,EEE,REGULAR,-0.07001777283631157,-1.1128541116083845,0.2961214133294491
8072,REG2022ME08072,2022,ME,REGULAR,-0.1332275327976982,-1.3530960010816662,1.9115688953842909
8073,REG2023ME08073,2023,ME,LATERAL_ENTRY,-0.1850161059395126,-1.36208773945578,0.38982190474850437
8074,REG2020EEE08074,2020,EEE,REGULAR,0.18276324952559678,1.3140772400543825,0.539387564096378
8075,REG2020ME08075,2020,ME,REGULAR,-0.4856793742117837,0.3982319901638477,-0.7799906980903615
8076,REG2022EEE08076,2022,EEE,LATERAL_ENTRY,0.9785381615726202,-0.660558885566455,-0.9622397433620875
8077,REG2020CE08077,2020,CE,REGULAR,0.8754380493934073,1.0055820576959098,1.1533556753314373
8078,REG2021ME08078,2021,ME,REGULAR,-0.07155587214455329,-1.7905039982068498,1.387885842297321
8079,REG2022CSE08079,2022,CSE,REGULAR,-0.9894615393872304,-0.008093620451312782,-0.8511216620513831
8080,REG2020CSE08080,2020,CSE,LATERAL_ENTRY,-0.8358620896787934,-2.4404557379686476,-1.2698076992626806
8081,REG2022CE08081,2022,CE,REGULAR,-1.267253791005626,-0.10805838396430478,-2.3283808241777244
8082,REG2021CSE08082,2021,CSE,REGULAR,-0.350782629157564,1.2231894872195956,-0.05322497504159917
8083,REG2021EEE08083,2021,EEE,LATERAL_ENTRY,2.428820210072347,-0.24878725466627993,-0.6921889937428377
8084,REG2020ECE08084,2020,ECE,REGULAR,-0.21452204637898578,0.1704564224822543,-0.06990200607602547
8085,REG2023CE08085,2023,CE,REGULAR,-0.7863295113825336,0.47531982384273064,1.5981766012788827
8086,REG2021CE08086,2021,CE,REGULAR,1.2265097447291113,-0.8543436424630786,0.20991714366166045
8087,REG2020EEE08087,2020,EEE,REGULAR,0.9924144622410068,-0.718418777739119,1.3374303959873546
8088,REG2021EEE08088,2021,EEE,REGULAR,-0.3705226740409449,-1.4953425895746002,0.15737636607039837
8089,REG2023ME08089,2023,ME,REGULAR,0.5469381006327273,0.9334557486855192,-0.5700781352736793
8090,REG2020ECE08090,2020,ECE,REGULAR,-0.8665945371245939,1.4462797072440468,0.6979984442936197
8091,REG2021CSE08091,2021,CSE,REGULAR,-0.01873221375565996,0.11172569247342093,1.3137304005637107
8092,REG2020ECE08092,2020,ECE,REGULAR,-1.7201205460619677,1.3149698633086566,-0.6311453401384209
8093,REG2023ME08093,2023,ME,REGULAR,2.0623150614667822,-0.4241810846942808,-1.4868711143113802
8094,REG2022ECE08094,2022,ECE,REGULAR,-0.8689583426447778,1.4992548990095667,0.7613879789132679
8095,REG2022ME08095,2022,ME,REGULAR,-1.1831172691169658,0.030679142950160172,1.925947960318987
8096,REG2023CE08096,2023,CE,REGULAR,-0.2520041694825013,1.7561843736379417,-1.6011244947123693
8097,REG2022CSE08097,2022,CSE,REGULAR,1.040689639828266,-0.10577695359357253,-0.11981064386000306
8098,REG2022CE08098,2022,CE,REGULAR,1.3275287340340327,-0.3279048622703409,-0.5948057672898827
8099,REG2023ME08099,2023,ME,REGULAR,-0.9328583456089554,-0.8486986252686606,-1.2618355999199586
8100,REG2023ECE08100,2023,ECE,LATERAL_ENTRY,-1.5171939346514236,0.4406551466508979,0.35228282049435555
8101,REG2023CE08101,2023,CE,REGULAR,0.3672740929322736,0.192458149530294,0.5617666962557847
8102,REG2020ECE08102,2020,ECE,LATERAL_ENTRY,-0.962382384654158,1.73390773692296,0.6314244536233111
8103,REG2023CE08103,2023,CE,REGULAR,-1.0840682604688667,-0.6973389508885649,0.7369761334682372
8104,REG2022ME08104,2022,ME,REGULAR,-1.1571282137939456,-0.7070182778065158,-0.9364819529237268
8105,REG2023CE08105,2023,CE,REGULAR,0.9502046158704233,1.011578067646023,0.7987261521268949
8106,REG2023ECE08106,2023,ECE,LATERAL_ENTRY,-1.9437731563986735,-0.1400366447603745,-0.6805915270547701
8107,REG2021EEE08107,2021,EEE,REGULAR,1.27519656258833,-0.20249124822545497,-0.08345480017611265
8108,REG2021EEE08108,2021,EEE,REGULAR,-0.23416915738456473,0.5944837999597274,-0.17041470022523622
8109,REG2021CE08109,2021,CE,REGULAR,1.127981534494243,-0.7241546189534338,-0.24840901011914168
8110,REG2020ECE08110,2020,ECE,LATERAL_ENTRY,-0.8394143189937633,-2.0163950870447436,0.033381799746250586
8111,REG2022CSE08111,2022,CSE,REGULAR,0.6482885229998219,0.011420126763012342,-0.21640889606440444
8112,REG2023EEE08112,2023,EEE,REGULAR,0.18434109576670357,0.6703023546736777,-1.3255462574350425
8113,REG2022CE08113,2022,CE,REGULAR,0.006730350341930641,0.4899286070668193,1.9989709199488876
8114,REG2021ECE08114,2021,ECE,REGULAR,0.5008707436135046,1.711581843151899,-0.1391943790992927
8115,REG2021ECE08115,2021,ECE,REGULAR,1.171751853407888,0.5785007492724346,-1.8741624371647796
8116,REG2021CE08116,2021,CE,REGULAR,-0.06996003567018783,-0.2835589707659101,1.9424824147667588
8117,REG2021ECE08117,2021,ECE,LATERAL_ENTRY,-0.3731620599394757,1.0870788370591657,-0.29546512144872655
8118,REG2023ME08118,2023,ME,REGULAR,0.10893361095863381,-0.034588520217151586,-2.4335958196480365
8119,REG2022CSE08119,2022,CSE,REGULAR,0.6020147934134429,1.5075111961666399,0.7621160172985043
8120,REG2020CSE08120,2020,CSE,LATERAL_ENTRY,-1.588738472380551,1.442433462576425,-0.5522814971865071
8121,REG2023EEE08121,2023,EEE,REGULAR,-0.6178621788903066,0.13894860168427173,-1.3042312492022958
8122,REG2020ECE08122,2020,ECE,REGULAR,-0.18623330810462196,0.48401163531867014,-0.1788666264072803
8123,REG2023CSE08123,2023,CSE,REGULAR,0.07417155282456521,0.7918407717818772,0.7556414507515818
8124,REG2023ME08124,2023,ME,REGULAR,-0.28209217947618037,0.6927133258890678,-0.38514631519817755
8125,REG2021CSE08125,2021,CSE,REGULAR,0.7565146031514791,0.6239749824625656,-0.005416423109655338
8126,REG2022EEE08126,2022,EEE,REGULAR,0.8158477744640603,-0.2197862509378595,-1.0077851950050316
8127,REG2023ME08127,2023,ME,REGULAR,-0.8139173388487111,0.6188755164948907,0.27859233483701573
8128,REG2022CSE08128,2022,CSE,REGULAR,-0.6859529254992673,-0.5038848791901424,-2.7508721873513093
8129,REG2022ME08129,2022,ME,REGULAR,-0.5849044402828787,-0.9257832358664522,-3.427655528304998
8130,REG2020EEE08130,2020,EEE,REGULAR,0.734839430207506,0.1651562972392292,0.512633448513164
8131,REG2021ME08131,2021,ME,REGULAR,-0.2731401041983978,0.592070123819143,-0.6454707806793863
8132,REG2021ECE08132,2021,ECE,REGULAR,-0.8249707074387858,0.38418277927851247,-0.20602200110711955
8133,REG2022ME08133,2022,ME,REGULAR,-0.8868672844268513,-1.1740414452017374,-0.1537686703588866
8134,REG2023CE08134,2023,CE,REGULAR,-0.9661142769482137,2.3370023110440217,0.30202512752728417
8135,REG2022ECE08135,2022,ECE,LATERAL_ENTRY,1.266612851716907,0.65091182831509,-0.8805340254133578
8136,REG2020CE08136,2020,CE,REGULAR,0.5539012639539144,0.1754882871995779,-1.96028363284826
8137,REG2021EEE08137,2021,EEE,REGULAR,0.5750973352024484,0.028412273221855442,1.347622752082651
8138,REG2023ECE08138,2023,ECE,REGULAR,-0.8636788536268424,-0.5974579980655979,1.4231753252506247
8139,REG2021CSE08139,2021,CSE,REGULAR,-0.7572348228194266,0.5882971276598016,-0.004087098501943441
8140,REG2021CE08140,2021,CE,REGULAR,-0.6572459191521357,-2.5590097195565904,-0.7931986318090901
8141,REG2022CE08141,2022,CE,REGULAR,-1.2379049932510562,-0.4668342308239242,0.4976204259357564
8142,REG2022CSE08142,2022,CSE,REGULAR,1.0112562394796594,1.0026058602262553,-0.37200020411046164
8143,REG2021EEE08143,2021,EEE,REGULAR,-1.5830804146645185,-0.3532639743833201,0.1523894921547402
8144,REG2021ME08144,2021,ME,LATERAL_ENTRY,-0.0324397920733668,-1.0482274963432667,-0.8022645202391022
8145,REG2020CE08145,2020,CE,REGULAR,0.9601143542326268,1.1629756843605967,-0.3892665817477487
8146,REG2023ECE08146,2023,ECE,REGULAR,-0.06459865028995575,0.3298124066859079,1.1314638207971865
8147,REG2020EEE08147,2020,EEE,REGULAR,-0.5345917688395827,-1.15228939198612,-1.7371998238218007
8148,REG2023EEE08148,2023,EEE,REGULAR,0.5445940535923561,-0.8040729695278395,-1.632184451446363
8149,REG2021EEE08149,2021,EEE,REGULAR,1.7129281266293188,1.9998228512537959,1.226322707796104
8150,REG2022CSE08150,2022,CSE,REGULAR,-1.6599655556177764,-0.8026730943031865,-0.09059770926591058
8151,REG2022CSE08151,2022,CSE,REGULAR,0.6680466394947657,-0.6844876660069705,-1.4628198489772688
8152,REG2020ECE08152,2020,ECE,REGULAR,0.48168393278973437,-0.796196079076799,0.8268262663175242
8153,REG2021ECE08153,2021,ECE,REGULAR,1.1569281615719773,0.15370689426463255,0.10439746772545702
8154,REG2022ECE08154,2022,ECE,REGULAR,1.0599207483286441,1.7871134217543003,-1.5358264840195235
8155,REG2022ECE08155,2022,ECE,REGULAR,-1.487224707557865,-1.1341810097997216,-0.049239519840630734
8156,REG2022EEE08156,2022,EEE,REGULAR,0.34972676414856757,0.27768714710403647,-0.4431932788708083
8157,REG2023CE08157,2023,CE,REGULAR,-1.5956145290313493,0.9390115124426714,1.3239118518134927
8158,REG2021CE08158,2021,CE,REGULAR,-0.8218116480737336,0.4339619779648928,-0.5166860988009366
8159,REG2021CSE08159,2021,CSE,LATERAL_ENTRY,-0.33979044557670485,-0.7331632359622238,-1.308932750147388
8160,REG2020ME08160,2020,ME,LATERAL_ENTRY,0.8629874553156566,-0.27830000892351964,0.9850795519730822
8161,REG2023ME08161,2023,ME,REGULAR,-0.6388887655643725,-1.9829037666248703,1.1643713034169374
8162,REG2020ME08162,2020,ME,REGULAR,1.0509051689347582,2.927368898218181,-0.3346197046571146
8163,REG2022CE08163,2022,CE,REGULAR,-0.5419878421287209,1.3284652649419515,-1.0912263022094433
8164,REG2022CE08164,2022,CE,REGULAR,0.8619420428789443,-0.12749643539086977,1.5357878335613133
8165,REG2020ME08165,2020,ME,REGULAR,-2.2099773785361934,0.46092781569452107,2.13140066368834
8166,REG2021EEE08166,2021,EEE,REGULAR,-0.4110926559970159,-0.7747226449837128,0.15631741662296098
8167,REG2021CE08167,2021,CE,REGULAR,0.9409583731916757,0.03575161328347533,0.9184601917075248
8168,REG2023CSE08168,2023,CSE,REGULAR,-0.37716937208746676,1.073784390622393,0.4246500024586409
8169,REG2023EEE08169,2023,EEE,REGULAR,-0.34779034719218055,-0.409971659608967,-0.9121196842809797
8170,REG2020CE08170,2020,CE,REGULAR,-0.7580380177429622,-0.19502648157421315,-1.3241727990840246
8171,REG2023CSE08171,2023,CSE,REGULAR,-0.2166105223708008,-0.2174719795342303,0.3566879858986811
8172,REG2020ME08172,2020,ME,REGULAR,0.6449189821142154,-0.11823856630155509,0.5271659507810406
8173,REG2021ECE08173,2021,ECE,REGULAR,0.7120025745434784,-0.6927646638828268,-1.2756980785249883
8174,REG2021ME08174,2021,ME,REGULAR,1.4285892688199489,-0.790398235679395,-0.04189498111511494
8175,REG2022CE08175,2022,CE,REGULAR,-0.5597996611183018,-0.40342077423620876,0.21375110413019577
8176,REG2022CE08176,2022,CE,REGULAR,-0.7383757140768237,0.48669209286541115,-1.009400438033532
8177,REG2023ECE08177,2023,ECE,REGULAR,-2.48047970991069,-0.5849439299742201,1.45197253273099
8178,REG2020ME08178,2020,ME,REGULAR,-1.628292999188474,0.41276710927052596,-0.24156244691284331
8179,REG2020EEE08179,2020,EEE,REGULAR,-0.24246042308661445,-0.895167676118064,0.33836910957860716
8180,REG2022CE08180,2022,CE,REGULAR,1.7064094949011246,1.432479651796977,-2.6279007755028623
8181,REG2021CE08181,2021,CE,REGULAR,1.2945702327898514,0.9745600810132269,0.5071648837171499
8182,REG2022CSE08182,2022,CSE,REGULAR,-0.08133557644174656,-0.226006169272907,-0.29782234348325487
8183,REG2021ECE08183,2021,ECE,REGULAR,-1.1809156723252863,1.5461089436056539,0.1480211853186947
8184,REG2023EEE08184,2023,EEE,REGULAR,0.9792626280144526,0.1818810052390528,-0.39006124980994183
8185,REG2021ME08185,2021,ME,REGULAR,-1.320235415922634,-0.8781245781931819,0.2369917607314634
8186,REG2022ME08186,2022,ME,REGULAR,-0.15279745402249575,-0.0669460076331987,-0.18701174251865868
8187,REG2023CSE08187,2023,CSE,REGULAR,-0.1196609511339408,1.07054348199792,-1.9827920393871654
8188,REG2023EEE08188,2023,EEE,REGULAR,-1.2886769649256808,0.004051874968898503,0.6117644691524531
8189,REG2022CE08189,2022,CE,REGULAR,1.5432614696596751,-0.4922852731373135,-1.661548501076389
8190,REG2023CE08190,2023,CE,REGULAR,0.7198898831006839,-0.2737869937193899,0.6311991253144426
8191,REG2022ME08191,2022,ME,REGULAR,-1.3181073415910374,2.6826096462090203,0.18351784643605237
8192,REG2023CE08192,2023,CE,REGULAR,0.8200327219861018,-0.19861640285522653,-0.19675830593474172
8193,REG2022CSE08193,2022,CSE,REGULAR,-0.8623714996572766,0.4611888582411175,0.5027218606030097
8194,REG2021EEE08194,2021,EEE,REGULAR,-1.5447410652212306,-1.2989623645991026,-2.8486855308137553
8195,REG2020ECE08195,2020,ECE,REGULAR,-0.516919486356976,0.8378683874732149,0.19205290969289524
8196,REG2023ECE08196,2023,ECE,REGULAR,-0.6236972606122607,-1.5906795108244651,-0.10761288541150188
8197,REG2021CE08197,2021,CE,REGULAR,-0.47454257272378964,-0.3581078031908619,1.2567003013513367
8198,REG2023CE08198,2023,CE,LATERAL_ENTRY,-0.848842398191695,-1.5535320747188834,0.10702668633848862
8199,REG2020ME08199,2020,ME,REGULAR,0.7409583566195022,-1.0624729024342483,-0.710339744087952
8200,REG2020EEE08200,2020,EEE,REGULAR,-1.1838737628167353,-2.122214308868434,-0.3539463547761068
8201,REG2023ME08201,2023,ME,REGULAR,-1.2870602886966669,0.002219471810057046,-0.0962821095119652
8202,REG2021CSE08202,2021,CSE,REGULAR,-0.0720860474570185,-0.35533704008318473,0.3679675532439242
8203,REG2023CE08203,2023,CE,REGULAR,-0.49623400933580986,1.1786379460415939,-0.3270846279270095
8204,REG2021ECE08204,2021,ECE,REGULAR,-0.30165579560793765,0.21644850949344036,-0.21516087319502525
8205,REG2022ME08205,2022,ME,REGULAR,-0.2289199761082143,0.5215943416861322,-2.3841731531423584
8206,REG2023CSE08206,2023,CSE,LATERAL_ENTRY,2.0815433184283547,-0.5098604502933075,0.36792540964273046
8207,REG2020ME08207,2020,ME,REGULAR,1.2263809403977464,-0.9030357088287044,-0.22266991046811438
8208,REG2021EEE08208,2021,EEE,REGULAR,-0.6732921590658644,-0.5558727755402949,-0.08018157143024374
8209,REG2023ECE08209,2023,ECE,REGULAR,1.6214525081520348,0.10035544608675968,0.3822596165483177
8210,REG2021ME08210,2021,ME,REGULAR,-2.008801495570681,-2.5455082573966483,0.38947832188534903
8211,REG2021ECE08211,2021,ECE,REGULAR,-1.1251061481984699,0.4856065304677382,-0.35975027620018146
8212,REG2021EEE08212,2021,EEE,REGULAR,0.9481345833173714,0.7281459780361282,-0.7944190034801691
8213,REG2023CE08213,2023,CE,REGULAR,-0.054580481634580645,0.04980974636464602,0.33632017039781
8214,REG2023ME08214,2023,ME,REGULAR,-1.089271331779712,0.7442067245823087,0.17246993218866769
8215,REG2020ECE08215,2020,ECE,LATERAL_ENTRY,0.8426896694709319,0.20157259371218714,-1.180536389908596
8216,REG2020CE08216,2020,CE,REGULAR,-1.123964098622984,0.7923708241273464,-0.9278680145509082
8217,REG2022EEE08217,2022,EEE,REGULAR,-0.16950086833112146,-1.4670077114371318,-1.4863036164381647
8218,REG2023EEE08218,2023,EEE,REGULAR,-1.071473358552512,-0.28166513799187265,0.9742628727336229
8219,REG2021ME08219,2021,ME,REGULAR,0.2600264571056612,-0.9603872826247395,-0.7106329419391217
8220,REG2020ECE08220,2020,ECE,REGULAR,0.48381809680930205,-2.3057435746073613,0.30624328010540014
8221,REG2020CSE08221,2020,CSE,REGULAR,-0.3420524583909035,-0.024636068108164887,-0.21267624421959577
8222,REG2021CSE08222,2021,CSE,REGULAR,0.4374544160454248,0.3963082837605577,-1.1181960933700137
8223,REG2022EEE08223,2022,EEE,REGULAR,-0.46928242437498696,0.5468640377032314,-0.3439754634554
8224,REG2020CE08224,2020,CE,REGULAR,-1.8678019468669809,1.1603678217171407,-1.5747273583726038
8225,REG2020CSE08225,2020,CSE,LATERAL_ENTRY,-1.418650054054024,1.2060095318603368,0.06672030173350728
8226,REG2020CSE08226,2020,CSE,LATERAL_ENTRY,-0.13721596354007573,1.070920815994527,0.5760292585736508
8227,REG2022EEE08227,2022,EEE,REGULAR,1.171822034461271,-0.18883390875389322,-0.00945847792291747
8228,REG2020EEE08228,2020,EEE,REGULAR,1.541714084646772,0.6752051989210219,0.23419124658417872
8229,REG2021ME08229,2021,ME,REGULAR,-0.8924562999990119,0.14817470117579992,-0.03566069309668068
8230,REG2021EEE08230,2021,EEE,REGULAR,1.4364273814199602,-0.37678233517844006,-0.03349054896279468
8231,REG2022CE08231,2022,CE,LATERAL_ENTRY,-0.3126911172198503,-0.3086244643290655,-0.41999698791190193
8232,REG2023CSE08232,2023,CSE,REGULAR,-1.0806977407875762,-0.06423562787678341,-0.8117410150579776
8233,REG2023ECE08233,2023,ECE,REGULAR,-0.5779960592238897,-0.029203761307830516,0.8508081604832821
8234,REG2021ME08234,2021,ME,REGULAR,-1.3267306531410774,0.7557800953973218,-1.320008198720333
8235,REG2020ECE08235,2020,ECE,REGULAR,1.0336035092642322,1.0738604235470361,-0.24767208090775475
8236,REG2022CE08236,2022,CE,REGULAR,-0.47669535363459936,0.8947336081196483,-0.43778264760517055
8237,REG2023CSE08237,2023,CSE,REGULAR,0.6469199253554921,-0.38978127404200713,-0.30104479711349136
8238,REG2020EEE08238,2020,EEE,REGULAR,1.7278751797775054,-0.4781667710740823,0.8079158916638587
8239,REG2022CSE08239,2022,CSE,REGULAR,0.4024420568705598,-0.5122101217764626,-0.5538244808215139
8240,REG2020ECE08240,2020,ECE,REGULAR,0.42037309114545324,-0.13355336005566149,1.4597571220061458
8241,REG2021CE08241,2021,CE,REGULAR,-0.24074442876150853,0.38613073216732946,0.17249181469941655
8242,REG2022ECE08242,2022,ECE,REGULAR,0.5346685805112448,1.3648603858394455,0.5695290400155393
8243,REG2023CE08243,2023,CE,REGULAR,-0.36239638982963657,-0.06864283053207273,1.8069080897766543
8244,REG2021EEE08244,2021,EEE,REGULAR,-0.9125555747510875,0.2596330504822567,0.673205647836425
8245,REG2020CSE08245,2020,CSE,REGULAR,0.7417729714305786,-0.24844274590583254,-0.32610719252860093
8246,REG2022ECE08246,2022,ECE,REGULAR,1.9275913932607014,0.9291577239022567,0.1283811001973027
8247,REG2022ME08247,2022,ME,REGULAR,-1.300799263194699,0.979500734192805,-0.3977060380161431
8248,REG2020ME08248,2020,ME,LATERAL_ENTRY,-0.40850587188734466,0.5114693763321132,-2.140820513836909
8249,REG2022ECE08249,2022,ECE,REGULAR,-1.1775293324525202,0.8936348643535378,1.9722350695732287
8250,REG2022CSE08250,2022,CSE,REGULAR,0.37545936048468775,0.22471874455592153,0.18404657871869964
8251,REG2020CE08251,2020,CE,REGULAR,0.9678288106710435,-0.3114206601477271,2.191802206214944
8252,REG2020ME08252,2020,ME,REGULAR,0.1730649613022606,-0.5772440284205002,0.9163957848274423
8253,REG2023EEE08253,2023,EEE,REGULAR,-0.9899770982992891,0.8164893627992212,1.6837669755325728
8254,REG2023ME08254,2023,ME,REGULAR,0.7406129891922374,-0.2094030684940781,-0.09890668677035269
8255,REG2022CSE08255,2022,CSE,REGULAR,0.9106956917429151,-0.4939671008306439,-0.6175359467146099
8256,REG2023CSE08256,2023,CSE,REGULAR,-0.5925125960301061,0.14270307586198502,-0.2823146245015085
8257,REG2022CSE08257,2022,CSE,REGULAR,-0.9105427191331396,0.8419363406999347,0.39877960249658817
8258,REG2020CSE08258,2020,CSE,LATERAL_ENTRY,-0.04984574943299893,-0.37433042495328833,0.7921080563266133
8259,REG2022EEE08259,2022,EEE,REGULAR,1.4724681749978985,-0.3639799778266994,0.06870594048094593
8260,REG2022ECE08260,2022,ECE,REGULAR,-1.025431474857225,0.1520344988375729,-0.043001007826705046
8261,REG2021CSE08261,2021,CSE,LATERAL_ENTRY,-0.16989273759763035,-0.42948536835965156,-1.2601546013120648
8262,REG2021ME08262,2021,ME,REGULAR,0.21783580132077365,0.23731247658886107,-1.401121753334446
8263,REG2023ME08263,2023,ME,REGULAR,0.822112164426151,-1.0337184259334702,1.9766581331674054
8264,REG2023CSE08264,2023,CSE,REGULAR,-1.082343709838975,-0.35672702413842083,-1.5977900146240949
8265,REG2020CSE08265,2020,CSE,REGULAR,1.4776681853766809,-0.7750035140267835,0.8576039927800516
8266,REG2022CSE08266,2022,CSE,REGULAR,0.6299590657305041,0.6942512915379382,-0.28914920836598834
8267,REG2021ME08267,2021,ME,REGULAR,0.45679810983621355,1.0260151110537599,-0.3661849082122145
8268,REG2023ECE08268,2023,ECE,REGULAR,-0.8141517155184925,1.3329818101775455,0.30676583466209273
8269,REG2023EEE08269,2023,EEE,REGULAR,0.42157138813352196,-2.1634322877947487,-0.6345968099572799
8270,REG2023ME08270,2023,ME,REGULAR,-0.5002081708506773,-0.5745278687527685,0.6184208434018068
8271,REG2021ECE08271,2021,ECE,REGULAR,-0.034299018613123004,1.1919546532339402,-0.4635513009164374
8272,REG2020ECE08272,2020,ECE,REGULAR,1.73017205577164,0.29747174684578354,1.7169608617794243
8273,REG2023EEE08273,2023,EEE,REGULAR,2.1678530172566735,-0.32734209355985655,-0.2861065442390799
8274,REG2021ECE08274,2021,ECE,REGULAR,1.3222082155022625,1.9829056900915374,-0.18671246907655792
8275,REG2020EEE08275,2020,EEE,REGULAR,-0.29721487653519596,0.6066627236268646,1.107079460723044
8276,REG2021CE08276,2021,CE,REGULAR,-0.6920812311179788,1.430619554227438,-0.5409090036835561
8277,REG2022ME08277,2022,ME,REGULAR,-1.1263778436949428,-1.415964452633154,-0.7429528606226071
8278,REG2022ECE08278,2022,ECE,REGULAR,0.9925568919138317,0.24689052251398397,-1.6822956315292419
8279,REG2021EEE08279,2021,EEE,REGULAR,-0.7968951440214327,-0.7987848556863677,0.05269147110574097
8280,REG2023EEE08280,2023,EEE,REGULAR,1.4663357827377084,-0.8294174893138989,-1.5583738322793752
8281,REG2021ECE08281,2021,ECE,REGULAR,-0.09004899263259462,-0.10496015305083954,1.0869212020455101
8282,REG2022CSE08282,2022,CSE,REGULAR,-1.441980491005664,0.4237695970337196,-0.873573931448164
8283,REG2023EEE08283,2023,EEE,REGULAR,-0.41942709847575377,-1.1210637262683363,0.3878750479013138
8284,REG2020CE08284,2020,CE,REGULAR,0.4503579939853256,-0.3630047392263005,0.02938583770605697
8285,REG2020ME08285,2020,ME,LATERAL_ENTRY,0.2825148455824921,0.6411366065698456,-0.9983247077960485
8286,REG2020ECE08286,2020,ECE,REGULAR,-0.4605993207216221,-1.8765857065544547,1.5922006745565056
8287,REG2020ME08287,2020,ME,REGULAR,-0.0015031749084610097,-0.034518494912383055,-1.3566185320483697
8288,REG2020ECE08288,2020,ECE,REGULAR,1.4405186996427155,-1.2704696712705372,1.481746746566818
8289,REG2022CE08289,2022,CE,REGULAR,0.25119270231338836,1.803121976276126,1.0825141858066865
8290,REG2022CSE08290,2022,CSE,REGULAR,-2.365553592684297,0.7028033684922748,0.27520123653824097
8291,REG2022ECE08291,2022,ECE,REGULAR,1.460597297685411,1.5320262520981018,-0.1221799284814335
8292,REG2022EEE08292,2022,EEE,LATERAL_ENTRY,-0.7275722154562111,0.2598989010423101,-0.9161032185141404
8293,REG2023CSE08293,2023,CSE,REGULAR,-0.5102042079572375,-0.5363568795982724,0.47146758090934193
8294,REG2022CE08294,2022,CE,REGULAR,-0.4963885272148076,-0.790590310513387,0.49262449269952874
8295,REG2021EEE08295,2021,EEE,REGULAR,-0.8418796978364393,-1.6040540716737481,1.631533727343083
8296,REG2020CSE08296,2020,CSE,REGULAR,-0.2887276878147827,-1.0878847323549063,1.2999722772750621
8297,REG2020ECE08297,2020,ECE,REGULAR,-0.8017919285392571,0.7197969509917325,-1.0358383827042241
8298,REG2022EEE08298,2022,EEE,REGULAR,-0.9043155271070124,0.14252329770429395,-0.3623679614345714
8299,REG2022CE08299,2022,CE,REGULAR,-0.9506797242314157,1.0865886101053461,-1.181985109274356
8300,REG2020ECE08300,2020,ECE,REGULAR,-1.7840453362467172,0.893417266047651,-1.4635819635868597
8301,REG2023ECE08301,2023,ECE,LATERAL_ENTRY,-0.8202702409122603,-1.4880172189472831,0.6365512327601801
8302,REG2021EEE08302,2021,EEE,LATERAL_ENTRY,-1.2231657573904378,1.1362074350830051,-0.03674056071010108
8303,REG2022EEE08303,2022,EEE,REGULAR,0.7558408478748394,0.41633898139525216,-1.1566361919413006
8304,REG2021CSE08304,2021,CSE,REGULAR,0.3880949927216057,0.14836719333174106,0.6399024709628846
8305,REG2023ECE08305,2023,ECE,REGULAR,1.7995870173169901,-1.6454678888371055,0.06495619101028412
8306,REG2023EEE08306,2023,EEE,REGULAR,-1.4788546951458899,-0.2669563071338542,-1.1882913506953199
8307,REG2022CE08307,2022,CE,REGULAR,-0.07173955755951213,0.4604665044811779,-1.531903132621566
8308,REG2022CE08308,2022,CE,REGULAR,-0.6349324900294716,-1.817741204181767,-1.4004658647597876
8309,REG2022CE08309,2022,CE,REGULAR,-0.58744280170088,2.1933149568879764,2.6187288208686534
8310,REG2023ME08310,2023,ME,LATERAL_ENTRY,-0.2643833598497234,1.0558731394775773,-0.6400853217739039
8311,REG2021ECE08311,2021,ECE,REGULAR,0.42199208102511115,0.002043510228310226,-0.13968617229875882
8312,REG2022EEE08312,2022,EEE,REGULAR,0.27840445993785995,-0.21338047601372664,-0.8804276369232692
8313,REG2020CE08313,2020,CE,REGULAR,0.7984072492861791,-0.05595971224037528,1.0012553256923986
8314,REG2023ECE08314,2023,ECE,REGULAR,-0.4295619426738013,0.20172502135488482,-0.027043017717910404
8315,REG2023CE08315,2023,CE,REGULAR,0.49403190650044465,2.491062273132058,-0.7384208263767816
8316,REG2020ME08316,2020,ME,REGULAR,-0.5048265397957669,-0.463178895597799,-1.060116446360478
8317,REG2023EEE08317,2023,EEE,REGULAR,-0.34510435016188534,1.3737209622841335,-1.2736858040568348
8318,REG2023ECE08318,2023,ECE,REGULAR,0.14145339709474164,0.6255024250463252,0.6525091553665207
8319,REG2021EEE08319,2021,EEE,LATERAL_ENTRY,1.6416080300805826,-0.5636234932384073,-1.0134902459079178
8320,REG2022ME08320,2022,ME,LATERAL_ENTRY,-0.402008613770025,-0.5730894839061049,-0.06282948695723467
8321,REG2023ME08321,2023,ME,REGULAR,0.9474786214516142,0.9266422490169065,0.911059385172746
8322,REG2022CE08322,2022,CE,REGULAR,0.5664059640827552,0.5024058434128431,-1.8701895621449662
8323,REG2022ME08323,2022,ME,REGULAR,-0.44574262302496964,0.3545728517294391,0.5589164300701719
8324,REG2020CSE08324,2020,CSE,LATERAL_ENTRY,0.14519202928015185,-0.7197606488364814,1.1719451246528123
8325,REG2020ME08325,2020,ME,REGULAR,-2.104991321387684,-0.21783875640711253,0.7104229453870187
8326,REG2021CE08326,2021,CE,REGULAR,-1.2353738278086834,0.12582964564534319,0.20079418563610624
8327,REG2021CE08327,2021,CE,REGULAR,0.4020945281437115,0.25874862249778013,-2.9770646628677664
8328,REG2023CSE08328,2023,CSE,REGULAR,-0.40663351088068905,0.026407497366279575,-0.43015209722559483
8329,REG2021ME08329,2021,ME,REGULAR,0.8810254148074643,-0.28485032802604543,0.1847383394379357
8330,REG2020ME08330,2020,ME,REGULAR,1.595655729243353,0.3428658123934177,0.5871021490186049
8331,REG2022EEE08331,2022,EEE,LATERAL_ENTRY,2.1773650103908184,0.03216596515730213,-0.1761389739848207
8332,REG2021EEE08332,2021,EEE,REGULAR,-0.5262490752450694,0.8207083854337788,0.27664614360109974
8333,REG2020CE08333,2020,CE,REGULAR,0.5958460910940816,-0.5396828219526805,-0.9660202025840862
8334,REG2021EEE08334,2021,EEE,REGULAR,0.15535373127372953,1.5134636935486896,0.2062214007593228
8335,REG2020CSE08335,2020,CSE,REGULAR,-0.6734857671298948,0.8812491026944852,1.2322569131326109
8336,REG2021CSE08336,2021,CSE,REGULAR,1.110664099944154,-1.4349022948602725,-0.5680804223722679
8337,REG2020ECE08337,2020,ECE,REGULAR,0.7784077882486561,-0.33734020132138753,-2.4931882403776093
8338,REG2023ME08338,2023,ME,LATERAL_ENTRY,1.2621542236613548,0.6448485676582916,-0.51588089922312
8339,REG2022CSE08339,2022,CSE,REGULAR,-0.2972302286376246,0.9575293007124285,-0.1268399422754113
8340,REG2022ME08340,2022,ME,REGULAR,-0.4127275445264093,0.657655064798213,-0.3177849328508119
8341,REG2020EEE08341,2020,EEE,REGULAR,1.7777941630306175,0.5605188649500722,-0.8443161809739343
8342,REG2020CE08342,2020,CE,REGULAR,0.30488192102187855,-0.8733966694994213,1.2663210739596187
8343,REG2021ME08343,2021,ME,REGULAR,0.3096731580736328,0.12259077832000215,0.2338564104837705
8344,REG2021ME08344,2021,ME,REGULAR,0.6719920113812231,1.958654794071419,-2.0173773848289542
8345,REG2020CE08345,2020,CE,REGULAR,0.540002948924055,0.04396779600074701,-0.17710656720460444
8346,REG2020ME08346,2020,ME,REGULAR,-2.363278223127534,-0.834428467676373,0.042479972717485215
8347,REG2021EEE08347,2021,EEE,REGULAR,0.08818471915812538,0.5800735297000139,-0.5492334146807265
8348,REG2020CE08348,2020,CE,REGULAR,0.2617128326851234,-0.10369239366867394,0.8010918391602303
8349,REG2020EEE08349,2020,EEE,REGULAR,-0.4368415986398876,-0.6849991243323018,-0.1004921194439378
8350,REG2021EEE08350,2021,EEE,REGULAR,-0.728018905510573,-3.0626487136846983,-0.7175333559993947
8351,REG2022CE08351,2022,CE,REGULAR,-0.3576505524768938,-0.9147621639950791,0.13390436495375665
8352,REG2022CE08352,2022,CE,REGULAR,-0.7904608673210789,-1.275094425160134,1.040372867773165
8353,REG2021ECE08353,2021,ECE,REGULAR,0.06927254997727586,0.8430380100543897,0.314536525817774
8354,REG2023CE08354,2023,CE,REGULAR,-0.7885530954773146,0.4496065380502421,0.7522143378569391
8355,REG2021ECE08355,2021,ECE,REGULAR,0.7514383249385085,-1.1825888337768244,0.7077921877788621
8356,REG2022CE08356,2022,CE,REGULAR,0.2377838083390322,-0.7161200239944692,0.5652765679538522
8357,REG2022CE08357,2022,CE,REGULAR,-0.04889590601737045,-0.6187852084677103,-0.3149343750576112
8358,REG2023EEE08358,2023,EEE,LATERAL_ENTRY,-0.643470079955464,1.5571391538937163,-0.0325600269542642
8359,REG2022EEE08359,2022,EEE,REGULAR,-2.06564679321955,-0.8935224806350557,-0.30834403267420096
8360,REG2021ECE08360,2021,ECE,REGULAR,0.14096928199946532,-0.5746330320054897,0.3438625447122651
8361,REG2022CE08361,2022,CE,REGULAR,-0.5863508887664038,2.067098252693946,-0.3153155397597164
8362,REG2021ME08362,2021,ME,REGULAR,-0.4801757233733798,-1.5379365232668454,0.6536415787332035
8363,REG2023CE08363,2023,CE,REGULAR,-1.129839731320617,1.5231332209486315,-0.2019221247300876
8364,REG2022CE08364,2022,CE,REGULAR,0.38016571367598323,0.37240362997897003,1.5411316929739591
8365,REG2020EEE08365,2020,EEE,REGULAR,-0.028692388044620012,-2.2975681036844526,-0.2653435852640591
8366,REG2022ME08366,2022,ME,REGULAR,0.0759471360613155,-0.3392519625592835,0.7715288435480483
8367,REG2022EEE08367,2022,EEE,LATERAL_ENTRY,-0.5673787259009379,-0.36238454014577803,0.09953400226004445
8368,REG2022EEE08368,2022,EEE,REGULAR,0.2180301243425409,0.5292911325047989,0.45023723475834404
8369,REG2022EEE08369,2022,EEE,REGULAR,-0.8849366815319398,1.5675953261274023,-1.6935715930484896
8370,REG2020CSE08370,2020,CSE,REGULAR,1.317522241973222,-1.7285809000329146,-0.7731502270894816
8371,REG2022ME08371,2022,ME,REGULAR,0.3880867080150871,1.0247396565316653,1.3469632702543701
8372,REG2023ECE08372,2023,ECE,REGULAR,1.1245927750064273,-2.588788431382411,0.4918608553090056
8373,REG2022CE08373,2022,CE,REGULAR,0.3585066475152589,0.04328189459880892,-0.2932018888426347
8374,REG2023ECE08374,2023,ECE,LATERAL_ENTRY,-0.7936062026893977,0.8022226721684808,0.6616853114327921
8375,REG2023CSE08375,2023,CSE,REGULAR,-1.0081155239646367,0.9934789732247071,0.4615567334067898
8376,REG2023CSE08376,2023,CSE,REGULAR,0.558581044328699,0.47031355569024447,-0.3263527165912891
8377,REG2020CSE08377,2020,CSE,REGULAR,1.325963188002857,1.1448562428051574,0.7884822361427664
8378,REG2022ME08378,2022,ME,REGULAR,-1.1779838233485844,-0.39494423070908447,-0.6825514712772067
8379,REG2021CSE08379,2021,CSE,REGULAR,0.16975429995107202,-0.1729431610120041,0.22053849264506253
8380,REG2023CE08380,2023,CE,REGULAR,0.553271537988068,-2.006402631063822,0.7706537165675023
8381,REG2020ECE08381,2020,ECE,REGULAR,-0.5527933983689722,0.06447188630896654,-0.15752005862403062
8382,REG2023EEE08382,2023,EEE,REGULAR,0.8928430816933504,0.17004427758738924,1.5682053048123135
8383,REG2021ME08383,2021,ME,REGULAR,-0.4389151892704747,-0.6078297022151536,0.9748173392532091
8384,REG2021CSE08384,2021,CSE,REGULAR,1.2889463621090174,1.4808606593269567,-2.7660451531166244
8385,REG2020CE08385,2020,CE,LATERAL_ENTRY,-0.49561582003959836,-0.10554832319341169,-0.17589107145932625
8386,REG2021ME08386,2021,ME,REGULAR,2.3662178641698097,0.021410595961915503,0.07988711607539069
8387,REG2021CSE08387,2021,CSE,REGULAR,1.401982820679128,-0.82393379689637,1.216192248403992
8388,REG2020EEE08388,2020,EEE,REGULAR,1.1687378477600563,2.0836339763215115,-1.7448910435701859
8389,REG2022ECE08389,2022,ECE,REGULAR,-0.7301959773420049,0.5517799615697839,0.7350345214134631
8390,REG2020ME08390,2020,ME,REGULAR,0.2990162411521912,0.43797156630121703,0.7503505154978524
8391,REG2023CSE08391,2023,CSE,REGULAR,-0.736039506445663,0.3253549846652043,-0.060352489335436216
8392,REG2022ECE08392,2022,ECE,REGULAR,1.1395725945117177,0.4685699981726854,-1.6197542603990769
8393,REG2023ECE08393,2023,ECE,LATERAL_ENTRY,-0.37477170208690863,-0.5996075244154967,-2.067959740306868
8394,REG2021ECE08394,2021,ECE,LATERAL_ENTRY,-0.7520835065711751,0.5590494463418603,2.1029696765937236
8395,REG2022CE08395,2022,CE,REGULAR,0.5262192639929443,0.6099168907834213,-1.4652688153969997
8396,REG2021ME08396,2021,ME,REGULAR,0.3104843795280605,0.33468444315908225,0.9852731810259228
8397,REG2023ME08397,2023,ME,REGULAR,2.1325951139619455,-0.798362305452232,0.9467065595253874
8398,REG2022EEE08398,2022,EEE,REGULAR,0.6835931668103593,0.8242072336936462,0.11060983149444753
8399,REG2023ME08399,2023,ME,REGULAR,0.515352505786653,-0.8346452553039995,-0.7160948073898105
8400,REG2023ME08400,2023,ME,REGULAR,-0.5250124970885895,-0.8848765060771847,-0.020201717992827828
8401,REG2022CE08401,2022,CE,LATERAL_ENTRY,1.0094022018607625,-1.4683868237130242,0.4718184117917571
8402,REG2020CE08402,2020,CE,REGULAR,-0.062467287363042454,0.9969744200914968,0.19292822058574025
8403,REG2022CSE08403,2022,CSE,REGULAR,1.4963108939656726,0.03812258397474842,0.9535405168404316
8404,REG2020CSE08404,2020,CSE,REGULAR,0.21848433768413822,0.7371895253737577,0.4641742169274627
8405,REG2021CSE08405,2021,CSE,REGULAR,1.0569140185992172,0.9237666411331893,0.5696996707580374
8406,REG2022CSE08406,2022,CSE,REGULAR,0.26988602779638865,-0.052765893201966826,0.3767675979801336
8407,REG2020CE08407,2020,CE,REGULAR,0.11457186016712088,0.6130237287307928,-0.49738886543981115
8408,REG2020CSE08408,2020,CSE,REGULAR,-0.1192591542364694,0.33154374797859615,-0.12900642706778837
8409,REG2022ECE08409,2022,ECE,LATERAL_ENTRY,0.31725580567655964,1.4408146419951622,0.37244517518931264
8410,REG2021CSE08410,2021,CSE,REGULAR,-0.30280789971841426,0.4501709986484811,0.42286036715484576
8411,REG2021ME08411,2021,ME,LATERAL_ENTRY,0.9385439913394518,0.5730523394222728,0.865790785375511
8412,REG2022ECE08412,2022,ECE,REGULAR,-0.4297142873689169,-0.21013109772900496,1.3749496438352964
8413,REG2022CSE08413,2022,CSE,REGULAR,-1.0125401680699102,0.8021036216394895,1.225126892021497
8414,REG2020CE08414,2020,CE,REGULAR,-0.025303214527604836,0.12209729089172726,-0.6805489686520229
8415,REG2021CE08415,2021,CE,REGULAR,0.2731852140913213,-0.5704258126393609,-0.18664781035123837
8416,REG2022CSE08416,2022,CSE,REGULAR,1.1796844936508522,-1.3874715458985154,0.20684658356447344
8417,REG2023CSE08417,2023,CSE,REGULAR,-0.581879823769753,-0.1774350097632825,-1.4544225830944784
8418,REG2020ME08418,2020,ME,REGULAR,1.0407528575112945,-0.09697780726717828,0.0546599711347555
8419,REG2021EEE08419,2021,EEE,REGULAR,0.6025881570731539,0.8369320084370705,0.859719718444991
8420,REG2021CSE08420,2021,CSE,REGULAR,-0.6947761100386498,0.7506248852386342,-1.7568435596003789
8421,REG2021EEE08421,2021,EEE,REGULAR,-0.09517861909886688,-1.652663397046005,0.34431995085906913
8422,REG2022ECE08422,2022,ECE,REGULAR,0.013533560687097884,0.025398092089794995,-2.168779144146772
8423,REG2022CE08423,2022,CE,LATERAL_ENTRY,-0.05005935470979146,-0.029941256903986076,0.953864124403464
8424,REG2020CSE08424,2020,CSE,REGULAR,-1.1120077705513065,-0.48794770815075783,0.7329411944159032
8425,REG2020ME08425,2020,ME,REGULAR,0.25846987080841716,0.8050255667444348,1.00169830640418
8426,REG2022ECE08426,2022,ECE,REGULAR,0.37004684698501267,1.1399562957847547,0.7043598627606377
8427,REG2022CSE08427,2022,CSE,REGULAR,-0.4976778569762864,0.22430865491502797,0.07661775258204435
8428,REG2020ME08428,2020,ME,REGULAR,0.4798784176859156,-2.801238325637028,-0.46321466339787226
8429,REG2023CE08429,2023,CE,REGULAR,-0.6138184407556799,0.29061919880565285,0.2676429746537377
8430,REG2022ME08430,2022,ME,REGULAR,-0.664042279550575,-1.9589145318685537,1.2219010219114712
8431,REG2022EEE08431,2022,EEE,REGULAR,-0.006255495126707737,-0.6502438572743185,0.3282339742142439
8432,REG2022EEE08432,2022,EEE,REGULAR,-0.7054183479219046,0.763906115115755,2.3186361455856903
8433,REG2020CE08433,2020,CE,REGULAR,1.099402136397429,-0.18506892447392834,0.34954317574885135
8434,REG2020CE08434,2020,CE,REGULAR,1.133349498663249,-0.1566061524027302,1.2906213613463666
8435,REG2023CSE08435,2023,CSE,LATERAL_ENTRY,-0.5055798456712356,0.28987570003352536,-0.5907456446791451
8436,REG2020EEE08436,2020,EEE,LATERAL_ENTRY,-2.8561115563992727,0.9505755041983636,-0.5679310020358106
8437,REG2023EEE08437,2023,EEE,REGULAR,1.637357793533456,-0.28265920573555714,-0.04853089620107456
8438,REG2022ECE08438,2022,ECE,REGULAR,-0.22026272638056899,0.07624735180523477,-0.8121493216302651
8439,REG2020CSE08439,2020,CSE,REGULAR,-1.2576773292012948,-0.6867643960600283,0.4698399223516051
8440,REG2020ECE08440,2020,ECE,LATERAL_ENTRY,-0.4649890156641468,-0.21760984522651364,-1.017614639138298
8441,REG2020CSE08441,2020,CSE,LATERAL_ENTRY,0.13090855044450983,0.198000904303877,-0.8167595626601664
8442,REG2021ME08442,2021,ME,REGULAR,-1.1488154431344675,2.1251901311895045,0.4301801076060842
8443,REG2020CE08443,2020,CE,REGULAR,1.1855206355467158,-0.6492343473128837,0.8797384946186404
8444,REG2021CSE08444,2021,CSE,REGULAR,1.0714910579935542,1.7143013531213191,0.7189820708555225
8445,REG2020CSE08445,2020,CSE,REGULAR,0.3708281262654611,0.6569641043543294,0.7101325265792365
8446,REG2021EEE08446,2021,EEE,REGULAR,1.1447865426333939,-0.17324233693899185,2.1309094660756362
8447,REG2021ECE08447,2021,ECE,REGULAR,-0.6110126532039355,-0.18477761011038274,0.6753019895022717
8448,REG2023EEE08448,2023,EEE,REGULAR,0.6677929566115377,0.36022273928856074,-0.7969747770318478
8449,REG2021CSE08449,2021,CSE,REGULAR,-1.5172172635509285,0.25863270662353033,-0.2191234766868646
8450,REG2022CSE08450,2022,CSE,LATERAL_ENTRY,0.46832094539917146,0.5885023502783295,-0.9755841869219186
8451,REG2021CE08451,2021,CE,REGULAR,-0.41110078708842623,-0.7982063020533317,-0.38862035207854134
8452,REG2022CSE08452,2022,CSE,REGULAR,-0.7332907574088738,-0.15836963921082517,0.7587598585760396
8453,REG2022CSE08453,2022,CSE,REGULAR,0.9332990120222197,-0.6940342931142395,-1.0226534254217823
8454,REG2022ME08454,2022,ME,LATERAL_ENTRY,0.6559275596037827,-2.4395386018008014,-0.6426964683913223
8455,REG2022CSE08455,2022,CSE,LATERAL_ENTRY,1.0538239871760213,-0.20227373139041746,0.7648808499784056
8456,REG2021CE08456,2021,CE,LATERAL_ENTRY,-1.399920842405589,1.21047124965581,0.9054609966304825
8457,REG2020ECE08457,2020,ECE,REGULAR,-0.7679598976568258,0.5222310360034311,0.7918387542546474
8458,REG2021CSE08458,2021,CSE,REGULAR,1.1470449630781003,0.5535292861972243,-0.1041298005229314
8459,REG2022ECE08459,2022,ECE,REGULAR,0.22741161176704602,-0.9237570784116225,0.2139415951380755
8460,REG2022ECE08460,2022,ECE,REGULAR,-1.463786680319453,-1.1026924851681077,1.289659880999873
8461,REG2023CSE08461,2023,CSE,REGULAR,-1.3204316588858531,-0.02646224644368037,0.1334150080418203
8462,REG2023ECE08462,2023,ECE,REGULAR,-1.3066527624140658,-0.380258302843543,-0.9091951417798495
8463,REG2020ME08463,2020,ME,REGULAR,-2.3784958402284557,-0.3344327905980417,0.8074554219267825
8464,REG2023CE08464,2023,CE,REGULAR,1.6302684514561843,-0.0144519616005268,0.41505613953510345
8465,REG2023CE08465,2023,CE,REGULAR,-0.04953456368521075,0.04580325589272857,-0.14454298469873253
8466,REG2020EEE08466,2020,EEE,REGULAR,-0.9357820054958538,-0.04700455009552906,-1.082528145889326
8467,REG2022EEE08467,2022,EEE,REGULAR,1.6164379006973941,-1.1792545698392913,0.7622159435201785
8468,REG2022ECE08468,2022,ECE,LATERAL_ENTRY,-1.9081832745447425,-2.2597005728073802,0.7297231505807619
8469,REG2023ME08469,2023,ME,REGULAR,-0.3551118237978642,-0.25378074724385274,-1.1713468568417562
8470,REG2020CSE08470,2020,CSE,REGULAR,-0.4407546183869763,1.5956839242354353,-0.7401714979017734
8471,REG2020CE08471,2020,CE,REGULAR,1.2377369484299512,1.4860048217842436,-0.2563230907395223
8472,REG2022ECE08472,2022,ECE,REGULAR,-0.47919707989423704,-1.309194236504422,-0.5738531635876478
8473,REG2022CE08473,2022,CE,REGULAR,1.112864934179141,-0.5575618844945075,0.073346861423625
8474,REG2023EEE08474,2023,EEE,REGULAR,0.4761201930504542,-0.13699499395809828,0.45406231144894393
8475,REG2022CE08475,2022,CE,REGULAR,0.9995344536513355,-0.01757167960904134,0.6034412799091261
8476,REG2020CE08476,2020,CE,LATERAL_ENTRY,0.3736438105703137,1.8225560328713364,0.2649594993492538
8477,REG2023ECE08477,2023,ECE,REGULAR,0.6414383568702496,0.47529615313924173,-1.542905916430457
8478,REG2023CE08478,2023,CE,REGULAR,1.4888234065525099,-2.84691935088947,-0.3382614529341441
8479,REG2023EEE08479,2023,EEE,LATERAL_ENTRY,-1.2099842592888688,-0.5572645582815271,-0.3985440537258511
8480,REG2020CE08480,2020,CE,REGULAR,1.1292236661840211,0.7896967198454862,2.242267449818157
8481,REG2022ECE08481,2022,ECE,REGULAR,-0.04803677698448137,-0.9914523061620572,0.38890465456582524
8482,REG2022CE08482,2022,CE,REGULAR,1.7429037237170137,-0.6191246947354285,-1.5507771457231903
8483,REG2021CSE08483,2021,CSE,REGULAR,0.4914357661724,0.8617069780326444,-1.700752193853906
8484,REG2022ECE08484,2022,ECE,REGULAR,-0.26568578034535245,1.149277225309553,0.449525341163158
8485,REG2020ME08485,2020,ME,REGULAR,-0.14544519347188506,0.31091080876447974,-0.625368232871894
8486,REG2020EEE08486,2020,EEE,LATERAL_ENTRY,-0.12255640889526313,0.21943726230351937,-1.6380877696769822
8487,REG2022ECE08487,2022,ECE,REGULAR,-0.25427840834558174,-0.44446692912428465,-0.2513084311622443
8488,REG2021CE08488,2021,CE,REGULAR,-0.25264837087595166,1.610773492265386,-1.9565399745882275
8489,REG2022ECE08489,2022,ECE,REGULAR,-2.43904658975161,1.6300794320935157,0.05713676058342749
8490,REG2022ME08490,2022,ME,LATERAL_ENTRY,0.10950876285485489,-2.9091895580433436,-0.6609009495620751
8491,REG2022EEE08491,2022,EEE,LATERAL_ENTRY,0.6533890576164542,-0.9214411692321217,1.6698820113262642
8492,REG2021EEE08492,2021,EEE,REGULAR,0.40436409160345876,-1.6832551515791203,0.17462021612801548
8493,REG2020CSE08493,2020,CSE,REGULAR,-0.4621709178910624,-2.1162378818142464,-1.3787629524742042
8494,REG2022CE08494,2022,CE,REGULAR,-0.00897867556514892,-1.8762814153827798,-0.44202401622093385
8495,REG2023ME08495,2023,ME,REGULAR,0.7955158642768044,1.359596800504632,0.4729271367696161
8496,REG2023CSE08496,2023,CSE,REGULAR,0.34948460761267247,0.22456340854780124,-0.30661274808333977
8497,REG2021ME08497,2021,ME,REGULAR,0.4635713287543039,1.0350846590517966,-1.4209602285368341
8498,REG2021EEE08498,2021,EEE,REGULAR,1.6549264761311977,-0.7258192483932949,0.4427818868916214
8499,REG2023ECE08499,2023,ECE,REGULAR,-0.3857063342400613,1.9701887995641627,-0.7896213449587307
8500,REG2020CSE08500,2020,CSE,REGULAR,1.5945938249323213,1.3562905015815894,-0.8797112033525907
8501,REG2023ECE08501,2023,ECE,REGULAR,-1.0233265794945092,0.003062646134125299,1.7983480914875554
8502,REG2023EEE08502,2023,EEE,REGULAR,0.37879048715917146,1.1587418832865701,-1.1056199102356836
8503,REG2020ECE08503,2020,ECE,REGULAR,-1.5947412048283804,-0.894207708632963,-0.5471418134367655
8504,REG2020ME08504,2020,ME,REGULAR,0.5738755034876738,-1.9745929093859798,0.6311707921621125
8505,REG2020CE08505,2020,CE,REGULAR,0.3021225079297455,0.9977527504875965,0.2650730507322819
8506,REG2022CSE08506,2022,CSE,LATERAL_ENTRY,1.0013299697080194,0.556664110288428,-2.2368857220705145
8507,REG2020ME08507,2020,ME,LATERAL_ENTRY,-1.9770274271005843,0.7497828052642297,0.6248976993389408
8508,REG2020ECE08508,2020,ECE,REGULAR,-1.3776261247197548,0.024828608435670932,0.338225850874735
8509,REG2021EEE08509,2021,EEE,LATERAL_ENTRY,0.6465657098192138,-0.4052032652046699,0.6982442943655424
8510,REG2022CE08510,2022,CE,REGULAR,-0.5334892604309164,-0.8564063246409701,-1.2255020614858416
8511,REG2021CSE08511,2021,CSE,REGULAR,-1.096648120896549,-0.676007516638484,-1.1892741836618579
8512,REG2021CSE08512,2021,CSE,REGULAR,0.27896841892118246,-0.719774564318931,0.9076102005735537
8513,REG2023ECE08513,2023,ECE,REGULAR,-2.492016332686039,-0.31719782349670317,0.7037022029230642
8514,REG2022ECE08514,2022,ECE,REGULAR,1.920672840345902,-1.0027026633221274,-0.08980347159349311
8515,REG2021ECE08515,2021,ECE,REGULAR,-0.5086954667974974,-1.0216179545061546,-0.9095139925524633
8516,REG2023CE08516,2023,CE,REGULAR,-1.3506057433544534,-1.3899048713385043,-0.43969629892495127
8517,REG2023EEE08517,2023,EEE,REGULAR,0.45100703495643457,1.3737005905372182,-1.4181922030329823
8518,REG2020CE08518,2020,CE,LATERAL_ENTRY,0.5245721606547538,-0.8134270376797311,-0.5697068823485079
8519,REG2022ECE08519,2022,ECE,REGULAR,0.8544405400185094,0.24374347638575924,-0.8348787826563209
8520,REG2021ME08520,2021,ME,REGULAR,-1.5078962410805614,-1.2129544962010745,0.24626199340670735
8521,REG2023ECE08521,2023,ECE,REGULAR,0.32623304803646686,-0.48532946410602823,1.0611450469987436
8522,REG2021CE08522,2021,CE,REGULAR,0.3686849221905448,1.5528675850162594,1.0988945706770805
8523,REG2022ME08523,2022,ME,REGULAR,-0.35607065050072145,0.2893576190087017,-0.28779690155222293
8524,REG2020EEE08524,2020,EEE,REGULAR,0.6517746164813515,1.142614712322731,1.3506556935232898
8525,REG2023ECE08525,2023,ECE,REGULAR,1.0851280141077448,3.39718063948206,0.5265715374884304
8526,REG2022ME08526,2022,ME,REGULAR,0.34971447650944837,0.53164735983449,-1.289032758554915
8527,REG2020CE08527,2020,CE,REGULAR,-1.4687625397063626,0.636051816494188,-1.1296721331924184
8528,REG2020CSE08528,2020,CSE,REGULAR,1.3195058982850738,-0.8000614011287126,0.9440888267606348
8529,REG2023ECE08529,2023,ECE,REGULAR,1.3849067146820684,0.5646410795082623,-0.6299860222441821
8530,REG2020EEE08530,2020,EEE,REGULAR,0.4214906442046368,-0.7290003813682965,-1.1392428407519608
8531,REG2022CE08531,2022,CE,REGULAR,-0.5136262153634513,-0.051311737680323356,-0.6365995592296966
8532,REG2021ECE08532,2021,ECE,LATERAL_ENTRY,-0.2634314910598804,-0.2273650377835668,-1.516963220161751
8533,REG2022CSE08533,2022,CSE,REGULAR,-0.9050861438571505,-0.9120738787258691,0.17459607228380614
8534,REG2022ME08534,2022,ME,REGULAR,0.40111881175649067,0.000817898494056058,0.131201793777128
8535,REG2022ECE08535,2022,ECE,REGULAR,-0.14419399148135342,0.6258822350946178,-0.0966410994324319
8536,REG2021CSE08536,2021,CSE,REGULAR,0.0029567025666774618,-0.9762028240458464,-0.0224913272520612
8537,REG2021ME08537,2021,ME,REGULAR,0.483178537434971,0.9224133208057412,-0.23850143344395686
8538,REG2023CE08538,2023,CE,REGULAR,-1.396043815414402,0.1586035709595685,-0.4537934558375435
8539,REG2021CE08539,2021,CE,REGULAR,1.836868875844288,-0.9286285220276447,0.9132707939928492
8540,REG2020ME08540,2020,ME,LATERAL_ENTRY,-0.4553083937629676,0.14237580764991786,0.8061194732511594
8541,REG2023EEE08541,2023,EEE,REGULAR,-0.7254284816196745,1.0097438857396306,-0.8747422570016371
8542,REG2021ECE08542,2021,ECE,REGULAR,0.6970633539981945,-0.08093245847865764,-1.34032426238918
8543,REG2023CSE08543,2023,CSE,REGULAR,-0.1789599428757498,1.0214939278517772,0.3650240292301429
8544,REG2023CSE08544,2023,CSE,REGULAR,0.29134054858657754,-0.05092885912416896,-1.3365714971785814
8545,REG2021ECE08545,2021,ECE,REGULAR,0.8363457203028474,-1.4979703208918778,1.0132342344127079
8546,REG2021CSE08546,2021,CSE,LATERAL_ENTRY,-2.0765408759666335,-1.3679081920393603,-0.9483969362763764
8547,REG2020CSE08547,2020,CSE,REGULAR,-1.2109816727772031,-0.18539821661037736,-0.41759596563744655
8548,REG2023CSE08548,2023,CSE,LATERAL_ENTRY,-0.25567633390168354,-1.1683744557718352,1.505700359810788
8549,REG2023CSE08549,2023,CSE,REGULAR,0.8746003361213883,-1.459431190547515,1.252782874534157
8550,REG2022ME08550,2022,ME,REGULAR,0.37688820437832105,-0.8254004514614689,-0.3762541724286898
8551,REG2023ME08551,2023,ME,REGULAR,-0.6277528411616482,0.9033287038953455,-0.6152805326328795
8552,REG2023ECE08552,2023,ECE,REGULAR,0.40634223137352016,-0.6954405044734492,0.15778637191574657
8553,REG2021EEE08553,2021,EEE,REGULAR,0.19978512508482618,1.4012934035046163,0.5662269643247784
8554,REG2021ECE08554,2021,ECE,REGULAR,0.46908184559709837,0.1685396473149039,0.15824535886777974
8555,REG2021CE08555,2021,CE,REGULAR,0.9161119206717462,-1.223215226330451,-1.0231732756334506
8556,REG2022ME08556,2022,ME,LATERAL_ENTRY,0.9722370887587022,0.26914577755031904,-0.24399741514682627
8557,REG2021CE08557,2021,CE,REGULAR,-0.8968058214402002,-0.8215953555585679,1.5516978100428123
8558,REG2023EEE08558,2023,EEE,LATERAL_ENTRY,0.49532276967286437,-1.1454684681353065,0.4458512278689073
8559,REG2020EEE08559,2020,EEE,REGULAR,-1.8726913128901241,1.1240357718371858,0.7272854558814774
8560,REG2021EEE08560,2021,EEE,REGULAR,-0.3357160005828943,-1.585100785600655,0.9191016030817993
8561,REG2021ME08561,2021,ME,REGULAR,0.19993781748774,-1.3530453860471625,-1.615548105149591
8562,REG2021ECE08562,2021,ECE,REGULAR,0.24978457431032852,-1.0144769965769072,0.8758563346445373
8563,REG2023CSE08563,2023,CSE,REGULAR,0.2792037528074126,-1.078619012129535,-1.4840733167625095
8564,REG2021CE08564,2021,CE,REGULAR,-0.3227100960708478,1.2365230159153298,1.4877716377111896
8565,REG2021CSE08565,2021,CSE,REGULAR,0.4257398075575874,-1.9621269931453416,-2.031271083863322
8566,REG2020EEE08566,2020,EEE,REGULAR,0.3410422437687362,-0.25852944709422204,1.3741596017316444
8567,REG2023EEE08567,2023,EEE,REGULAR,-0.9551159810925703,1.5318464345969038,0.990821473585228
8568,REG2021EEE08568,2021,EEE,REGULAR,-1.470523373306059,1.2683279525805389,0.5215887638018595
8569,REG2021EEE08569,2021,EEE,REGULAR,-0.16811019417166392,-0.029520860640499306,1.0137125739835315
8570,REG2020CSE08570,2020,CSE,REGULAR,1.6384291094426766,-2.381759004728538,-0.7185647237507635
8571,REG2023EEE08571,2023,EEE,REGULAR,0.5856656489374601,1.7513432675671374,1.0477020122694929
8572,REG2021EEE08572,2021,EEE,REGULAR,0.40379099440018784,0.5855362769592645,1.780863021580365
8573,REG2021ME08573,2021,ME,REGULAR,-0.8851878960167492,-0.37873262985791784,2.010497563269636
8574,REG2020ECE08574,2020,ECE,LATERAL_ENTRY,-0.19862824294793538,0.4862314183517372,-0.8103234348360827
8575,REG2022EEE08575,2022,EEE,REGULAR,0.09288454999497926,-0.3301103096309416,-0.19496617960274862
8576,REG2020CSE08576,2020,CSE,REGULAR,-0.11179225672219169,0.6290948141058771,1.5174947078510694
8577,REG2020ME08577,2020,ME,REGULAR,1.291498905903568,0.3377083042372553,-0.20506447604238298
8578,REG2022CE08578,2022,CE,REGULAR,0.8942782203951178,0.679008040687046,0.29051880733454916
8579,REG2022EEE08579,2022,EEE,REGULAR,-0.2586317228798548,1.1521858538596068,-0.2720064657307333
8580,REG2023CE08580,2023,CE,REGULAR,-0.26886830978012377,0.8217796764226483,-0.23316319264696372
8581,REG2023EEE08581,2023,EEE,REGULAR,-1.1391854884452315,-0.8409513356637035,0.5052869797032009
8582,REG2021ME08582,2021,ME,REGULAR,1.6115932966886286,-0.7944619985471698,0.17222045380073123
8583,REG2022ECE08583,2022,ECE,REGULAR,0.3575766284824105,-0.22127359729025078,-1.0790706928484017
8584,REG2022ECE08584,2022,ECE,REGULAR,1.1014152341654724,-1.7731679378107978,1.2011544059282955
8585,REG2023CSE08585,2023,CSE,REGULAR,1.0321068603696482,-1.023027915029821,1.008202242059823
8586,REG2022ECE08586,2022,ECE,REGULAR,1.5931256344384888,-1.2583003368216654,-1.0979823784482319
8587,REG2023CE08587,2023,CE,LATERAL_ENTRY,1.4294059964615262,-0.9044115885427243,0.7153602525640491
8588,REG2022ME08588,2022,ME,REGULAR,-1.5432168625083487,-0.09494615524202364,-0.049050329495430124
8589,REG2020EEE08589,2020,EEE,REGULAR,1.19562181921029,-0.16185363990072882,-0.8745211135316282
8590,REG2020CSE08590,2020,CSE,REGULAR,-0.9668826683326862,-1.4327410542585208,-1.198588227683282
8591,REG2020ECE08591,2020,ECE,REGULAR,0.057763826653062816,-0.9666092036750414,-0.5814940466864069
8592,REG2021ECE08592,2021,ECE,LATERAL_ENTRY,-0.6137546434992615,1.0896749664445613,-0.016425144304349583
8593,REG2021EEE08593,2021,EEE,REGULAR,0.8377425472282851,-0.5750809255324635,0.6044674247610669
8594,REG2022CE08594,2022,CE,REGULAR,0.5941788379063774,-0.4401725261136037,-0.9734291194844759
8595,REG2020ECE08595,2020,ECE,REGULAR,-1.3489256684201139,-1.6851490937170293,1.3103850520057503
8596,REG2020CE08596,2020,CE,REGULAR,0.17213506770511236,-0.5088583177179488,2.12022289558903
8597,REG2023EEE08597,2023,EEE,REGULAR,1.3975420927743956,0.04113602741490399,0.8365717935758827
8598,REG2022CSE08598,2022,CSE,REGULAR,-0.48106946081795754,0.6001915744613514,-0.4119882517899898
8599,REG2020EEE08599,2020,EEE,REGULAR,-0.07785693999479379,1.507119991963912,0.13292152291222345
8600,REG2021EEE08600,2021,EEE,REGULAR,0.8588986367125823,0.042554489545614284,-0.3850446699343717
8601,REG2020ECE08601,2020,ECE,LATERAL_ENTRY,0.8432618478256605,0.2515303005521799,1.0854173800436913
8602,REG2022ECE08602,2022,ECE,REGULAR,-0.44204346387359983,-0.31620660913667686,-0.6965263363501085
8603,REG2020CE08603,2020,CE,REGULAR,1.0487438634907627,-0.7918698316314952,1.4890589812421102
8604,REG2021ME08604,2021,ME,REGULAR,-0.26801625657978473,-0.3920251269028156,-1.5207062416856847
8605,REG2022ECE08605,2022,ECE,REGULAR,-0.7679112805235737,1.2405271549488135,2.3923266808257355
8606,REG2023ME08606,2023,ME,REGULAR,-0.9191251891764626,2.28839937600098,0.49173478538546184
8607,REG2020EEE08607,2020,EEE,REGULAR,0.1301538548366902,-0.18638334069979542,1.5189323146520064
8608,REG2022ME08608,2022,ME,REGULAR,0.7778883761949057,1.3037196537008835,-1.896589119458278
8609,REG2023CSE08609,2023,CSE,REGULAR,-0.1940812539737181,-0.42298523984677994,-0.034407886925913546
8610,REG2023EEE08610,2023,EEE,REGULAR,-0.7518761017504165,0.7878309685025011,-1.1565039090756226
8611,REG2021ECE08611,2021,ECE,REGULAR,1.1992887462084665,-0.08735691174805973,-0.27504903251387136
8612,REG2020ECE08612,2020,ECE,REGULAR,-0.03400027446451307,0.9306112939534225,0.22449561503295906
8613,REG2023CSE08613,2023,CSE,REGULAR,-0.5115095798657611,0.06378476283494822,-0.32564866373433954
8614,REG2023ME08614,2023,ME,REGULAR,-1.4208405757900118,2.1678862625404376,0.131930871027618
8615,REG2023ME08615,2023,ME,REGULAR,-1.4858113117878275,-0.7354577205040849,-1.1859285862176085
8616,REG2021ME08616,2021,ME,REGULAR,-0.2178663543284034,1.6408549895270648,-0.7018473197443261
8617,REG2023CSE08617,2023,CSE,REGULAR,0.7844054307851994,-0.9480636283593379,-0.9975719166230186
8618,REG2023ME08618,2023,ME,REGULAR,0.5202291191911176,0.86898815525303,0.7967876063983583
8619,REG2020ME08619,2020,ME,REGULAR,1.707203084781463,0.06192917142296958,1.399626176108607
8620,REG2021EEE08620,2021,EEE,REGULAR,1.420766381505891,-0.5126758281853452,0.4151241640959907
8621,REG2023EEE08621,2023,EEE,REGULAR,1.9835416151565881,0.4892495856032578,0.2540791204710021
8622,REG2022CE08622,2022,CE,REGULAR,-0.5678346776641394,1.5900607688497592,-2.1064793481107085
8623,REG2021CSE08623,2021,CSE,REGULAR,1.6931967896090585,-1.3616851936642094,0.42149575032042563
8624,REG2023ME08624,2023,ME,REGULAR,-1.7454853217172681,0.38881091705848664,-1.5376587823325518
8625,REG2022CSE08625,2022,CSE,REGULAR,-0.8672611179030303,0.5236045859201788,-0.5148588713629441
8626,REG2020CE08626,2020,CE,REGULAR,-0.37117769475809553,2.1157755047114737,0.45601267538085843
8627,REG2021CE08627,2021,CE,REGULAR,1.16716454701156,0.8818109325088772,-1.5793404312141217
8628,REG2023CSE08628,2023,CSE,REGULAR,1.2081754031700094,-0.6718760574749835,0.5820322888727969
8629,REG2021ECE08629,2021,ECE,REGULAR,-0.45719312552820807,-1.479400371416769,1.0524800438158737
8630,REG2021EEE08630,2021,EEE,REGULAR,-2.1278948446252572,-0.08742364264197433,0.3385660020694143
8631,REG2020EEE08631,2020,EEE,REGULAR,-2.123332810357054,0.5468210765186211,-1.092576711044446
8632,REG2022EEE08632,2022,EEE,REGULAR,0.9848890610865021,0.18703175038726055,0.8191487928466037
8633,REG2021ME08633,2021,ME,REGULAR,0.0157049602286452,0.32743428354578624,-1.2087291412222547
8634,REG2020EEE08634,2020,EEE,REGULAR,2.26130984772548,-1.4734184399869283,0.46317123780109437
8635,REG2022CE08635,2022,CE,REGULAR,-0.4351062784507292,0.15907092098441258,-0.616348222214573
8636,REG2021CE08636,2021,CE,LATERAL_ENTRY,0.9568890943548007,0.9878875559894446,2.0772083238500305
8637,REG2022CE08637,2022,CE,REGULAR,2.720057722377321,-0.05184367083779696,0.33939493991917385
8638,REG2022CSE08638,2022,CSE,REGULAR,0.6650795779109999,-0.5399112731085677,-0.6919358414762619
8639,REG2022CE08639,2022,CE,REGULAR,-0.16766290321555657,-1.679491743359144,0.8371759862484959
8640,REG2021CSE08640,2021,CSE,REGULAR,-2.0517031299989785,0.3121195720315871,-0.0060001243348743
8641,REG2020CSE08641,2020,CSE,REGULAR,1.008646724623233,0.16995987093552753,-0.02975710107467705
8642,REG2021ECE08642,2021,ECE,LATERAL_ENTRY,-1.181445768625658,-0.40500917134009173,-0.004269678952155366
8643,REG2020CSE08643,2020,CSE,REGULAR,1.4369008236978873,0.05550297734418139,1.6662039864886182
8644,REG2022ECE08644,2022,ECE,REGULAR,-0.9199326011957091,-0.15612663879164212,-1.3323271735938402
8645,REG2022ECE08645,2022,ECE,REGULAR,0.04946640801403769,1.8392610401248906,-0.1465581539678684
8646,REG2020CSE08646,2020,CSE,REGULAR,0.022316556559238487,-0.5689944524036075,-0.5454543030410155
8647,REG2023CE08647,2023,CE,REGULAR,-0.8032192368530721,0.26850791366716437,-0.7244004151162302
8648,REG2021ME08648,2021,ME,REGULAR,2.1160768808052226,1.8063146238949204,-0.21584022335539357
8649,REG2022CE08649,2022,CE,REGULAR,-0.07385286465787674,0.09806623794754159,0.6722335396838972
8650,REG2022ME08650,2022,ME,REGULAR,-1.1410875259451847,0.3493808285798124,-1.4110453962593625
8651,REG2022CE08651,2022,CE,LATERAL_ENTRY,1.5747862950795217,-0.5918266221165238,-0.3335772068188121
8652,REG2022ECE08652,2022,ECE,REGULAR,-0.11481794457719134,1.109389020010941,-0.32997880922830497
8653,REG2020EEE08653,2020,EEE,REGULAR,0.5826923320750464,0.12436907346586593,1.2171906635424308
8654,REG2023EEE08654,2023,EEE,REGULAR,0.41316933496063607,-1.1426126678790454,1.3911129319627364
8655,REG2021ECE08655,2021,ECE,REGULAR,-0.9843092272475481,0.06108873497875989,-0.07717669780817898
8656,REG2020ME08656,2020,ME,REGULAR,1.2129320148898792,-0.31895653613711406,1.2091242348623237
8657,REG2020CSE08657,2020,CSE,REGULAR,-0.9100782046744472,2.2648189904073672,-0.15235014818106069
8658,REG2020EEE08658,2020,EEE,LATERAL_ENTRY,0.13031502031356218,-0.15700060751253042,1.049861458956441
8659,REG2021ME08659,2021,ME,REGULAR,-1.1023437504575186,1.8861800903274393,-2.533335641108963
8660,REG2023ME08660,2023,ME,REGULAR,-0.7289540957065078,0.43974818880279687,0.4641403274621935
8661,REG2022ECE08661,2022,ECE,LATERAL_ENTRY,0.4867642505989455,0.8937867949752035,-0.21943501697100326
8662,REG2021EEE08662,2021,EEE,REGULAR,-1.0212345585392728,-1.6585614397948507,-0.45848125090819436
8663,REG2020CSE08663,2020,CSE,REGULAR,-0.3441981372532307,1.1758756932599348,1.0289444223503905
8664,REG2021ECE08664,2021,ECE,REGULAR,-0.238805678946441,0.2679527796995981,0.49941617276126715
8665,REG2021EEE08665,2021,EEE,REGULAR,1.145988945889506,-0.06341330666637998,0.23581547965818864
8666,REG2022ECE08666,2022,ECE,LATERAL_ENTRY,-0.9791853289206196,-1.0845464375747884,-2.1582403555388456
8667,REG2021CE08667,2021,CE,REGULAR,-0.003846149438608588,-0.5656262996467795,1.4666948335341108
8668,REG2020ECE08668,2020,ECE,LATERAL_ENTRY,1.1791647964323568,0.130263904464322,1.3047960269364518
8669,REG2021CSE08669,2021,CSE,REGULAR,-1.048320884746384,0.6591710685702954,2.73281287930219
8670,REG2021ME08670,2021,ME,LATERAL_ENTRY,-1.1447447846857766,0.1848200465172011,0.11438587363235174
8671,REG2022ECE08671,2022,ECE,LATERAL_ENTRY,-0.8565687026193287,0.8302096969256144,2.0336436417176493
8672,REG2021ECE08672,2021,ECE,REGULAR,0.5371183997666645,-1.356824076967982,-0.0316266274029469
8673,REG2021CE08673,2021,CE,REGULAR,-0.5647419429681955,-1.1103330591512173,1.7003075680185908
8674,REG2023CE08674,2023,CE,REGULAR,-0.6224030529377873,0.20702820148120568,1.6143787736232398
8675,REG2020CSE08675,2020,CSE,REGULAR,-1.8462485537039754,0.3047438693585353,-0.7595043366980936
8676,REG2020ME08676,2020,ME,REGULAR,-0.7414241483523604,0.38300331416253663,0.43196140049311754
8677,REG2023CSE08677,2023,CSE,REGULAR,0.19855281680790798,-0.6230465048906634,-0.7249459577524604
8678,REG2021CE08678,2021,CE,REGULAR,-0.41756667357060934,-0.2572971405653655,-0.3721425700681467
8679,REG2021EEE08679,2021,EEE,REGULAR,-0.3780476587963434,-1.0152345940240022,1.4052792441711546
8680,REG2023EEE08680,2023,EEE,REGULAR,0.508617234786573,1.6167156120953052,0.8235514784110256
8681,REG2022EEE08681,2022,EEE,REGULAR,-0.6229659583761109,0.20617112101716664,1.33416380329162
8682,REG2022EEE08682,2022,EEE,REGULAR,0.48889232002474803,-0.9878867407625951,0.0889247445209764
8683,REG2021CE08683,2021,CE,REGULAR,-0.9691565298677348,-1.4211001527773146,0.47505995972325116
8684,REG2021ECE08684,2021,ECE,REGULAR,1.5594012378739832,-0.6362453718222717,1.7083305282311725
8685,REG2022CE08685,2022,CE,REGULAR,1.3924999990559754,0.17599546597062798,-1.8022727274143084
8686,REG2022ME08686,2022,ME,REGULAR,-0.1188834549353348,-1.8879874696825671,-1.3824232271042254
8687,REG2020CSE08687,2020,CSE,REGULAR,0.29225137511617855,-0.5095186144407089,-0.8297805579098811
8688,REG2022ME08688,2022,ME,LATERAL_ENTRY,-0.0019744958509404723,-1.6963218433882232,-2.283871536628605
8689,REG2023CSE08689,2023,CSE,LATERAL_ENTRY,0.9113882579143598,-1.2795644486762443,-0.9168291903363391
8690,REG2022ME08690,2022,ME,REGULAR,-1.3019541002768131,-0.9047770798748829,0.1438823734953145
8691,REG2021EEE08691,2021,EEE,REGULAR,-1.5412469220957918,0.09199898496375992,-0.13131708105917642
8692,REG2023CE08692,2023,CE,REGULAR,-2.4097171896520857,-0.050667598190934506,0.3639799866361354
8693,REG2021CE08693,2021,CE,REGULAR,-0.45036820989888243,-1.1690193383214587,-1.555990660005793
8694,REG2022ME08694,2022,ME,REGULAR,1.1704555340403713,0.3834757423296066,-0.6018680747478046
8695,REG2021ECE08695,2021,ECE,REGULAR,0.3452590688572305,-0.8288620392469709,1.435657253810778
8696,REG2022EEE08696,2022,EEE,REGULAR,-1.114161042484297,-0.13481986126245565,-1.1364284464858554
8697,REG2023CE08697,2023,CE,REGULAR,-0.9549825812560304,0.7722565606227141,-0.043788919379479305
8698,REG2023EEE08698,2023,EEE,REGULAR,1.9941510637457915,-0.5242650054027909,-0.1543836902610458
8699,REG2022ME08699,2022,ME,REGULAR,-1.2884976473848104,0.9336859572223104,1.2188898002701438
8700,REG2021ECE08700,2021,ECE,REGULAR,-0.4258234765252924,1.2524326183779904,0.12093479224310612
8701,REG2021ME08701,2021,ME,REGULAR,-0.44694472682740455,1.1695106449842576,0.4425703488739913
8702,REG2020CSE08702,2020,CSE,REGULAR,-0.46477373814924816,0.6693347648551252,0.12191468476879727
8703,REG2022ECE08703,2022,ECE,REGULAR,-0.32767392041527743,-0.22262553864136697,-1.3714224906553367
8704,REG2021CSE08704,2021,CSE,REGULAR,-1.6188283035065691,0.24640584709055277,0.3367949817349551
8705,REG2022ME08705,2022,ME,REGULAR,-0.40659121587390146,-0.7269455639173675,-0.1865876097459461
8706,REG2023CE08706,2023,CE,REGULAR,0.8512705640832748,-1.0845423556326477,-0.01861642993306127
8707,REG2023CSE08707,2023,CSE,REGULAR,1.2582696452211115,-0.05282762784939167,-0.8406035812608998
8708,REG2022ECE08708,2022,ECE,LATERAL_ENTRY,-0.6829701920127114,-0.5831172328181956,-1.6105906605620544
8709,REG2023CE08709,2023,CE,REGULAR,2.352340048415955,-1.8413507972579821,-0.3928054734556892
8710,REG2020ECE08710,2020,ECE,REGULAR,-0.43750808864459645,1.9479426845378143,-1.5191775920634354
8711,REG2022CSE08711,2022,CSE,REGULAR,-1.4466154129668862,1.7281140316645685,-0.2983986433824423
8712,REG2021EEE08712,2021,EEE,REGULAR,-0.06922019146108545,-0.5233539249165968,-0.011031618964178124
8713,REG2021ECE08713,2021,ECE,REGULAR,-0.44481300091282056,-1.151059017965189,-0.14425813770231
8714,REG2020ME08714,2020,ME,LATERAL_ENTRY,-1.2960892404695608,-0.09415414693983724,0.3250532724650704
8715,REG2021ME08715,2021,ME,REGULAR,1.0295179061318929,-0.5015968900231668,-0.3817367819738877
8716,REG2023CSE08716,2023,CSE,LATERAL_ENTRY,0.7337277410166548,-0.35238945390309095,-0.01787320723836128
8717,REG2021CSE08717,2021,CSE,REGULAR,1.3221244241120005,-0.8959542118406261,0.5478899420409753
8718,REG2023CE08718,2023,CE,REGULAR,-0.16476295096300958,-0.8242523887865132,-2.362634916715719
8719,REG2022CE08719,2022,CE,REGULAR,-1.0378526856142067,1.5850737934097199,1.3685953884525124
8720,REG2023ECE08720,2023,ECE,LATERAL_ENTRY,-0.1767579356686623,0.6556527467898756,0.8513220780419216
8721,REG2020ECE08721,2020,ECE,REGULAR,2.0616914257311048,-0.04784897914608764,0.3817942473463643
8722,REG2021EEE08722,2021,EEE,REGULAR,-0.07543440104400048,0.9669637678030464,1.6864516189864824
8723,REG2023CE08723,2023,CE,REGULAR,1.3310718953725813,0.2040804781590256,-0.9235802956997545
8724,REG2022CE08724,2022,CE,REGULAR,2.4165948664500463,1.2440388380957397,2.018516837422898
8725,REG2022ME08725,2022,ME,REGULAR,-0.6961055985829068,-0.056528443680388084,-1.1292376629408538
8726,REG2021ME08726,2021,ME,REGULAR,-0.6640767145177952,-1.8182008283477074,-0.7559054248131174
8727,REG2021ECE08727,2021,ECE,REGULAR,0.03199451069654707,0.3360550759914499,-0.6464728401236596
8728,REG2020CE08728,2020,CE,REGULAR,1.3856287420208038,-1.3293897490536308,0.5267333862777817
8729,REG2020ME08729,2020,ME,REGULAR,0.6411657085137317,1.8551580706212083,2.3471702211040064
8730,REG2020ME08730,2020,ME,REGULAR,-0.22180110310210985,0.7918729683254957,-0.10806575168822945
8731,REG2023EEE08731,2023,EEE,LATERAL_ENTRY,-0.3521592345221898,-0.351710127924419,-0.4656315162533307
8732,REG2020ECE08732,2020,ECE,REGULAR,-0.19604554085730486,1.681450219128781,-1.1334103287440245
8733,REG2022ME08733,2022,ME,REGULAR,-0.17679752173886365,-0.0528275296745161,0.7295422067156845
8734,REG2021ECE08734,2021,ECE,REGULAR,-0.7000035905221346,1.600190408181939,-0.5071968727438675
8735,REG2020CSE08735,2020,CSE,LATERAL_ENTRY,1.0933818878053534,-2.317325697324453,0.5659510950415119
8736,REG2020CSE08736,2020,CSE,REGULAR,0.31144423510658303,-0.42313949646651294,1.7025926880806808
8737,REG2021ECE08737,2021,ECE,LATERAL_ENTRY,0.48685831747503583,0.7327550243351981,-0.5944955094363835
8738,REG2023EEE08738,2023,EEE,REGULAR,-1.196284973844341,-0.2121331230005813,-1.341106030711093
8739,REG2020CSE08739,2020,CSE,REGULAR,0.41477576749335154,-0.32353914418744517,0.23157115089745897
8740,REG2021CSE08740,2021,CSE,LATERAL_ENTRY,1.6898794166855753,-0.7697495028573532,0.4944524240466107
8741,REG2023CE08741,2023,CE,REGULAR,1.1740544575924197,0.027734806212715298,-0.6103543471329878
8742,REG2020EEE08742,2020,EEE,REGULAR,1.3194510897335796,-1.5755086857682858,-0.3807161133334757
8743,REG2023CE08743,2023,CE,REGULAR,1.2941966077007379,0.43714205845102877,-0.10948567748232971
8744,REG2020CSE08744,2020,CSE,LATERAL_ENTRY,-0.5978042092948348,-1.5396771367270177,-0.6824199835863197
8745,REG2021EEE08745,2021,EEE,REGULAR,-1.1109550341208294,0.8556182841589826,0.2759404212893393
8746,REG2020CSE08746,2020,CSE,REGULAR,-0.26056868317546616,0.5478888611782081,0.6322591933967947
8747,REG2023CSE08747,2023,CSE,REGULAR,1.1711928478253872,-0.9127439621197645,0.2683682250007389
8748,REG2020ECE08748,2020,ECE,REGULAR,1.3932538334923577,0.16553092742945266,1.1015618262398144
8749,REG2023EEE08749,2023,EEE,REGULAR,1.3313834167214962,1.7346846097677844,0.47412348735846505
8750,REG2023CE08750,2023,CE,REGULAR,-0.3918348379912212,0.011235032452713864,0.7361334504098266
8751,REG2023ECE08751,2023,ECE,REGULAR,2.200949171274209,-0.8131186401120666,0.36712795936038556
8752,REG2020EEE08752,2020,EEE,REGULAR,0.009716600133592646,-0.8202698544203911,-0.3225214534410989
8753,REG2023ME08753,2023,ME,REGULAR,-0.20510379155806854,-0.3473197444380075,-0.3977854427780816
8754,REG2021EEE08754,2021,EEE,REGULAR,-1.088537463690975,0.9724831941748332,-0.9843739835940434
8755,REG2023CE08755,2023,CE,LATERAL_ENTRY,-0.23865995933944936,1.0430956813541108,-0.3677755674385101
8756,REG2021EEE08756,2021,EEE,REGULAR,0.7250884751862953,-0.10048628330084755,-0.29732038805325495
8757,REG2020ME08757,2020,ME,REGULAR,-0.0015588702278451143,1.249653443908454,1.3167905146136585
8758,REG2020ME08758,2020,ME,REGULAR,-0.4326677993493289,-0.6673696990185946,0.23040953544501222
8759,REG2020ECE08759,2020,ECE,REGULAR,1.4676152149822177,1.3231268269492888,0.3417180195990538
8760,REG2022ECE08760,2022,ECE,REGULAR,-0.6749117951947832,0.5174616032226151,1.165250044000559
8761,REG2020CSE08761,2020,CSE,REGULAR,-1.072138285632054,1.5630278272551164,-0.06583164244599705
8762,REG2022CE08762,2022,CE,REGULAR,-2.6970574847848896,-0.30192165006322197,-0.03290189104022517
8763,REG2020ECE08763,2020,ECE,LATERAL_ENTRY,0.8067678049948888,-0.02809699201070683,1.0474386120115362
8764,REG2020CSE08764,2020,CSE,REGULAR,0.6878047235509035,-0.16363520698352668,-1.150767807832634
8765,REG2023EEE08765,2023,EEE,REGULAR,-0.25476902186252937,-1.1361387891189456,1.2680169480939882
8766,REG2021ME08766,2021,ME,REGULAR,-0.013762652195891206,0.31286251112997177,-1.3571509428576047
8767,REG2020ECE08767,2020,ECE,REGULAR,0.624282849077559,0.27204465497042524,-0.5480884842206583
8768,REG2021CE08768,2021,CE,REGULAR,-0.668832447669259,1.540467154414952,-0.04334106029142646
8769,REG2020CE08769,2020,CE,REGULAR,0.5002987690277763,-0.9619103738766526,2.198402766491003
8770,REG2021ME08770,2021,ME,REGULAR,1.5596647383309667,-0.6345208597427959,-0.8841312688649476
8771,REG2023CSE08771,2023,CSE,REGULAR,0.5266953382893342,0.519135172984286,0.44745853275774927
8772,REG2023ECE08772,2023,ECE,REGULAR,-1.684510560397381,-0.09097683990037539,1.2581629932418912
8773,REG2023ME08773,2023,ME,LATERAL_ENTRY,0.7115434509774574,-0.2814506437700997,-0.2548805915759969
8774,REG2021CSE08774,2021,CSE,REGULAR,0.4873975215999536,-0.6922169709318416,-0.3637029517723058
8775,REG2021CE08775,2021,CE,REGULAR,-1.0346044750379115,-0.9373744672708089,-1.7567185679148842
8776,REG2022ME08776,2022,ME,REGULAR,-1.6513548768154196,1.2458093561748482,1.0465520118705478
8777,REG2020EEE08777,2020,EEE,REGULAR,0.15178120308194304,-0.4439842372785321,0.6363724874610995
8778,REG2020EEE08778,2020,EEE,REGULAR,-1.9884617981430819,-0.3974673194243894,0.6135500609321238
8779,REG2023ME08779,2023,ME,REGULAR,-0.8778746036512891,1.532839633954971,1.9618359918776804
8780,REG2022CSE08780,2022,CSE,LATERAL_ENTRY,-0.4911181312272338,-0.3842598162242036,1.5907310763495621
8781,REG2021EEE08781,2021,EEE,LATERAL_ENTRY,-1.024849693318596,0.8875838530329283,-0.9518016441052626
8782,REG2020CSE08782,2020,CSE,REGULAR,-0.14454551667858376,-0.22731058683460745,-0.41861241362508766
8783,REG2023ECE08783,2023,ECE,REGULAR,0.08928762235488337,-0.41468096296332047,-1.2545746919613505
8784,REG2023CE08784,2023,CE,REGULAR,-0.6279032469610764,1.5266785806808563,0.16628420045584316
8785,REG2023ME08785,2023,ME,REGULAR,0.3120650842243146,-0.3409396971960801,1.6707879876315488
8786,REG2023CE08786,2023,CE,REGULAR,-0.16299932765819877,-0.9223010123129481,0.5933153489487858
8787,REG2021CSE08787,2021,CSE,REGULAR,0.8239406749418801,0.4881535297365991,0.2380866937816597
8788,REG2020ME08788,2020,ME,LATERAL_ENTRY,-0.6346128885072252,-2.9899041040617744,0.5173446316378743
8789,REG2020ECE08789,2020,ECE,REGULAR,-0.4838516288854879,1.6366253045762187,0.1891759073659557
8790,REG2021ME08790,2021,ME,REGULAR,1.1782609038851373,0.8508948135810659,0.8436655355313658
8791,REG2020CE08791,2020,CE,REGULAR,-1.5573203689477597,-1.025363123808475,1.1765712503296064
8792,REG2022ECE08792,2022,ECE,REGULAR,0.6504754589567632,-0.3307480500044107,1.4586863016039147
8793,REG2023CE08793,2023,CE,REGULAR,0.717735745635137,0.5951107041455213,-1.229128263403179
8794,REG2023CE08794,2023,CE,LATERAL_ENTRY,0.049850868091165616,-0.7127210246154795,-1.7175639296578558
8795,REG2020ECE08795,2020,ECE,REGULAR,-0.8130101791054113,0.9255699575704631,0.5610803561719221
8796,REG2023EEE08796,2023,EEE,REGULAR,-1.5838732371732602,-0.16184641502212216,-1.6189349121880199
8797,REG2020ECE08797,2020,ECE,LATERAL_ENTRY,0.07770513369589119,0.7646018063566358,1.6286812354999427
8798,REG2021ME08798,2021,ME,REGULAR,-0.9961514758278537,0.465770060269008,-1.4110719265402627
8799,REG2023ME08799,2023,ME,REGULAR,0.8231200259464726,-0.41370563587167286,-0.4355108998758141
8800,REG2020CSE08800,2020,CSE,REGULAR,0.11462641769862315,0.9340681999161204,-0.7017980160972538
8801,REG2022CE08801,2022,CE,LATERAL_ENTRY,0.5867414790267954,-1.010380505213071,-0.24932725668947356
8802,REG2022CE08802,2022,CE,REGULAR,-1.6908224928452718,-0.1845688746278778,0.19355790398935654
8803,REG2021CE08803,2021,CE,REGULAR,0.7808530077866516,-1.1679766306937285,0.37869423733691954
8804,REG2021ME08804,2021,ME,REGULAR,0.19345138273263746,-0.09736082781613628,-0.5571326913998158
8805,REG2020ME08805,2020,ME,REGULAR,0.5111705243542427,-0.020382443580227366,-0.1836122223827936
8806,REG2023CE08806,2023,CE,REGULAR,-0.32932243910693815,-1.4454597787130963,2.4627305678887095
8807,REG2022ME08807,2022,ME,LATERAL_ENTRY,1.294697309285289,0.6547330350964298,-0.37771141083043275
8808,REG2023EEE08808,2023,EEE,REGULAR,0.5624356029450924,0.5319584283585862,-0.019092988156508922
8809,REG2021EEE08809,2021,EEE,REGULAR,0.28090256314163936,-0.8072577640044937,-0.09409794491881883
8810,REG2021CE08810,2021,CE,REGULAR,-1.027041423212278,0.33723047968604136,0.4896705175370479
8811,REG2022EEE08811,2022,EEE,REGULAR,-0.08567323244148138,1.2564941818223383,-0.9784917108682759
8812,REG2022CSE08812,2022,CSE,REGULAR,-0.41956381582872426,-0.7341383462548455,1.4827061052582549
8813,REG2021CSE08813,2021,CSE,REGULAR,-1.0441285405370946,0.5685440571303481,0.902374362768014
8814,REG2022CE08814,2022,CE,REGULAR,1.2274760735542907,0.8558266557769144,-1.3510592496124665
8815,REG2022CE08815,2022,CE,REGULAR,0.5103914454092845,-0.08064666835778542,2.6099451673236866
8816,REG2020EEE08816,2020,EEE,LATERAL_ENTRY,1.930518667546418,0.00939574467630873,-0.18972679401771703
8817,REG2021EEE08817,2021,EEE,REGULAR,1.271542408612589,-1.2672534126181327,-0.24069964787718579
8818,REG2021CSE08818,2021,CSE,REGULAR,0.6852460373710546,-0.9540629221345474,-1.6762594209957002
8819,REG2020EEE08819,2020,EEE,REGULAR,0.5391310979629966,0.2290045522906482,-0.15382911261425813
8820,REG2022CE08820,2022,CE,REGULAR,0.026094801463353058,1.1942395689071443,-1.0422690863226232
8821,REG2020ECE08821,2020,ECE,REGULAR,-0.3909637044602697,-1.0184351933633606,0.5540113121563981
8822,REG2022EEE08822,2022,EEE,REGULAR,-1.9676462050816668,0.2590952031485265,1.5736901716218077
8823,REG2022CSE08823,2022,CSE,REGULAR,1.7845537265441862,0.6274352503185865,2.38043916047016
8824,REG2023ME08824,2023,ME,LATERAL_ENTRY,0.16080274302737832,-0.14862816347112628,0.24719601791474932
8825,REG2022ECE08825,2022,ECE,REGULAR,0.3908741481376855,-0.10737609967119613,0.9073450078788112
8826,REG2020ME08826,2020,ME,REGULAR,-1.18146108671505,0.697622793358186,1.0678692081814336
8827,REG2021EEE08827,2021,EEE,REGULAR,1.5902881613715294,-0.6084004063560319,0.7916615165373321
8828,REG2021CSE08828,2021,CSE,REGULAR,-0.5692958114077314,1.2282006274047264,0.1881874507190798
8829,REG2022ME08829,2022,ME,LATERAL_ENTRY,0.45729794318592376,0.6890469066235201,0.2917879234464571
8830,REG2020ECE08830,2020,ECE,REGULAR,-0.9329313205063481,1.07216867608296,2.0176831081114277
8831,REG2022EEE08831,2022,EEE,REGULAR,-0.7269610815935671,-0.256919287075124,-1.2747045479193548
8832,REG2021ECE08832,2021,ECE,REGULAR,-0.9149908743767935,-1.4755162967133701,0.1923442449700657
8833,REG2020CE08833,2020,CE,REGULAR,1.5825329035420392,0.4354068432349463,0.49532997123797984
8834,REG2023CSE08834,2023,CSE,REGULAR,0.4058651906757535,0.35864685803978263,0.23221443642071832
8835,REG2022CE08835,2022,CE,REGULAR,1.7311046544146893,-0.11067422019707357,-0.7926802252950519
8836,REG2023CE08836,2023,CE,REGULAR,0.9605002393591437,0.4973830864651685,0.13721579919531837
8837,REG2022ME08837,2022,ME,REGULAR,-0.21216639580294497,1.169132509534248,1.5128856205203929
8838,REG2021CE08838,2021,CE,REGULAR,-0.2823119661051858,1.3371831639566827,1.3241165513630007
8839,REG2022CSE08839,2022,CSE,REGULAR,-1.7156704986805325,0.5196495709291029,-0.48355432961840017
8840,REG2022EEE08840,2022,EEE,REGULAR,0.2147272877956283,-0.6881642964596622,-0.9767160714346313
8841,REG2020CSE08841,2020,CSE,LATERAL_ENTRY,-0.5635560594017924,0.9947550020877108,-0.03805298053395
8842,REG2023ME08842,2023,ME,REGULAR,-0.7431079042329524,2.857464063166443,1.4767023661725074
8843,REG2022ECE08843,2022,ECE,REGULAR,1.4692439594190572,-0.24666873913289608,-0.8567851444315063
8844,REG2023ECE08844,2023,ECE,REGULAR,1.9749079430110053,1.3076440001109773,1.6296173926646156
8845,REG2023ME08845,2023,ME,REGULAR,-1.7380036994549328,0.5088965240814567,0.34536695251938615
8846,REG2021ME08846,2021,ME,REGULAR,-1.1033362106566873,-0.48989870365858507,-1.1895506021640943
8847,REG2023CSE08847,2023,CSE,LATERAL_ENTRY,1.1443004507407473,-0.5753101926521016,0.8099678190555669
8848,REG2022CE08848,2022,CE,LATERAL_ENTRY,-1.3212789237386746,-3.198897679883344,-0.133175097322474
8849,REG2022ECE08849,2022,ECE,REGULAR,-0.9988502714280443,-0.7075151471829944,-0.9873499315107304
8850,REG2021EEE08850,2021,EEE,REGULAR,-0.8967360482991753,-1.7131538637687322,0.3647765427634133
8851,REG2020CE08851,2020,CE,LATERAL_ENTRY,1.5184601801579314,-0.11795954741281175,-1.3753613451614177
8852,REG2020ECE08852,2020,ECE,REGULAR,-0.05118266447546519,-0.8266439041065766,1.652321154644339
8853,REG2021EEE08853,2021,EEE,REGULAR,0.4506789096059146,0.6700784626137963,-0.14337119042845659
8854,REG2023CE08854,2023,CE,REGULAR,2.3326519860823294,2.338170675807456,-0.048759324465583884
8855,REG2020ECE08855,2020,ECE,LATERAL_ENTRY,-0.2241279022409983,0.5617247539155875,0.31079051669676594
8856,REG2021CE08856,2021,CE,REGULAR,0.25488387489318903,-0.9842742800388183,-0.8397548856504133
8857,REG2022ME08857,2022,ME,REGULAR,0.525872108171044,-0.11543431273196439,0.32897222852636815
8858,REG2023EEE08858,2023,EEE,REGULAR,0.01248849115807649,1.1522749844196036,0.08555933062244095
8859,REG2021CSE08859,2021,CSE,REGULAR,0.9090112222909775,-0.17210128991296197,-1.6666840438159838
8860,REG2022ME08860,2022,ME,REGULAR,1.3211088977716416,0.12549564911973232,1.8378309243360422
8861,REG2022ME08861,2022,ME,REGULAR,-0.20505876243870444,1.1890029658884764,0.5782825101265522
8862,REG2023CSE08862,2023,CSE,REGULAR,0.6149520506403946,0.7276302891623919,-1.1784373415763103
8863,REG2020ECE08863,2020,ECE,REGULAR,-0.8223623182344492,-0.696366808270429,1.2258723457966236
8864,REG2021CE08864,2021,CE,REGULAR,-0.4047237692006246,1.3004485187236268,0.23551944389355997
8865,REG2022CE08865,2022,CE,REGULAR,-0.7752232952518521,0.23156735770701975,-0.35738604725893
8866,REG2020ECE08866,2020,ECE,LATERAL_ENTRY,-0.2980518948964358,0.8207090933154355,0.9966484195262605
8867,REG2020EEE08867,2020,EEE,REGULAR,-0.6659090471237126,0.4988663175621039,-0.8932042295019431
8868,REG2022ECE08868,2022,ECE,REGULAR,0.7850741994082531,-0.9062017213851455,-0.5719657037379096
8869,REG2021ECE08869,2021,ECE,REGULAR,1.4492371075472859,-0.27497400001622957,0.5493045670604368
8870,REG2023EEE08870,2023,EEE,REGULAR,0.8866780192952294,-0.9864504355445204,-0.8487153829711044
8871,REG2022CSE08871,2022,CSE,REGULAR,-0.9659192712556708,0.37855517540319,0.6274753818646671
8872,REG2021EEE08872,2021,EEE,REGULAR,0.512343454160263,1.0675764363437732,2.513891972555159
8873,REG2022CSE08873,2022,CSE,REGULAR,1.0730727670234985,-1.6464558346608176,-0.5587882727386152
8874,REG2022EEE08874,2022,EEE,REGULAR,1.7060158222174924,0.2522858352982285,1.1963431992507598
8875,REG2020EEE08875,2020,EEE,REGULAR,-0.4900365310951798,0.7083849262962771,-0.6142235592165626
8876,REG2022ECE08876,2022,ECE,REGULAR,1.6837233215553165,0.47007642495509233,1.3012299817937496
8877,REG2022CE08877,2022,CE,REGULAR,-1.5698745899052047,-0.3891018304797765,0.9331894278296428
8878,REG2020EEE08878,2020,EEE,REGULAR,-1.4613762368138408,-1.06432216674897,1.2141030520704483
8879,REG2022CSE08879,2022,CSE,REGULAR,0.12909128529324637,1.30874181439611,2.3804054960073366
8880,REG2020EEE08880,2020,EEE,REGULAR,-1.262364911706873,0.16450447990260794,-0.6482144732564495
8881,REG2021CE08881,2021,CE,REGULAR,-0.7126020138053502,-1.0429582533064083,0.055052499004942974
8882,REG2021ECE08882,2021,ECE,LATERAL_ENTRY,0.46015259813382364,-1.9320601092756096,1.4770055392681951
8883,REG2022ME08883,2022,ME,REGULAR,-0.4968528463038466,1.1477386769110167,-0.6858497649846106
8884,REG2022EEE08884,2022,EEE,REGULAR,-1.5602764076133249,0.9093641797787829,1.8712878410794525
8885,REG2023ECE08885,2023,ECE,LATERAL_ENTRY,0.3719706582297297,-0.3137279865955882,-0.5198021782250665
8886,REG2023ME08886,2023,ME,REGULAR,0.5319721653083533,-0.01108969300422935,0.6965222281824297
8887,REG2020EEE08887,2020,EEE,LATERAL_ENTRY,-1.4159742145526992,0.5754038524127417,0.2525337002545783
8888,REG2023ME08888,2023,ME,REGULAR,0.13827915235785787,-1.1777473741480329,-0.11569655668292923
8889,REG2023ME08889,2023,ME,REGULAR,1.291476911394445,0.6780450358374844,-1.0056221605270812
8890,REG2020CE08890,2020,CE,REGULAR,0.6960076575125617,0.43681737572451623,0.02002025726128582
8891,REG2023CE08891,2023,CE,REGULAR,0.6195808062039528,0.603050785148942,-0.7619577962497457
8892,REG2023EEE08892,2023,EEE,REGULAR,-0.9675771650031598,-0.33926183823890094,-1.6415112152476155
8893,REG2020ME08893,2020,ME,LATERAL_ENTRY,-0.3412843283702203,-0.6392951791995735,-1.310858350462104
8894,REG2022ME08894,2022,ME,REGULAR,-1.0961367555168604,3.1930072854163076,-0.7228259641251196
8895,REG2023ECE08895,2023,ECE,REGULAR,1.632064457971769,1.2861570229709565,0.8853593455055304
8896,REG2022ME08896,2022,ME,REGULAR,1.0838659621889137,1.3166651820525594,-0.1073664911200844
8897,REG2021ECE08897,2021,ECE,REGULAR,-0.8850982372856128,1.6753155858899529,-0.18453100822085353
8898,REG2021ME08898,2021,ME,REGULAR,-0.6194336960402944,-0.415774565281635,1.2375878416523676
8899,REG2023CE08899,2023,CE,REGULAR,-0.32212694238969763,0.2979324900414184,-0.5389181670706873
8900,REG2020CSE08900,2020,CSE,REGULAR,0.655356940705191,0.5499694466216951,-0.3302983596014981
8901,REG2021ME08901,2021,ME,REGULAR,-0.37703206396664735,-0.413693435476551,-0.49414756378116736
8902,REG2023CE08902,2023,CE,REGULAR,1.0892711374470068,-0.4456342431280127,0.18781681501960246
8903,REG2021ECE08903,2021,ECE,REGULAR,-1.5116266066287156,-0.11393291816141375,0.8714913620067528
8904,REG2022ECE08904,2022,ECE,REGULAR,-0.5323066196367503,0.43585382793589883,-0.5627329305446035
8905,REG2020CE08905,2020,CE,REGULAR,0.3323796182211014,1.4461721718386056,-1.1847528727079064
8906,REG2020ECE08906,2020,ECE,REGULAR,0.25262487289994945,1.128335679727951,-0.11645809616997507
8907,REG2023EEE08907,2023,EEE,REGULAR,-0.18271254675727835,-0.36773970358225494,-0.3493359966632474
8908,REG2023CE08908,2023,CE,REGULAR,0.13485492902590848,-0.726777587180989,0.35092546742340214
8909,REG2022CSE08909,2022,CSE,REGULAR,-0.654099308578724,-0.0790822033851814,0.08139209683318023
8910,REG2023ECE08910,2023,ECE,REGULAR,0.3833559110488122,-1.0047542296892689,0.6948246685991727
8911,REG2022ECE08911,2022,ECE,REGULAR,1.76551635160936,0.34099244566722403,-0.6989301670189977
8912,REG2020EEE08912,2020,EEE,REGULAR,-0.33119893347230567,-0.11583983587609313,0.7293538201370755
8913,REG2023CSE08913,2023,CSE,REGULAR,-0.619642844797566,1.3985265386805983,-0.09127924779962843
8914,REG2023CSE08914,2023,CSE,REGULAR,1.5795486732192252,0.18639530456799483,-2.020360860568625
8915,REG2023CSE08915,2023,CSE,REGULAR,-0.4614426700811594,0.46350363261848426,-0.3355101434398659
8916,REG2022CSE08916,2022,CSE,REGULAR,1.5798194626664928,0.4630207980007224,-0.19843755438992
8917,REG2023CE08917,2023,CE,REGULAR,0.17330773648608377,-0.691475180172512,-0.020936948736967137
8918,REG2020CSE08918,2020,CSE,REGULAR,1.756239580296931,-0.14647720034777165,1.2629486090237592
8919,REG2022ECE08919,2022,ECE,REGULAR,0.4135058829843417,0.21793188656679063,1.4404023726694957
8920,REG2022CE08920,2022,CE,REGULAR,-0.4421362988632308,-0.2324688699965047,0.30025380418035047
8921,REG2021CSE08921,2021,CSE,REGULAR,0.6462236657392118,-0.38625664061320036,0.8386590068195483
8922,REG2022CSE08922,2022,CSE,REGULAR,-2.1058711220694084,2.100124702106565,0.9268507174997218
8923,REG2021CE08923,2021,CE,REGULAR,-0.3792483783245913,1.6919945646597219,-0.9667166717794675
8924,REG2023EEE08924,2023,EEE,REGULAR,-0.7228122002086486,0.2825239632110877,0.12185124254300186
8925,REG2020ME08925,2020,ME,LATERAL_ENTRY,-1.227101013088154,0.1645190320621318,0.7733121741531247
8926,REG2022ME08926,2022,ME,REGULAR,-0.11518412374586905,-0.9880575685508731,0.8679636874135729
8927,REG2020EEE08927,2020,EEE,REGULAR,0.5615940015387415,0.5300844573075014,-1.0117967412824425
8928,REG2023EEE08928,2023,EEE,REGULAR,0.36790145197167606,-0.9982320954941476,-0.05090700361592938
8929,REG2021ECE08929,2021,ECE,LATERAL_ENTRY,0.35978790321744714,0.589961343077105,-1.2328974118993852
8930,REG2022CE08930,2022,CE,REGULAR,-0.6679159834636088,1.4001546645583602,-0.5894095492593694
8931,REG2023ECE08931,2023,ECE,REGULAR,0.6109495561174697,-1.9670692451158982,-0.8750902267909169
8932,REG2020EEE08932,2020,EEE,REGULAR,1.4526844927183618,-0.32437899127426617,1.421424743954631
8933,REG2021CSE08933,2021,CSE,REGULAR,-0.46075468041483914,-0.6824214212155886,-1.2555573276627754
8934,REG2023ECE08934,2023,ECE,REGULAR,-0.8116042176881104,-0.3430878392087785,-0.4944892841129454
8935,REG2022EEE08935,2022,EEE,REGULAR,1.2702615727552746,0.46171806731839543,0.14132194624229993
8936,REG2023CE08936,2023,CE,REGULAR,0.5956368377984864,0.5518968495538524,0.19198210506102156
8937,REG2021EEE08937,2021,EEE,LATERAL_ENTRY,0.1880557122123576,0.5924079940592246,-0.5207463051740456
8938,REG2023CSE08938,2023,CSE,REGULAR,-2.0354884557373083,-0.9991568075339061,-0.011550296863607066
8939,REG2021CSE08939,2021,CSE,REGULAR,-0.8528460569151832,-0.5424784562261746,0.67177709800485
8940,REG2023CSE08940,2023,CSE,REGULAR,1.7642089432898418,-0.38039176597610774,0.7924353628779894
8941,REG2021ECE08941,2021,ECE,LATERAL_ENTRY,-1.3437466219039276,1.4412338864439933,1.030692299097351
8942,REG2021CSE08942,2021,CSE,LATERAL_ENTRY,-1.413752289886975,0.7193182829335186,-0.011948122404462046
8943,REG2021ECE08943,2021,ECE,REGULAR,-0.5221641271432133,1.8990788063735597,-1.450243171631829
8944,REG2021ECE08944,2021,ECE,REGULAR,-0.03344320301177927,2.1692166850095465,-0.39451344191986
8945,REG2020ECE08945,2020,ECE,LATERAL_ENTRY,-1.1988710507295623,0.6285635736555635,-0.35714690906631064
8946,REG2023ECE08946,2023,ECE,REGULAR,-0.36036110019621737,0.978129457799822,1.7228190754418575
8947,REG2021ECE08947,2021,ECE,REGULAR,1.0226415775339144,0.337364999147799,-2.3983225856271844
8948,REG2021EEE08948,2021,EEE,REGULAR,0.9936723444619623,-1.3369042632083121,-0.011720333612795104
8949,REG2022EEE08949,2022,EEE,LATERAL_ENTRY,0.046937551254806614,0.8936275374955968,0.03132111301107029
8950,REG2020CE08950,2020,CE,REGULAR,1.4098947600536296,-0.05584741281257648,-0.4782178689391024
8951,REG2023CSE08951,2023,CSE,REGULAR,1.065363441838927,-2.59520767837531,0.30584927395836853
8952,REG2023ME08952,2023,ME,LATERAL_ENTRY,-2.368012449527023,0.004005131385320701,-0.06909307465423876
8953,REG2021CSE08953,2021,CSE,REGULAR,-0.04524396063472829,-1.6834343429998555,0.04491088275448874
8954,REG2021CSE08954,2021,CSE,REGULAR,-0.6384446828409726,0.08020499694931822,-0.49522895012046386
8955,REG2021CE08955,2021,CE,REGULAR,0.9597304129182668,-0.8778766874807749,0.6399365138322546
8956,REG2020CSE08956,2020,CSE,LATERAL_ENTRY,0.05648624420889385,0.047319738044005334,-0.3504078504719732
8957,REG2020CSE08957,2020,CSE,REGULAR,-0.13343483621894262,0.20267828978088864,0.7429761612210898
8958,REG2021EEE08958,2021,EEE,REGULAR,0.5415192168876364,1.1853290530143943,0.9912223565434607
8959,REG2020CSE08959,2020,CSE,REGULAR,-1.8418236962887384,-1.557251062567014,-1.8053499321564102
8960,REG2022CE08960,2022,CE,REGULAR,-2.25900490237731,0.4519317760194318,-0.20078581868176895
8961,REG2022CSE08961,2022,CSE,LATERAL_ENTRY,-1.0257824217710318,0.744764088542523,0.7062056361176571
8962,REG2021ME08962,2021,ME,REGULAR,-0.2968108949889015,-0.07077824651640995,-1.2812323449833933
8963,REG2022EEE08963,2022,EEE,REGULAR,-1.5775080979720995,0.5720471491850132,1.3065583132697363
8964,REG2022CE08964,2022,CE,REGULAR,-1.6075269752375312,0.4687389483466597,-1.0082814750945666
8965,REG2022EEE08965,2022,EEE,REGULAR,-0.14137873531096432,0.5670869768182999,0.43306666185836024
8966,REG2020CE08966,2020,CE,REGULAR,2.716458665231998,-0.6793293754230426,0.9898059269328372
8967,REG2022CE08967,2022,CE,REGULAR,0.3429973625481724,1.328440720561965,1.659296440068188
8968,REG2021CE08968,2021,CE,REGULAR,0.36903998212670425,0.622141523217635,-0.18053211214459425
8969,REG2021CE08969,2021,CE,REGULAR,-0.1954152568677939,-0.5015092318329486,-0.9043694070780303
8970,REG2021ECE08970,2021,ECE,REGULAR,-0.024788763219577972,1.503883345208916,-0.9754754799026959
8971,REG2022EEE08971,2022,EEE,LATERAL_ENTRY,-0.5108793532890156,-0.43648589638840046,0.1741710942891648
8972,REG2023EEE08972,2023,EEE,LATERAL_ENTRY,-0.8771322694663768,1.982834634914577,0.02453214559621642
8973,REG2023ME08973,2023,ME,REGULAR,0.9972680896576924,-2.100650019459789,-0.7047455009416888
8974,REG2021ME08974,2021,ME,REGULAR,-0.521795922527623,0.5871649728645043,-0.07405148207743088
8975,REG2021CSE08975,2021,CSE,REGULAR,0.32459344420121894,-2.2252072689576394,0.7701123988840637
8976,REG2020CE08976,2020,CE,REGULAR,0.5594652200729083,0.031552771633933434,2.021429873048629
8977,REG2022EEE08977,2022,EEE,REGULAR,-0.08465748074287112,1.605991552767354,1.2595342445316537
8978,REG2023CSE08978,2023,CSE,REGULAR,-0.08906957574063099,1.9200894204264596,0.620856589632886
8979,REG2020EEE08979,2020,EEE,LATERAL_ENTRY,0.28946012014126615,1.2638143364719718,-0.21945425881144412
8980,REG2023EEE08980,2023,EEE,REGULAR,-0.9899821050385258,2.715768937120417,0.25296993406175927
8981,REG2022ME08981,2022,ME,REGULAR,1.264600422831725,-0.026949056430858147,-0.12453638783043824
8982,REG2020CSE08982,2020,CSE,REGULAR,-0.10052211116378068,0.5461658002913381,-1.5453862394374178
8983,REG2023CE08983,2023,CE,REGULAR,0.2447267341512606,-2.2340143965400823,0.22498706065738264
8984,REG2020CE08984,2020,CE,REGULAR,-1.0431468822575598,-1.4121198606461711,0.3525006593183392
8985,REG2021CE08985,2021,CE,REGULAR,-0.11600745725886052,-2.395653406971917,-0.7848927015247182
8986,REG2022ME08986,2022,ME,REGULAR,-0.47136374152109245,1.5209241051028808,-0.6600723814877079
8987,REG2023ME08987,2023,ME,REGULAR,0.07619245552064582,0.009922970193387884,-1.0926958605660868
8988,REG2022ME08988,2022,ME,REGULAR,0.9138423865623035,-1.9248831923719865,-1.0721804740012044
8989,REG2020EEE08989,2020,EEE,LATERAL_ENTRY,1.5344148384059089,0.13926866605198712,-0.7660784622003246
8990,REG2022CSE08990,2022,CSE,REGULAR,1.3662311453671958,2.3908290752859767,0.9211514580014958
8991,REG2021EEE08991,2021,EEE,REGULAR,0.5463920895375599,1.2456753950885466,1.7322743224308612
8992,REG2022EEE08992,2022,EEE,REGULAR,-0.2814421681017884,0.7624536971191908,-0.17239229472824294
8993,REG2020CE08993,2020,CE,REGULAR,0.6928677138560301,-0.7472373797356012,0.33979384202687707
8994,REG2022ME08994,2022,ME,REGULAR,0.3426318965414549,1.4738564325305246,1.1414865172257689
8995,REG2023ME08995,2023,ME,REGULAR,-1.1504450288623205,1.9562227446706266,-0.1967717115799066
8996,REG2021ECE08996,2021,ECE,REGULAR,-2.0232760541553456,2.0339528002347835,0.9175235068685329
8997,REG2020EEE08997,2020,EEE,REGULAR,0.29566089575929627,-1.8359680655687323,0.10887533127618021
8998,REG2023CE08998,2023,CE,REGULAR,-1.5600377036522022,1.3289844224890217,-0.6032157857784619
8999,REG2020ME08999,2020,ME,REGULAR,-0.8147680888995248,0.1783945949569909,-2.326137383608958
9000,REG2020CSE09000,2020,CSE,REGULAR,-1.1800824965594523,-0.37210759100509627,-1.4395903984210539
9001,REG2022EEE09001,2022,EEE,REGULAR,-0.9750765710482535,-0.5285802457581624,0.5044743469188905
9002,REG2022EEE09002,2022,EEE,REGULAR,-1.7313240863508605,1.7648110995064124,0.5350406767486561
9003,REG2022CE09003,2022,CE,REGULAR,0.22064938207446616,-0.9324100625051386,0.7190214264300798
9004,REG2020CE09004,2020,CE,REGULAR,0.8586799668739579,1.952806447369783,0.2078586917852807
9005,REG2020ECE09005,2020,ECE,LATERAL_ENTRY,-0.20494790735166069,-1.0053442807588824,-0.8991977433069565
9006,REG2021CSE09006,2021,CSE,REGULAR,0.09579887203982758,-0.42118288693372213,2.8688267244298995
9007,REG2023CSE09007,2023,CSE,REGULAR,0.32462850148656275,0.02569813871580897,-0.5490799942175736
9008,REG2022CE09008,2022,CE,REGULAR,-0.21656733903163183,0.11397770347523199,0.6663361427712966
9009,REG2021ECE09009,2021,ECE,LATERAL_ENTRY,1.3697437243553412,-1.6813760314354593,0.312445411278664
9010,REG2023CSE09010,2023,CSE,REGULAR,1.1068525134681515,0.2891438006054723,-0.04054835378782348
9011,REG2021ME09011,2021,ME,REGULAR,0.06870780899273644,-0.314718665661421,0.8446520509717609
9012,REG2021ECE09012,2021,ECE,REGULAR,-0.14212555220849735,-0.5940828568664035,1.9317047123154196
9013,REG2020EEE09013,2020,EEE,REGULAR,0.3296293216293361,-1.4830498870704867,0.2008613685885162
9014,REG2023CE09014,2023,CE,REGULAR,-0.5938636166599638,1.8073350560831023,0.4910051995307889
9015,REG2022ECE09015,2022,ECE,REGULAR,0.3523785905695218,0.15204802559376784,-1.3258686492561407
9016,REG2023CE09016,2023,CE,REGULAR,0.35696013042269076,0.7795619550536054,-0.19033867495303766
9017,REG2022CE09017,2022,CE,LATERAL_ENTRY,-1.4949258686476916,-0.47974551809602584,0.5336638393261717
9018,REG2023ME09018,2023,ME,REGULAR,-2.056738750917831,2.468780513002142,-0.13479579720247462
9019,REG2022ECE09019,2022,ECE,REGULAR,-1.031412981252452,-0.8853725739305192,-2.692706788280525
9020,REG2023EEE09020,2023,EEE,REGULAR,1.6859271678042471,0.9405524098056034,0.5484709207624813
9021,REG2022EEE09021,2022,EEE,LATERAL_ENTRY,-0.5417158286941577,0.12456845003148746,0.669090910530508
9022,REG2022CE09022,2022,CE,REGULAR,-1.3321810687718625,-0.085872943362449,1.2930305308533752
9023,REG2021EEE09023,2021,EEE,REGULAR,-1.3000139457238313,-0.5320949496669284,-1.9800356456263237
9024,REG2020CSE09024,2020,CSE,REGULAR,0.30158624956724406,-0.6772070071020552,-0.23984587721683567
9025,REG2022ECE09025,2022,ECE,REGULAR,-0.9826698940239706,-0.8950615597585706,-1.1804351796552772
9026,REG2021EEE09026,2021,EEE,REGULAR,-0.2542589257842513,0.3037295089445411,0.7567539136199206
9027,REG2020CE09027,2020,CE,REGULAR,1.0272396644581048,-1.742006089751719,0.8508873066909495
9028,REG2022CE09028,2022,CE,REGULAR,0.3364730009232934,0.720078386932685,-0.1849701320818198
9029,REG2022EEE09029,2022,EEE,REGULAR,0.11281757379690927,-1.0371024035038723,-2.4302889760720574
9030,REG2020CE09030,2020,CE,LATERAL_ENTRY,0.6647012777331535,-0.5277063845881725,1.2487241025052525
9031,REG2020CSE09031,2020,CSE,REGULAR,1.3371928394666568,0.5437612924515365,0.2973871547634144
9032,REG2023ME09032,2023,ME,LATERAL_ENTRY,-1.1134263665515254,-1.7713380573240582,-0.7293630592685366
9033,REG2021ME09033,2021,ME,REGULAR,-0.5066093920417097,0.12743838461279483,1.3943107554449614
9034,REG2022EEE09034,2022,EEE,LATERAL_ENTRY,0.47888642780259716,-0.31914037011018004,-0.17717686293732915
9035,REG2023ECE09035,2023,ECE,REGULAR,0.7356211918368842,-1.2336817761337233,0.4334236478171615
9036,REG2021ME09036,2021,ME,REGULAR,-0.03426660171416179,1.4037436718384309,-0.4942947917793907
9037,REG2020CSE09037,2020,CSE,LATERAL_ENTRY,-2.153908126225013,0.21853590960630942,-0.7837372910384538
9038,REG2021EEE09038,2021,EEE,REGULAR,-1.3025195148279483,-0.09889711099569887,0.13391641119583378
9039,REG2021ME09039,2021,ME,REGULAR,0.11147036426360302,-0.9848835463656492,-0.5469948636118851
9040,REG2022CE09040,2022,CE,LATERAL_ENTRY,0.028649120922882475,-1.1545960684577552,0.8700353546917455
9041,REG2023CSE09041,2023,CSE,REGULAR,0.32774783605321584,0.9107707034518423,-0.9612880262813764
9042,REG2022EEE09042,2022,EEE,REGULAR,0.9019618736923466,1.452582979314106,0.06343653348206803
9043,REG2022EEE09043,2022,EEE,REGULAR,0.1452441555988891,-1.128859177262207,-0.22449516627269733
9044,REG2021EEE09044,2021,EEE,REGULAR,-1.794765201217523,0.0971958769893111,0.16066713255012008
9045,REG2022EEE09045,2022,EEE,REGULAR,1.8865863503292526,-0.9665006230549643,-0.6049259856363891
9046,REG2021EEE09046,2021,EEE,REGULAR,0.2924673249341525,-0.8436878584826033,-0.14452925587654372
9047,REG2022CSE09047,2022,CSE,REGULAR,0.29329053879825157,2.0580580352611517,-0.0635911926465405
9048,REG2021ME09048,2021,ME,REGULAR,1.7263179432912916,1.3826594339957696,-0.5267413173638279
9049,REG2023ECE09049,2023,ECE,REGULAR,0.8302462473480883,1.5925936278381398,-2.2309695007632655
9050,REG2022ME09050,2022,ME,REGULAR,1.5476306366089647,0.37340007609001663,0.6005055539443054
9051,REG2023CE09051,2023,CE,REGULAR,-0.12109816542734728,-0.48970951284635256,1.0858932550686864
9052,REG2021CSE09052,2021,CSE,REGULAR,-0.26945859992531745,1.8428968518868958,0.26107690028319047
9053,REG2020ECE09053,2020,ECE,REGULAR,0.25093469420152625,0.7911629908763239,3.149152917692769
9054,REG2023EEE09054,2023,EEE,REGULAR,1.1457061495466685,1.09399805717248,-0.35525783444309345
9055,REG2022ECE09055,2022,ECE,REGULAR,-1.3103642119848287,-0.4290861877162088,1.1352274751808982
9056,REG2021ME09056,2021,ME,REGULAR,0.38201378306331185,0.273749214254913,-1.104713033794874
9057,REG2020ME09057,2020,ME,LATERAL_ENTRY,0.030213090726493322,0.6242150745371516,-0.6950106086468094
9058,REG2023CE09058,2023,CE,REGULAR,-1.3138099976095206,0.1328326238469435,-0.600389382412104
9059,REG2022ME09059,2022,ME,REGULAR,0.09212742857810191,1.0216620095392026,0.7518429391289669
9060,REG2022EEE09060,2022,EEE,REGULAR,-0.009394910739037848,0.10884043754535178,-0.03255693617363334
9061,REG2022CSE09061,2022,CSE,REGULAR,1.0942862512595093,2.135057001320421,-2.5354340635504777
9062,REG2020ECE09062,2020,ECE,REGULAR,-2.0762746125481737,-0.9169707681837791,-1.5144368208512182
9063,REG2020ECE09063,2020,ECE,REGULAR,-0.36274805494336837,0.691771235429652,-0.13033395895020516
9064,REG2022EEE09064,2022,EEE,LATERAL_ENTRY,1.0639872285115697,0.9792486442999725,-1.386694564496144
9065,REG2021EEE09065,2021,EEE,REGULAR,-1.9062270916431399,-0.2977925380653792,0.47614866241373394
9066,REG2021CSE09066,2021,CSE,REGULAR,-1.8769369758266783,-0.6975935089048892,-0.09003642152435012
9067,REG2020ECE09067,2020,ECE,LATERAL_ENTRY,0.21047016236064578,-0.5763586601396682,1.7125215846889315
9068,REG2020CE09068,2020,CE,REGULAR,-0.9910270131750297,-0.5227921702426667,-1.4922217293812792
9069,REG2020CE09069,2020,CE,REGULAR,1.195640663895099,-1.016731169875682,0.4836285079685815
9070,REG2022ECE09070,2022,ECE,LATERAL_ENTRY,0.08672712931790558,-0.7650618980701405,1.683039410409491
9071,REG2021CE09071,2021,CE,LATERAL_ENTRY,-0.13868094567732406,-0.8896886750391026,1.0808082933384482
9072,REG2022CE09072,2022,CE,REGULAR,0.2945621204889543,-1.5036360963462962,-1.0063933480430418
9073,REG2023ECE09073,2023,ECE,REGULAR,0.7603111011733954,-0.5615262049639992,1.1170811809515027
9074,REG2020CSE09074,2020,CSE,REGULAR,-1.4702773505526314,0.7572218346240285,0.6464101991461713
9075,REG2022ME09075,2022,ME,LATERAL_ENTRY,-0.1695759743787998,-1.7598457612553962,-0.06393610801886326
9076,REG2021CE09076,2021,CE,LATERAL_ENTRY,0.053872378337375106,-0.9422832346094034,0.14691165132934117
9077,REG2023ECE09077,2023,ECE,REGULAR,0.9363706738051529,0.2055457037250684,0.09596794551367357
9078,REG2022ECE09078,2022,ECE,REGULAR,0.7459215039544929,-0.2464755886440691,-1.2578121238941673
9079,REG2021EEE09079,2021,EEE,LATERAL_ENTRY,0.06043644465526615,0.08717756651533144,-0.19917922219713413
9080,REG2022ME09080,2022,ME,REGULAR,-0.551265884559201,-0.13857829328736748,1.2805527430778523
9081,REG2021CSE09081,2021,CSE,REGULAR,0.766950465616475,-0.42531888301118254,0.14881140790495428
9082,REG2023ME09082,2023,ME,REGULAR,0.35219895830779463,1.2715299196510923,-0.1366800137094087
9083,REG2023ME09083,2023,ME,LATERAL_ENTRY,1.5922381996508885,1.2054360387877627,0.27530661515559945
9084,REG2021EEE09084,2021,EEE,REGULAR,0.8471767455376753,-0.7420927506267407,-0.23382955385243823
9085,REG2021CE09085,2021,CE,REGULAR,-0.09821707990111504,-0.8263552388691242,2.1614202334202663
9086,REG2023EEE09086,2023,EEE,REGULAR,-0.19015176047976043,3.374654579336015,0.0932712268919614
9087,REG2021ECE09087,2021,ECE,REGULAR,0.9371346815229029,-1.173247026300988,1.4904661452314578
9088,REG2021CE09088,2021,CE,LATERAL_ENTRY,-0.11924614197491425,-0.6363726539064243,-0.2807024381214576
9089,REG2022CSE09089,2022,CSE,REGULAR,-0.11257469162372688,1.3400322813390513,-1.2285214836866547
9090,REG2021CE09090,2021,CE,REGULAR,-0.35273255223089406,-0.6392794523530999,1.4570227645248268
9091,REG2021CE09091,2021,CE,REGULAR,-0.6588551160528543,-1.8443513491926908,-0.6984410235237397
9092,REG2022CSE09092,2022,CSE,REGULAR,-0.3161510843809523,-1.295660415288176,1.241471024604431
9093,REG2022EEE09093,2022,EEE,REGULAR,0.17083715398636373,0.2952959963040013,-0.08732016197961796
9094,REG2021CSE09094,2021,CSE,REGULAR,-0.11079493944719473,-2.262602887004247,-1.8544811602391742
9095,REG2023ECE09095,2023,ECE,LATERAL_ENTRY,0.1865275744272816,1.1091698497800984,1.0451638684171778
9096,REG2021CSE09096,2021,CSE,REGULAR,-0.1632915814158226,1.2831772257784433,-0.9410620165179994
9097,REG2020ECE09097,2020,ECE,REGULAR,-0.7229917281109741,-0.2762440351748786,-1.1481523301513525
9098,REG2023CSE09098,2023,CSE,REGULAR,-0.5912947837090388,0.253039803784464,-1.9477950239556792
9099,REG2022CSE09099,2022,CSE,REGULAR,0.9487823017973533,0.7598888775441631,-0.17190278496814726
9100,REG2021CE09100,2021,CE,REGULAR,1.7269609015906033,1.2477951333243353,-1.7534828074989222
9101,REG2022CE09101,2022,CE,REGULAR,0.6410897387207227,-0.7397923769493204,0.3935335228645757
9102,REG2020CE09102,2020,CE,REGULAR,1.4113331389185952,-0.8375789363245086,1.6569017794786167
9103,REG2022ME09103,2022,ME,LATERAL_ENTRY,1.1861430416780872,1.3133141424109558,-0.0656522043044881
9104,REG2020CE09104,2020,CE,REGULAR,-1.5329974252733127,-0.08844476954910102,-0.35157283610638645
9105,REG2023CE09105,2023,CE,REGULAR,-1.2264162075155498,0.434027103084875,1.5321228421978634
9106,REG2023CE09106,2023,CE,REGULAR,0.8266120576908298,0.38147863918443914,-1.1403245237577555
9107,REG2021CE09107,2021,CE,REGULAR,-0.7578055336477976,0.1760767712724014,-1.0059218347360606
9108,REG2020CE09108,2020,CE,REGULAR,-3.2462327864881337,-1.0024507985525843,-1.4192022399889463
9109,REG2022EEE09109,2022,EEE,REGULAR,0.49272065800158305,0.5682611003926872,-1.3043728896671236
9110,REG2021ECE09110,2021,ECE,LATERAL_ENTRY,1.177840610085325,-0.40403163387947055,0.7340762365625386
9111,REG2022CE09111,2022,CE,REGULAR,0.575622795143445,-0.32620599038951664,-1.1585177510139715
9112,REG2021CE09112,2021,CE,REGULAR,0.5153961490973386,1.516715243772552,0.41026500851610676
9113,REG2023CE09113,2023,CE,REGULAR,1.6631677350109857,-0.31592901171389876,-2.2181746440824477
9114,REG2021CE09114,2021,CE,REGULAR,1.2614110966835372,-1.4744851934473755,-0.4817409729426735
9115,REG2023ECE09115,2023,ECE,REGULAR,1.565018881555325,-1.5121017789772726,-0.7591513723595317
9116,REG2023CE09116,2023,CE,REGULAR,-0.43352191679288526,-0.4914536275506701,-0.6919415286215027
9117,REG2023ECE09117,2023,ECE,REGULAR,-0.5028880191155224,1.0565024037150348,-0.5860882971225088
9118,REG2021ECE09118,2021,ECE,REGULAR,0.028735578583817197,0.42359190796788904,-0.0733443087108305
9119,REG2022CE09119,2022,CE,REGULAR,-1.9975748748588429,-0.8175218009108549,-1.5990378970831776
9120,REG2022CE09120,2022,CE,REGULAR,-0.060467301215674056,-1.6643206918519255,1.1947449491979394
9121,REG2021EEE09121,2021,EEE,REGULAR,1.8638694786839642,-0.43621918233220947,1.67560935480479
9122,REG2022CSE09122,2022,CSE,LATERAL_ENTRY,0.46351456740850255,-0.25922236943897603,0.17297713891379948
9123,REG2020CSE09123,2020,CSE,REGULAR,1.3252343010664043,0.08655420220158645,0.6135419564961597
9124,REG2023ECE09124,2023,ECE,REGULAR,1.9574545058614552,-1.1876045694876405,0.7007675004496183
9125,REG2021ECE09125,2021,ECE,REGULAR,-0.1079341006313041,0.21586380631858373,0.6642352057132971
9126,REG2023EEE09126,2023,EEE,REGULAR,-0.4155856754567791,0.41514856566103114,-0.5445277372903362
9127,REG2023ME09127,2023,ME,LATERAL_ENTRY,0.9466778881396078,0.4826481102242441,0.6188242912507556
9128,REG2021ME09128,2021,ME,REGULAR,1.5351714939530958,-1.3113143169988335,-1.1034152929657108
9129,REG2023ECE09129,2023,ECE,REGULAR,-0.019749207321371493,-0.7625435299144022,0.909674826551417
9130,REG2021ECE09130,2021,ECE,REGULAR,0.510521954790302,0.49426048754023444,-0.6523356717911657
9131,REG2023CSE09131,2023,CSE,REGULAR,0.5829829232544053,0.45990176484020917,0.015161838445211689
9132,REG2020CE09132,2020,CE,REGULAR,-2.154460083973897,-0.5523857450801769,1.361246976850895
9133,REG2020CSE09133,2020,CSE,REGULAR,-0.5453276457262277,0.7430637392688018,-1.8226155943267457
9134,REG2022CE09134,2022,CE,REGULAR,-1.411358893691444,-0.21674809173430795,0.46093263546890734
9135,REG2020ME09135,2020,ME,LATERAL_ENTRY,-0.6537865637126828,0.8398256313139335,-1.2542678837424317
9136,REG2020ME09136,2020,ME,REGULAR,-0.23365708440987124,-0.826240177517352,2.1239560061164533
9137,REG2023CSE09137,2023,CSE,LATERAL_ENTRY,1.1186316426778282,-0.2716843690532537,2.020802388952641
9138,REG2021CE09138,2021,CE,REGULAR,-0.5404470346821356,-0.33720650643750877,-1.149768545356818
9139,REG2020ECE09139,2020,ECE,LATERAL_ENTRY,0.0037206953059651542,-1.322233370553674,0.18955636986939559
9140,REG2020CSE09140,2020,CSE,REGULAR,-1.7929715943524704,0.3752598653863693,2.0274034637760106
9141,REG2023ME09141,2023,ME,REGULAR,-0.6018758431364065,2.3365425506081805,-0.20436177084261534
9142,REG2023ME09142,2023,ME,REGULAR,1.1716320040178108,-0.3396433463569812,0.20237728716745
9143,REG2021ME09143,2021,ME,REGULAR,0.7520292731573599,1.8631658643324154,0.07667526601892517
9144,REG2023ME09144,2023,ME,REGULAR,-0.9941444488276563,0.1625070134570004,0.0890348542336053
9145,REG2021EEE09145,2021,EEE,REGULAR,0.43381658127043077,-0.35553874155751053,-0.9144682796161742
9146,REG2022ME09146,2022,ME,REGULAR,1.3439308674733663,-0.8765571971246189,-0.5915499853074251
9147,REG2021ME09147,2021,ME,LATERAL_ENTRY,-0.3214097713442824,0.8101915437931301,1.6846842022202817
9148,REG2020EEE09148,2020,EEE,LATERAL_ENTRY,1.7728801631421238,-1.8598954450114482,1.4929734079290904
9149,REG2021EEE09149,2021,EEE,LATERAL_ENTRY,0.5773884017374162,-0.8713559542126977,0.5799969506110702
9150,REG2023EEE09150,2023,EEE,REGULAR,1.0239654038606074,-0.5908936833267124,0.4042951872301197
9151,REG2022CE09151,2022,CE,REGULAR,0.14797790739944294,-1.4301567261272372,0.33400347467952635
9152,REG2023CE09152,2023,CE,REGULAR,-1.0980325391436685,-1.4804048150954523,-2.137186659347994
9153,REG2022CE09153,2022,CE,REGULAR,-1.3587067049662445,0.14854780989784894,0.21681929320316007
9154,REG2022CSE09154,2022,CSE,REGULAR,-0.32896654035746836,0.7675557100658993,-1.0302505115816096
9155,REG2022CSE09155,2022,CSE,REGULAR,-0.6743696295696282,0.6284928614393884,-0.20439751978980497
9156,REG2023ECE09156,2023,ECE,REGULAR,-0.6454207915307477,-0.5270702149862684,0.5212069863064653
9157,REG2023ECE09157,2023,ECE,REGULAR,0.14917375232533608,-0.29274662957541525,-1.3124136530307529
9158,REG2021EEE09158,2021,EEE,REGULAR,0.0009080792472974207,-0.7721802450624601,-1.3970537329926653
9159,REG2023CSE09159,2023,CSE,REGULAR,-0.7036583619776698,1.7643476350408562,-0.9167141029310112
9160,REG2021CSE09160,2021,CSE,REGULAR,-0.8935401864853812,0.8167589447038212,1.220836319374702
9161,REG2021CSE09161,2021,CSE,REGULAR,-0.9134581673515179,0.33123954255412835,0.876722776388914
9162,REG2023CSE09162,2023,CSE,REGULAR,-1.1038359582693613,1.0615735917392373,0.7041251203902738
9163,REG2023CE09163,2023,CE,REGULAR,-0.7016494338294175,-0.1931404259034415,-0.8376764317433871
9164,REG2023ECE09164,2023,ECE,REGULAR,0.18217326577086526,0.11964218796099539,0.046267047693029834
9165,REG2021EEE09165,2021,EEE,REGULAR,-0.7132157535561315,1.4556309385683956,0.682633852514649
9166,REG2020ECE09166,2020,ECE,REGULAR,0.5342200769447896,0.5722785094120271,-0.10702104969417442
9167,REG2022ME09167,2022,ME,REGULAR,-0.7367356491319945,-1.3434929858540188,-2.016243807502526
9168,REG2020EEE09168,2020,EEE,LATERAL_ENTRY,0.384314447350199,0.9776047702045654,-0.6154375708146617
9169,REG2021ME09169,2021,ME,REGULAR,-0.9287661602998989,-0.5612225364476682,0.6031525267991301
9170,REG2023ME09170,2023,ME,REGULAR,0.3115945929281678,-0.9355329301634178,0.984963116174422
9171,REG2022CE09171,2022,CE,REGULAR,0.4052910754583043,-0.21821899381804455,-1.7437056337370034
9172,REG2022CE09172,2022,CE,REGULAR,1.0979109397806268,0.19045580699658687,-0.17310191815233217
9173,REG2022CSE09173,2022,CSE,LATERAL_ENTRY,-0.4039231411014171,-1.368385665098503,0.1625105878591158
9174,REG2023EEE09174,2023,EEE,LATERAL_ENTRY,-1.7424765408668947,0.8427745722869748,-0.9694840333096971
9175,REG2021ECE09175,2021,ECE,REGULAR,0.397732125430434,1.6293706623403685,-0.6156809808231076
9176,REG2023EEE09176,2023,EEE,REGULAR,-1.5307180068726955,-1.8413298444268726,0.09941449624206443
9177,REG2022ME09177,2022,ME,LATERAL_ENTRY,0.46310175938503073,-0.09890130923404088,0.22496361502355264
9178,REG2023CE09178,2023,CE,REGULAR,-0.9997649447008842,0.024763748104975274,0.7515278966237802
9179,REG2020CE09179,2020,CE,REGULAR,-0.5810280505140136,1.5903348987089272,-0.6243824598703168
9180,REG2021EEE09180,2021,EEE,REGULAR,-0.21883905175173377,-0.07950166803898079,-0.15165992216852248
9181,REG2020CSE09181,2020,CSE,REGULAR,-0.3306554536944151,-1.310617969072787,1.061370160151741
9182,REG2020EEE09182,2020,EEE,REGULAR,-1.749178334010457,-0.589860491956878,-2.3243130673647374
9183,REG2023EEE09183,2023,EEE,REGULAR,-0.40912006466097656,-0.01401400475869808,0.2546041616938449
9184,REG2022ME09184,2022,ME,REGULAR,-0.8144382301291553,-0.3683086439056779,1.337646813944674
9185,REG2022CE09185,2022,CE,REGULAR,1.2003501925055569,-0.7938884883360919,1.893785940236891
9186,REG2023CSE09186,2023,CSE,REGULAR,-0.7964015625922558,0.35946408126218404,0.11036530933470598
9187,REG2023ME09187,2023,ME,REGULAR,0.14335572603763067,-0.22018417520751776,-1.0443524977618253
9188,REG2022ME09188,2022,ME,REGULAR,0.13833239532872352,0.06426537161371573,0.49974126923065715
9189,REG2022EEE09189,2022,EEE,REGULAR,0.6922995453980405,0.27531299575852,0.05522688311379082
9190,REG2020ME09190,2020,ME,REGULAR,0.9291036089519498,-0.12295445015495378,-1.3123970569446313
9191,REG2022CSE09191,2022,CSE,REGULAR,-0.17279092585329925,0.4801971032633259,0.38767691396093346
9192,REG2020CSE09192,2020,CSE,REGULAR,-1.7696968017238885,0.6187996554322713,1.2887961918025386
9193,REG2021CE09193,2021,CE,REGULAR,0.4336841392521587,-0.34914716433785725,0.17050758036189725
9194,REG2020EEE09194,2020,EEE,REGULAR,0.2773223773664601,-0.9376142856903709,-1.1110630779790542
9195,REG2020ECE09195,2020,ECE,REGULAR,-0.3929154409588254,-0.5967471583808533,0.8333375947999675
9196,REG2022CE09196,2022,CE,REGULAR,-2.555188896601328,0.5252260557769388,1.42134818115209
9197,REG2021ME09197,2021,ME,REGULAR,-0.5977377164962744,0.8281776314992026,-0.038782185805905596
9198,REG2023CSE09198,2023,CSE,REGULAR,1.1417143543646975,1.814401919774259,-0.2531878102335949
9199,REG2023CSE09199,2023,CSE,LATERAL_ENTRY,0.8944998125944914,0.2622291773917337,1.295673152707836
9200,REG2022CSE09200,2022,CSE,REGULAR,1.3677592501343478,0.8725432538412587,0.1651369334667895
9201,REG2023ME09201,2023,ME,REGULAR,-1.3311734226510816,-0.1632732149487665,0.9572546810178086
9202,REG2021ECE09202,2021,ECE,REGULAR,-0.7084128524871977,-1.159842741329542,0.5629882763675454
9203,REG2023ME09203,2023,ME,REGULAR,0.9475697603180211,-1.395904583767462,-0.33345317602572067
9204,REG2023CSE09204,2023,CSE,REGULAR,0.3196619307676725,-0.7842767815900054,0.0073751916896656515
9205,REG2020ECE09205,2020,ECE,REGULAR,-0.4007430878127829,-0.8290528393811237,0.3961508659734124
9206,REG2022CE09206,2022,CE,REGULAR,0.33915229865041974,0.29002701326942937,0.11449553932890538
9207,REG2020ECE09207,2020,ECE,LATERAL_ENTRY,1.3384728566014799,1.3247093270262875,-1.2635919864561282
9208,REG2022CE09208,2022,CE,REGULAR,-2.019795470697815,-1.6464055694911706,-0.37623333600957254
9209,REG2023ECE09209,2023,ECE,REGULAR,1.4270594039503268,0.4572237652474753,0.8190775947922624
9210,REG2023ECE09210,2023,ECE,LATERAL_ENTRY,1.3226978677382755,-0.3498053981292107,-0.002176672402488377
9211,REG2020ME09211,2020,ME,LATERAL_ENTRY,-0.08424888549086973,-0.5634933578624431,0.715191303233154
9212,REG2021ME09212,2021,ME,REGULAR,0.5899018790919087,-0.3421173347126023,1.3265092587778615
9213,REG2022ECE09213,2022,ECE,LATERAL_ENTRY,1.073800804619567,1.8235061104312495,-0.7898268363991819
9214,REG2022ECE09214,2022,ECE,LATERAL_ENTRY,-0.10019039512660861,-0.1965087989552637,2.603712034767443
9215,REG2021EEE09215,2021,EEE,REGULAR,-1.919156486892045,2.0884553341608183,0.3623008107733601
9216,REG2022ME09216,2022,ME,REGULAR,0.3623026511189925,1.8556208465328685,0.8811355939462253
9217,REG2020ME09217,2020,ME,REGULAR,-0.5690581144480904,-0.6790074657724571,-1.8175966493538405
9218,REG2023CE09218,2023,CE,REGULAR,1.4757936383538983,0.7840493366236075,1.9865843144873676
9219,REG2023EEE09219,2023,EEE,LATERAL_ENTRY,-1.4322669021054681,2.0410289407224136,0.8651365360116088
9220,REG2021ECE09220,2021,ECE,REGULAR,-1.4148538665450283,-0.2776578060618936,-0.572103629440629
9221,REG2021ECE09221,2021,ECE,REGULAR,-0.08927743442017294,-0.2809098758854016,-0.20719349020002145
9222,REG2022CE09222,2022,CE,REGULAR,0.4764285282284767,0.690167624183214,-1.3063651444144821
9223,REG2023ME09223,2023,ME,REGULAR,1.6059897903914482,0.7442766687762318,2.241960063570164
9224,REG2020CSE09224,2020,CSE,REGULAR,-2.5370383268528904,-0.6188632918041952,0.9895275593614965
9225,REG2020CSE09225,2020,CSE,REGULAR,-0.9303475169440543,-1.9167937745454071,-0.7458940228953925
9226,REG2020CE09226,2020,CE,REGULAR,0.5734480783388831,0.5208602350477701,0.35142076879295825
9227,REG2021CE09227,2021,CE,REGULAR,0.7056750065142151,0.7391704221649531,-0.7052853833305561
9228,REG2020EEE09228,2020,EEE,REGULAR,-0.19453239692351912,1.7999262218402783,0.2999745080042434
9229,REG2020CE09229,2020,CE,REGULAR,0.4205236791153349,-1.5114545279827898,-0.03488357789799675
9230,REG2023ECE09230,2023,ECE,REGULAR,-0.7679436526046873,2.5121059895992177,0.16508231849986896
9231,REG2021ECE09231,2021,ECE,REGULAR,0.566077523838932,0.6264230029386684,-2.7581301712388733
9232,REG2020ECE09232,2020,ECE,REGULAR,0.639725164947583,-0.9669208167219943,-1.2364280062781416
9233,REG2020ECE09233,2020,ECE,REGULAR,0.5878894871233928,0.5780612804715758,-0.2567859880646861
9234,REG2021ECE09234,2021,ECE,REGULAR,2.6283342572797714,0.25315686916573976,-0.6700508521601305
9235,REG2020ME09235,2020,ME,REGULAR,1.0938655734135374,0.9876741804520931,-1.3992557969655937
9236,REG2023EEE09236,2023,EEE,REGULAR,0.7087830466582424,0.29280556413218756,0.009302786390400615
9237,REG2020CE09237,2020,CE,REGULAR,-0.06869780077495913,0.776107174205945,-0.8239706196925856
9238,REG2023ECE09238,2023,ECE,LATERAL_ENTRY,-0.056794931868898606,-0.5288439197145731,-0.2269421785368268
9239,REG2022CE09239,2022,CE,REGULAR,0.7199767961795186,0.5045473404932355,-2.4218875425350954
9240,REG2021ECE09240,2021,ECE,REGULAR,-0.39949103807895414,-1.1152386326012858,-2.232101880377623
9241,REG2023ECE09241,2023,ECE,REGULAR,-1.6312492247867765,-0.8383883927381455,0.7395578331507316
9242,REG2021ME09242,2021,ME,REGULAR,0.26364824183997276,-1.3471646978550513,0.5004758993705085
9243,REG2022ME09243,2022,ME,REGULAR,0.02732926477494107,0.21952466490589106,-0.9098149904638743
9244,REG2023CSE09244,2023,CSE,LATERAL_ENTRY,-1.1438393682939265,-0.5839324931806995,-0.5487058497790216
9245,REG2023ME09245,2023,ME,LATERAL_ENTRY,-0.21227781132358908,-1.143866136559243,-0.7371943078582527
9246,REG2020EEE09246,2020,EEE,REGULAR,1.8652201946994758,0.23550389306795966,0.0756531671228011
9247,REG2022EEE09247,2022,EEE,REGULAR,0.4869705291699666,-1.1999283801447103,-0.7186584790305066
9248,REG2021CSE09248,2021,CSE,REGULAR,-0.6212373739325908,0.25168417270645016,0.12737245576344142
9249,REG2021CSE09249,2021,CSE,REGULAR,0.1340085715631853,1.374692924963931,-0.392425654755006
9250,REG2023ME09250,2023,ME,REGULAR,-0.5108565853109441,-2.2181778820013074,1.6126103704201542
9251,REG2023ECE09251,2023,ECE,REGULAR,-0.061702009551545985,-0.5008124976223253,1.876973822243014
9252,REG2020CSE09252,2020,CSE,REGULAR,1.5382341275751847,1.798885129501635,2.062173388290083
9253,REG2020ME09253,2020,ME,REGULAR,-0.567374833506521,-0.3481185867091045,-0.599049749106682
9254,REG2021ME09254,2021,ME,REGULAR,0.04516783061610709,2.0366290870216868,-0.5976525955572594
9255,REG2023CE09255,2023,CE,REGULAR,-0.9109337304486107,-0.11288894986406642,-1.0018611934667998
9256,REG2022CSE09256,2022,CSE,REGULAR,-0.4082501827353158,1.3704290775602983,0.25402995964175884
9257,REG2022ME09257,2022,ME,REGULAR,0.007617447884572965,0.07682240177488804,2.102670851183948
9258,REG2020EEE09258,2020,EEE,REGULAR,0.4232880047843031,-0.8472963635254651,-0.6503397713862022
9259,REG2021ECE09259,2021,ECE,REGULAR,0.05181463779651815,0.4451317112144696,0.38286382859043544
9260,REG2023CSE09260,2023,CSE,REGULAR,-0.672131558490489,-0.06467404994853104,-0.08845374275987485
9261,REG2021ME09261,2021,ME,REGULAR,0.9707291555530558,1.2469285732599455,0.672013261724746
9262,REG2022ME09262,2022,ME,REGULAR,0.9128433685014954,-1.8101384698891883,-0.6332508713823471
9263,REG2021EEE09263,2021,EEE,REGULAR,-0.5944523251422571,1.4770320180976677,-1.858475904846563
9264,REG2022CE09264,2022,CE,REGULAR,0.3437399662699479,-0.10396651320817613,-0.713008914070897
9265,REG2021EEE09265,2021,EEE,LATERAL_ENTRY,1.5427149565943234,0.47833757754278067,-0.39476130012732713
9266,REG2020CSE09266,2020,CSE,REGULAR,0.2975498408625826,-1.706731002456418,-0.19073501377027574
9267,REG2020CE09267,2020,CE,REGULAR,-0.5695301261744764,0.48917842571730213,1.3258469244784146
9268,REG2022CE09268,2022,CE,LATERAL_ENTRY,0.30759330407831975,-1.1764324062587688,-1.0788445546315133
9269,REG2022ECE09269,2022,ECE,REGULAR,-0.17753306180244613,-0.23182317287812806,-1.5958316989878691
9270,REG2023ECE09270,2023,ECE,REGULAR,-0.5602944175442698,-0.04226391470724283,-0.2960312957365682
9271,REG2022ECE09271,2022,ECE,REGULAR,-0.20020689021768695,0.4478742276386652,0.25284377211153547
9272,REG2023ME09272,2023,ME,REGULAR,-0.48883045412035586,-1.3498886053824295,0.07643478289745821
9273,REG2022CE09273,2022,CE,LATERAL_ENTRY,0.46135279244027033,-0.5520345541818616,0.27207750878767517
9274,REG2022ME09274,2022,ME,LATERAL_ENTRY,-0.6914007475421724,1.0280946253620136,0.20676980062599107
9275,REG2022ME09275,2022,ME,REGULAR,0.8216885941296689,1.4267433700774859,0.603801169723168
9276,REG2020CE09276,2020,CE,REGULAR,-0.127662446191289,0.5559792159700644,1.091886582931764
9277,REG2022CE09277,2022,CE,REGULAR,0.43815367569664115,1.5095394525808317,0.2868039256226029
9278,REG2022CSE09278,2022,CSE,REGULAR,0.2984050191138904,-0.1583179330041202,-1.3197491112310664
9279,REG2022CE09279,2022,CE,REGULAR,0.46001611530132647,1.166642720708035,-0.40539717814931
9280,REG2022EEE09280,2022,EEE,REGULAR,0.3609273368962657,0.004567553350116521,-0.643041664088938
9281,REG2020CSE09281,2020,CSE,REGULAR,0.6616933451222271,-0.3523153245207302,-1.485542633188652
9282,REG2023EEE09282,2023,EEE,REGULAR,-0.5700224366840323,0.728355243706094,1.0125459075303556
9283,REG2022ME09283,2022,ME,LATERAL_ENTRY,-1.126792462101478,-0.3159256432783034,-0.24522894708343393
9284,REG2020EEE09284,2020,EEE,REGULAR,-0.2496697820487407,0.09947032481862983,-0.27968175992364214
9285,REG2021ECE09285,2021,ECE,REGULAR,1.498997635798715,0.012299189244095857,1.4131998340737706
9286,REG2022CSE09286,2022,CSE,REGULAR,1.5132806803088128,0.37600923189363505,-0.08616939544844374
9287,REG2021CSE09287,2021,CSE,REGULAR,-1.2634982091223164,0.09478594604127795,-1.2994851469692845
9288,REG2020ME09288,2020,ME,REGULAR,1.1700913320316522,-0.27750082075309823,0.11182918071673721
9289,REG2020CE09289,2020,CE,REGULAR,0.6530133378250907,-1.6065242133301176,-0.14484623497281734
9290,REG2023ME09290,2023,ME,REGULAR,2.286028845874867,1.7374642267802043,-0.6081105002706575
9291,REG2023CE09291,2023,CE,REGULAR,2.3797738390127456,0.9200791933091966,0.07057716459959062
9292,REG2020EEE09292,2020,EEE,REGULAR,1.3444264295966342,1.4989523093039192,1.3258986278559977
9293,REG2023ECE09293,2023,ECE,REGULAR,1.3033742691651993,-0.15207725396198046,0.16500938452118893
9294,REG2023EEE09294,2023,EEE,REGULAR,-1.1854004682755677,-0.012067388874489094,-0.5880291629599581
9295,REG2021ECE09295,2021,ECE,REGULAR,1.3131328911313596,1.0844927445400385,1.311831562925704
9296,REG2020EEE09296,2020,EEE,REGULAR,0.039279815819802374,-0.15437393277090344,-1.1460947691321506
9297,REG2023CE09297,2023,CE,LATERAL_ENTRY,-0.21114858696725472,-1.6237017705315937,-0.6756269518536069
9298,REG2023CE09298,2023,CE,REGULAR,0.3363259341698788,0.3102241573078679,-1.3951436763299734
9299,REG2020ECE09299,2020,ECE,REGULAR,-1.0510700213496749,-0.2988476746193785,0.8016917738049479
9300,REG2021EEE09300,2021,EEE,REGULAR,1.5547527974354218,-0.35743873819770267,1.9390910661193395
9301,REG2021CE09301,2021,CE,REGULAR,-0.1634731751229227,0.08443599254937144,0.10393040557375371
9302,REG2020CE09302,2020,CE,REGULAR,1.62772948202325,-0.5110551630849925,0.46429981986152147
9303,REG2021EEE09303,2021,EEE,REGULAR,-0.10906691789969869,-0.9046266969647481,0.21143350542649555
9304,REG2022EEE09304,2022,EEE,REGULAR,0.039780272607650345,-0.029009252860526996,0.15001816868164403
9305,REG2020CSE09305,2020,CSE,REGULAR,-1.0394072668662295,-0.674653263036824,0.9243726172789395
9306,REG2022ECE09306,2022,ECE,REGULAR,-0.7828302213233457,-1.5090203023691249,1.0097108776673713
9307,REG2023ECE09307,2023,ECE,LATERAL_ENTRY,-0.4555835702636507,0.6398099298704607,-0.14716421033374266
9308,REG2023CSE09308,2023,CSE,REGULAR,0.15670423614715426,0.5887803028447679,0.6404675342177202
9309,REG2020EEE09309,2020,EEE,REGULAR,-0.5345051541233914,-0.7256108725236843,-0.2203124053347578
9310,REG2021ECE09310,2021,ECE,REGULAR,-0.5898463977796405,-0.22116279482803627,-0.07211865492814971
9311,REG2022ME09311,2022,ME,REGULAR,-1.2733914256776542,-0.9773647453017132,-0.2330211994737599
9312,REG2023CE09312,2023,CE,REGULAR,0.48150319477262976,0.8798075208244245,1.648638342504509
9313,REG2023CE09313,2023,CE,REGULAR,-0.20322587516564822,-2.163660250456189,-0.3115403586185362
9314,REG2021ECE09314,2021,ECE,REGULAR,-0.6051068951651147,-0.3779837473892551,-2.107210173089044
9315,REG2023CE09315,2023,CE,REGULAR,-0.8846287618742067,0.7578055531368741,0.48630770806671764
9316,REG2021ME09316,2021,ME,REGULAR,0.4403695801561738,-0.828113891778112,-1.9362686925325427
9317,REG2023CSE09317,2023,CSE,REGULAR,0.007220684863985849,0.7667259447025524,0.6672382006331604
9318,REG2021ME09318,2021,ME,LATERAL_ENTRY,-0.02372853602153363,-0.4612183944480225,1.6184334943711065
9319,REG2020CE09319,2020,CE,LATERAL_ENTRY,0.20964364379865824,-0.07262149896677796,-0.46500834182791995
9320,REG2021EEE09320,2021,EEE,REGULAR,0.5218294516269822,0.11096680444775973,0.20063557430841492
9321,REG2020ME09321,2020,ME,REGULAR,-0.8365345759694693,-0.38314083202339966,0.31376567343680534
9322,REG2023CE09322,2023,CE,REGULAR,0.22665157144068168,-1.175904874793093,-0.4636739934999245
9323,REG2021CSE09323,2021,CSE,REGULAR,-0.23018925944882465,0.9916906163482561,-0.07545804261514992
9324,REG2023CE09324,2023,CE,LATERAL_ENTRY,0.3896709774890016,0.13749341232424225,0.07750544307450348
9325,REG2021EEE09325,2021,EEE,REGULAR,0.6037428856265101,0.39579858611116464,-1.0918037669154144
9326,REG2021ECE09326,2021,ECE,LATERAL_ENTRY,-0.69261439948105,1.8108331969277056,-0.9636786904605774
9327,REG2023CSE09327,2023,CSE,REGULAR,-0.21574268212875983,-0.9814671047462716,-1.8453546249890505
9328,REG2022ECE09328,2022,ECE,REGULAR,0.5691134563080424,0.28717733821376507,-0.1656077037539745
9329,REG2020ME09329,2020,ME,REGULAR,-0.17300930803130793,-0.6113857227702871,0.6956368543692609
9330,REG2021CSE09330,2021,CSE,REGULAR,0.25046991234031507,1.4296911923941726,1.1765993562321124
9331,REG2021ME09331,2021,ME,REGULAR,-0.8669996582372288,-0.47726127061737744,-0.4107633799168494
9332,REG2023ECE09332,2023,ECE,REGULAR,0.8700680601043247,-0.5158371377845362,-0.7220955082425105
9333,REG2020ECE09333,2020,ECE,REGULAR,-0.13898970110789996,0.8647576613296085,-0.2873395897187748
9334,REG2021ME09334,2021,ME,REGULAR,1.2503042641320241,0.4954041047264733,0.3117523699255676
9335,REG2023ECE09335,2023,ECE,REGULAR,1.4974945222496705,0.31203274701495887,1.0209664127573288
9336,REG2022CSE09336,2022,CSE,REGULAR,0.840701270114109,-0.2412153878681133,2.1570509583834925
9337,REG2023CSE09337,2023,CSE,REGULAR,0.10536653973510687,0.23119235634243404,0.058730602376526685
9338,REG2022CE09338,2022,CE,REGULAR,-0.366049006576982,0.7461380108261363,0.47043497238071114
9339,REG2023EEE09339,2023,EEE,REGULAR,2.449338713242721,-0.9410364558308835,1.411826576908021
9340,REG2021EEE09340,2021,EEE,REGULAR,-1.1997910321740204,0.6641397093736288,0.2516837382083749
9341,REG2023CE09341,2023,CE,REGULAR,-0.12266027509498646,0.5715169227831229,-0.4707633586364122
9342,REG2021CE09342,2021,CE,REGULAR,-0.37271719167799494,-0.6196846288627522,0.15697246940196316
9343,REG2022ECE09343,2022,ECE,REGULAR,1.2157014196446054,-0.5509668835477595,-0.25313122072110306
9344,REG2020ME09344,2020,ME,REGULAR,0.24511042045633818,-3.2429870295634653,0.7194246319265755
9345,REG2021ECE09345,2021,ECE,REGULAR,0.7004719217754293,0.10634365408225643,-0.8364505273188744
9346,REG2021ECE09346,2021,ECE,LATERAL_ENTRY,0.7889531541617681,-0.4551077340988295,0.522340575246019
9347,REG2022CSE09347,2022,CSE,REGULAR,0.43925025535644846,0.07990951754327062,-1.6677614299229793
9348,REG2021CSE09348,2021,CSE,REGULAR,0.92129953487746,-0.489970696641355,-1.5618071865015233
9349,REG2021EEE09349,2021,EEE,REGULAR,1.5950677596434095,0.5528993085262132,0.7541779498114454
9350,REG2022CSE09350,2022,CSE,REGULAR,1.6582689799979253,0.5046495796359184,-0.05389492626537523
9351,REG2023ECE09351,2023,ECE,REGULAR,-0.9098226066702294,0.1801195354308347,1.157491671820017
9352,REG2020CE09352,2020,CE,REGULAR,0.31642361100894223,-1.7262466136443895,-0.40275692180565353
9353,REG2023CE09353,2023,CE,REGULAR,0.04900712891881669,1.3424764267692637,0.1600737473540913
9354,REG2021EEE09354,2021,EEE,LATERAL_ENTRY,0.9145130980341019,-0.1825521626694995,0.2935050194419702
9355,REG2021CSE09355,2021,CSE,LATERAL_ENTRY,0.38921675696877395,-0.7740188527748819,1.1868484915931339
9356,REG2023ECE09356,2023,ECE,REGULAR,-0.2656096096068746,-0.4650727035260094,-0.0316795269621239
9357,REG2021CSE09357,2021,CSE,REGULAR,0.6754094826708198,-0.5834991620296786,-0.9731915069649124
9358,REG2021CSE09358,2021,CSE,REGULAR,-0.0815491122215969,2.684426782495735,0.781625727179873
9359,REG2020CSE09359,2020,CSE,REGULAR,0.4620526348993469,-0.5245520162851492,-0.38458295044026336
9360,REG2020CE09360,2020,CE,LATERAL_ENTRY,-1.4834772265094067,0.18194918968313586,0.20384753312379236
9361,REG2021ECE09361,2021,ECE,REGULAR,-0.19253284204529525,1.7991115394920134,-0.12965511035001087
9362,REG2023ME09362,2023,ME,REGULAR,-1.6915841037374875,-1.4897911463053963,1.1979535178733434
9363,REG2021EEE09363,2021,EEE,REGULAR,-0.5738107665227092,-2.314837258234583,1.638703525984079
9364,REG2023EEE09364,2023,EEE,LATERAL_ENTRY,-0.9217395865849163,-0.692902518098565,0.21594182473373674
9365,REG2023ME09365,2023,ME,LATERAL_ENTRY,0.28474360524550013,-2.4538467760310962,1.1096070568847811
9366,REG2022ECE09366,2022,ECE,REGULAR,0.8553500246075812,-1.493741741076392,-0.7702205056431638
9367,REG2020EEE09367,2020,EEE,REGULAR,0.009546317565053372,-1.3963610015759012,0.33794522012154016
9368,REG2023CSE09368,2023,CSE,REGULAR,0.5627451053062571,-0.48150022446505053,1.0703309477825418
9369,REG2023CSE09369,2023,CSE,REGULAR,0.13893584460497513,0.9646710173405232,-0.922451406370925
9370,REG2021CSE09370,2021,CSE,LATERAL_ENTRY,0.1808970552967644,-0.03666447525379244,-2.308368670691897
9371,REG2020ME09371,2020,ME,REGULAR,-0.006477692962498758,1.4843561116629862,0.07134264401226914
9372,REG2022CSE09372,2022,CSE,REGULAR,-1.8935001181006847,0.9317369205740171,-0.11322374948261552
9373,REG2020CSE09373,2020,CSE,LATERAL_ENTRY,1.1152550497471918,0.43565821049552766,0.8748802810045488
9374,REG2023ME09374,2023,ME,REGULAR,-0.09328792658158355,-1.8328193806908621,-1.0953945248635832
9375,REG2020EEE09375,2020,EEE,REGULAR,1.0155540924494144,-1.044105054089962,-0.25387927943838434
9376,REG2022ME09376,2022,ME,REGULAR,-0.6306081439640495,-0.6991162010449158,-0.17637387946913485
9377,REG2023ME09377,2023,ME,REGULAR,0.7175887572102824,0.3150031345082293,0.8028380422251917
9378,REG2022EEE09378,2022,EEE,REGULAR,-2.1461398850795312,0.3832705968091214,-1.0040814513994607
9379,REG2021CSE09379,2021,CSE,REGULAR,-0.823891896285662,-0.3902462909630183,-0.6272185642729853
9380,REG2020CE09380,2020,CE,REGULAR,1.878217913385592,0.11746707971617228,0.7422435437820246
9381,REG2023CSE09381,2023,CSE,REGULAR,0.9432569240608952,0.02803636885504708,-0.09598291018623589
9382,REG2022ECE09382,2022,ECE,REGULAR,-0.31645605545797995,-1.0636882462142685,-1.1629232739910857
9383,REG2020ME09383,2020,ME,REGULAR,1.6893289030379068,-0.4069309257616575,-1.7262098325726938
9384,REG2021EEE09384,2021,EEE,REGULAR,-1.891885154022592,0.4613060323259517,0.6365451132500611
9385,REG2020ECE09385,2020,ECE,REGULAR,-1.091076200628851,-0.8763246506901082,0.4874687190119288
9386,REG2020ECE09386,2020,ECE,REGULAR,0.7698576095542816,0.28008599198688305,-0.13802840027903032
9387,REG2022EEE09387,2022,EEE,REGULAR,-1.333759379961233,0.198258006505855,-2.2658697588147705
9388,REG2021ME09388,2021,ME,REGULAR,0.08070666998943248,0.03697566691561413,-1.6856174373179689
9389,REG2023CE09389,2023,CE,LATERAL_ENTRY,0.07917248305030788,0.4413390851441676,-0.8928024557366314
9390,REG2023ME09390,2023,ME,REGULAR,-0.9489309831011078,-0.7002387379038698,1.8287203226074937
9391,REG2022ECE09391,2022,ECE,REGULAR,0.1843911750824119,-0.17016507735402608,-0.3860904628621849
9392,REG2021CE09392,2021,CE,REGULAR,1.0088319540145758,-0.6958111572407325,-0.44678620848875167
9393,REG2020CE09393,2020,CE,REGULAR,-1.0701519869568004,-0.079407480108345,1.6992665838581895
9394,REG2021CE09394,2021,CE,REGULAR,0.02906040229794189,-1.5578893398993057,2.6990821602335626
9395,REG2023CSE09395,2023,CSE,REGULAR,2.4038622715434963,1.0953967559766575,1.148671098145644
9396,REG2022CE09396,2022,CE,REGULAR,-1.3881970190663901,0.4191259773477594,-0.9344900441412913
9397,REG2020ECE09397,2020,ECE,REGULAR,-0.9269497191993369,1.6828504795575807,-0.535738462730263
9398,REG2022EEE09398,2022,EEE,REGULAR,-0.6537563095861183,-2.252410484148763,0.14098843161742622
9399,REG2021EEE09399,2021,EEE,REGULAR,1.5414806414066624,-1.3533121394186318,-1.398110319439654
9400,REG2020EEE09400,2020,EEE,REGULAR,1.1652194629540933,-0.042173123748675365,0.5564321832378254
9401,REG2020CSE09401,2020,CSE,REGULAR,-1.0171977599404518,-0.3243018759942723,0.5480825322407878
9402,REG2020ECE09402,2020,ECE,REGULAR,-1.1960160790961902,0.35214563470022064,-0.0771478150284028
9403,REG2023ECE09403,2023,ECE,REGULAR,1.6589258175423633,0.6506677503137213,-0.22912479630450694
9404,REG2023CE09404,2023,CE,REGULAR,-0.7774412402808677,-0.11350552714247568,-0.8250810033989462
9405,REG2021CSE09405,2021,CSE,REGULAR,0.10556529528315371,0.6448844171096804,0.6950708462140678
9406,REG2020CSE09406,2020,CSE,REGULAR,-0.3988651058140538,0.6895020591867207,0.5313668148503423
9407,REG2022ECE09407,2022,ECE,LATERAL_ENTRY,-0.3675760019342538,0.7573896772692684,-0.7331405289326888
9408,REG2020EEE09408,2020,EEE,REGULAR,-0.28024832192665117,0.35701569756419965,-2.4692805135664795
9409,REG2020EEE09409,2020,EEE,LATERAL_ENTRY,1.6612812894315048,0.5161473096132521,0.586797077029454
9410,REG2021EEE09410,2021,EEE,REGULAR,0.055875844885627524,-0.3753430922309935,1.0654150254746124
9411,REG2022ECE09411,2022,ECE,REGULAR,-1.404055007039385,0.42429140664272796,1.01035482444814
9412,REG2021EEE09412,2021,EEE,LATERAL_ENTRY,0.6090754558886144,0.5283834890397071,-0.2649222482610717
9413,REG2021ECE09413,2021,ECE,LATERAL_ENTRY,-1.2691890119846236,1.2379595566416366,0.016167744486988527
9414,REG2022CE09414,2022,CE,REGULAR,-0.8315794083923991,-0.8573621115341507,0.062361964269938876
9415,REG2023CSE09415,2023,CSE,REGULAR,-0.974750169851002,1.9658598927787383,0.09817302563104215
9416,REG2023ECE09416,2023,ECE,LATERAL_ENTRY,-1.3463791186299465,-0.9768315416674825,-0.3614312695328664
9417,REG2021ME09417,2021,ME,LATERAL_ENTRY,-1.2194578971451588,0.22335222425279294,-0.15275008235466217
9418,REG2022CSE09418,2022,CSE,LATERAL_ENTRY,0.05241488282083097,0.9465577494079545,0.24058526182647944
9419,REG2020CSE09419,2020,CSE,REGULAR,0.0417616215951712,0.049208831177310265,0.09838433568883354
9420,REG2022EEE09420,2022,EEE,LATERAL_ENTRY,0.07723916872563959,-1.1907503709168625,-0.7533121177743566
9421,REG2020CE09421,2020,CE,REGULAR,0.375460974939515,0.16599417771744604,-0.7802146783994376
9422,REG2021CSE09422,2021,CSE,REGULAR,-0.46659005747110827,-0.6598285120323415,-0.6896251720152506
9423,REG2023CE09423,2023,CE,REGULAR,-0.49635396393232767,1.2451648857160154,0.27130545340043055
9424,REG2023CSE09424,2023,CSE,REGULAR,-0.4516586139121404,-0.034244874655974096,0.5373685207103595
9425,REG2022CSE09425,2022,CSE,REGULAR,-0.021355288103866693,1.2157239192832658,-0.3466224216534656
9426,REG2022ME09426,2022,ME,REGULAR,0.6588009251223399,0.5787229712437788,0.9721194556162636
9427,REG2020CSE09427,2020,CSE,REGULAR,-0.6341902803863865,-1.7031060275133336,-0.9520123684306465
9428,REG2023ECE09428,2023,ECE,LATERAL_ENTRY,-0.1850249094634809,2.0811061217652798,-0.11824522359858346
9429,REG2023ME09429,2023,ME,REGULAR,-0.673700894212644,-0.21496470490825303,-0.601774611271441
9430,REG2020CE09430,2020,CE,REGULAR,-0.7540209264133364,0.011195906051809739,0.1471503084567735
9431,REG2021CSE09431,2021,CSE,REGULAR,-0.08547139915634956,-0.20550133089208092,0.32803169439152724
9432,REG2022CSE09432,2022,CSE,REGULAR,1.5057019033587782,-0.7098601030765912,-1.108060826450161
9433,REG2021CE09433,2021,CE,REGULAR,-0.6427557925605808,3.0261813174599297,-1.3284438256852287
9434,REG2022ME09434,2022,ME,REGULAR,-2.5469141937320585,0.5337573459856018,-2.8562786442761277
9435,REG2020CSE09435,2020,CSE,LATERAL_ENTRY,-0.7718542299663337,1.2874726763599822,-1.0535178375410414
9436,REG2021ECE09436,2021,ECE,REGULAR,0.8621648747816978,0.05091085078397355,-1.3709571815723334
9437,REG2021CE09437,2021,CE,REGULAR,0.43505465039220087,-2.1714808365078744,1.4836878606641872
9438,REG2022EEE09438,2022,EEE,REGULAR,0.6674853809514537,-1.1442300506776188,-0.048283349409974176
9439,REG2023ME09439,2023,ME,LATERAL_ENTRY,-0.05836452092745957,-0.1146506800492271,0.7753199801643907
9440,REG2021ME09440,2021,ME,REGULAR,0.8159012057405601,0.48180862302354677,0.5918810562550377
9441,REG2021ECE09441,2021,ECE,REGULAR,-1.6981071204652187,1.2418823653476967,0.4524161265791952
9442,REG2020ME09442,2020,ME,REGULAR,0.528648669018678,-1.1930933191521758,-0.35257798717551725
9443,REG2022ME09443,2022,ME,REGULAR,-0.6834328086233902,-0.0251851502817832,-2.122758952558825
9444,REG2021EEE09444,2021,EEE,REGULAR,2.1394883300938212,0.15468945797285957,1.199784517073108
9445,REG2023EEE09445,2023,EEE,REGULAR,0.10619003846531383,0.028097840321430666,-2.5868384943050375
9446,REG2020ME09446,2020,ME,REGULAR,-0.49434571641363684,-0.4856984547367721,-0.27653626727041025
9447,REG2020ME09447,2020,ME,REGULAR,0.8268000810515145,-0.30939084559035274,0.4419306707384073
9448,REG2023CE09448,2023,CE,REGULAR,2.1079560187142805,0.047558823836719326,2.7114500736906724
9449,REG2021CSE09449,2021,CSE,REGULAR,0.5597045495744631,0.9480389394172483,0.007297952316000983
9450,REG2021ME09450,2021,ME,REGULAR,0.22784840607156434,-1.4517235270163749,0.17445448093491694
9451,REG2020CSE09451,2020,CSE,REGULAR,0.035966783834563,0.3639169446248214,-0.5403455860143025
9452,REG2021CE09452,2021,CE,REGULAR,0.5007826878091183,0.8126708741187799,2.5246417376455206
9453,REG2020CE09453,2020,CE,REGULAR,0.17612414591935754,0.5191991678666241,0.11895886317645397
9454,REG2022EEE09454,2022,EEE,REGULAR,0.1276397948109346,-0.8149732522409833,0.515637190028323
9455,REG2023EEE09455,2023,EEE,REGULAR,-0.6705815486606653,0.1060990884578069,1.75544661846182
9456,REG2023ECE09456,2023,ECE,REGULAR,-2.1280147129288527,0.6284589793114175,0.30939854607728984
9457,REG2022ME09457,2022,ME,REGULAR,0.7113131261365981,2.72252061248638,-0.12613870715432973
9458,REG2023EEE09458,2023,EEE,REGULAR,0.9948157066757253,-0.8854197986628617,0.010595258559801169
9459,REG2022EEE09459,2022,EEE,REGULAR,-0.7968216637965313,0.7454530983855067,-1.115954640844968
9460,REG2022CE09460,2022,CE,REGULAR,-0.01820640176713177,0.4275217634763517,-0.22557138727216774
9461,REG2020ECE09461,2020,ECE,REGULAR,-0.45483039601713227,0.3063607859827567,-1.4613022706749295
9462,REG2021EEE09462,2021,EEE,REGULAR,0.40162088764589976,-1.2017300885801072,0.35385315764175096
9463,REG2022EEE09463,2022,EEE,REGULAR,1.50434507415423,0.7700605612227004,-0.0726965007284407
9464,REG2022ECE09464,2022,ECE,REGULAR,-0.012355986901638444,-0.2526254692437995,-0.9911986445174267
9465,REG2023EEE09465,2023,EEE,REGULAR,-0.9202602766541674,0.7012607684981874,0.47599779002816495
9466,REG2023ECE09466,2023,ECE,LATERAL_ENTRY,-1.4522495120183578,0.8588840013417687,-0.7626335150061501
9467,REG2023EEE09467,2023,EEE,LATERAL_ENTRY,0.9123557685801346,-0.004018263447776548,-0.49197855388735034
9468,REG2022ECE09468,2022,ECE,REGULAR,-0.4114166150598437,1.5493958980854783,-0.5707624596101843
9469,REG2022CSE09469,2022,CSE,REGULAR,0.9991791678137378,1.0337998940417497,0.4710911755946179
9470,REG2023EEE09470,2023,EEE,REGULAR,-0.07892531055932915,0.6264481711025495,0.7979883681003624
9471,REG2020ECE09471,2020,ECE,REGULAR,2.0330676508608403,2.4033276689783016,-1.9091946182980382
9472,REG2023ME09472,2023,ME,REGULAR,0.5109667766200806,1.0129327941383308,-1.4385181525446895
9473,REG2022ECE09473,2022,ECE,REGULAR,-0.45828230942279574,1.8392285289024406,-0.38844214077191186
9474,REG2021ECE09474,2021,ECE,REGULAR,-0.782060919834995,-0.07181986182667738,0.9022099011866933
9475,REG2022ME09475,2022,ME,REGULAR,0.12890308902620273,-0.7526276458028307,-1.6122089870511584
9476,REG2022CSE09476,2022,CSE,REGULAR,1.0529845359842878,0.5048731967917056,-0.004830435471820628
9477,REG2022ECE09477,2022,ECE,REGULAR,-1.6771921243224819,-0.6855806287585342,1.3371160591439246
9478,REG2021CE09478,2021,CE,LATERAL_ENTRY,-1.075352030208695,-1.086097348339786,-0.7326657524342262
9479,REG2020CE09479,2020,CE,REGULAR,-0.2639618658698358,-0.7234455410884559,-0.5246206131870242
9480,REG2023ECE09480,2023,ECE,LATERAL_ENTRY,0.12992200696060655,-0.1266434663393265,0.9167797374962701
9481,REG2023ECE09481,2023,ECE,REGULAR,-0.7384481266726517,0.5115739363019736,-1.0111014893362482
9482,REG2021ECE09482,2021,ECE,REGULAR,1.3247889004075732,1.17975343773122,0.7015085328052765
9483,REG2021CSE09483,2021,CSE,REGULAR,-0.6062768184374592,-0.501871395177345,0.22949540809118432
9484,REG2020CSE09484,2020,CSE,REGULAR,-0.33145909536305185,2.390156142731487,-0.2560005872975107
9485,REG2022ECE09485,2022,ECE,REGULAR,-0.26237106302780244,0.36827183799588536,-0.6573489093542105
9486,REG2022ECE09486,2022,ECE,REGULAR,-1.7177357000270637,0.18985620766564398,0.8581778328758009
9487,REG2021ME09487,2021,ME,REGULAR,0.21181157782127477,-0.2829237108516754,-0.6254096230374478
9488,REG2023CSE09488,2023,CSE,REGULAR,0.10101343924838102,-1.015603569147205,-1.0020759561266077
9489,REG2022ECE09489,2022,ECE,REGULAR,0.44299270611619035,0.6694975570550015,0.7355989953168233
9490,REG2021ME09490,2021,ME,REGULAR,-0.2929286350790185,0.13762416119919,-0.2574873126021981
9491,REG2022CE09491,2022,CE,LATERAL_ENTRY,0.06793043342601429,-1.167082131111128,1.4124530169064777
9492,REG2023CSE09492,2023,CSE,REGULAR,-1.4098624777773523,0.12401411083906552,0.6553802823242117
9493,REG2022ECE09493,2022,ECE,LATERAL_ENTRY,-1.009345034213711,-0.22602706411762008,-0.10449747819677886
9494,REG2022CE09494,2022,CE,REGULAR,-0.2806915776438352,-0.38767234166190107,1.364517048672585
9495,REG2023ME09495,2023,ME,LATERAL_ENTRY,-2.173369539404441,0.6735352671461835,0.37090705887087894
9496,REG2020CE09496,2020,CE,LATERAL_ENTRY,0.05113578145497852,0.2955965731372223,-0.5701959366362381
9497,REG2020CE09497,2020,CE,REGULAR,-1.040148842091234,0.8922495864351231,-0.45772483052440993
9498,REG2023ME09498,2023,ME,REGULAR,0.6560939451346838,-0.35330724708612055,-2.182312705965219
9499,REG2023EEE09499,2023,EEE,REGULAR,0.5914919405031096,1.8092289013068659,-0.07258592159281253
9500,REG2020ME09500,2020,ME,REGULAR,-0.06240781812102211,1.956992599070562,0.90740965194817
9501,REG2023EEE09501,2023,EEE,REGULAR,1.423386092648631,-2.7373370562130814,2.3396963485809272
9502,REG2022CSE09502,2022,CSE,LATERAL_ENTRY,-0.10434319627602699,2.3559681409386264,1.7316504340428809
9503,REG2021CE09503,2021,CE,REGULAR,0.1582391268790533,-1.9100245617938043,0.9307994107903057
9504,REG2020EEE09504,2020,EEE,LATERAL_ENTRY,-2.5550050652857745,0.7207248784516294,-1.5299147611414732
9505,REG2021EEE09505,2021,EEE,REGULAR,0.07837578360364789,0.8765508245111504,0.6041381074941737
9506,REG2020ME09506,2020,ME,REGULAR,-1.0587542097034526,1.5284009970729833,0.10813979226002883
9507,REG2023CE09507,2023,CE,REGULAR,-1.0042765411020174,0.47799461904605733,-1.0220976309348624
9508,REG2020CE09508,2020,CE,REGULAR,-0.3737088971018904,1.0904445090259018,-0.6072910877120975
9509,REG2023CE09509,2023,CE,REGULAR,-0.906442651468332,0.6379419232866222,1.1095272726912822
9510,REG2023ECE09510,2023,ECE,LATERAL_ENTRY,-0.43262119985743697,2.191472281359035,-0.74496443399328
9511,REG2021EEE09511,2021,EEE,REGULAR,-0.2885210800358958,-0.13306087525844268,0.08168466564929991
9512,REG2021CE09512,2021,CE,REGULAR,0.44791914188519,-1.24877288696177,1.698325571402284
9513,REG2021ECE09513,2021,ECE,REGULAR,2.120553708635752,1.363601665153528,-0.004269840542382372
9514,REG2020ECE09514,2020,ECE,REGULAR,-0.06809724986584054,-1.0289885160792906,-0.15021820188348786
9515,REG2021ECE09515,2021,ECE,REGULAR,0.09934753498441044,0.5867192050007427,1.0076058612170116
9516,REG2021CSE09516,2021,CSE,REGULAR,0.07731643123013451,0.13333670892999533,-1.4371876911985557
9517,REG2023CSE09517,2023,CSE,REGULAR,0.5630079045967847,1.084460836801576,-1.5439813064787988
9518,REG2020CE09518,2020,CE,REGULAR,-0.12449605370809819,1.1527508910882645,-1.5591027743376642
9519,REG2022ME09519,2022,ME,REGULAR,0.8751978631670039,0.8121146268640289,0.8958231477492746
9520,REG2022ECE09520,2022,ECE,LATERAL_ENTRY,0.016897692074067657,-1.8350059700089802,0.9485336160380317
9521,REG2022ME09521,2022,ME,REGULAR,-0.3630150179468452,0.522235424385719,0.1589802898768546
9522,REG2021CSE09522,2021,CSE,REGULAR,-0.22914001435953588,1.1674472166380125,0.8909270787395284
9523,REG2023EEE09523,2023,EEE,REGULAR,0.08487600886744692,-0.1937470192682781,-0.9344650714211002
9524,REG2021CSE09524,2021,CSE,LATERAL_ENTRY,0.22035568944421655,1.1532339769373172,-0.44896132827186974
9525,REG2022ECE09525,2022,ECE,LATERAL_ENTRY,1.0547017078901622,0.8228290886111923,-0.5544770668375169
9526,REG2023EEE09526,2023,EEE,REGULAR,-0.757937230008029,1.2682075215806883,0.9736205637809022
9527,REG2021CSE09527,2021,CSE,REGULAR,0.6464925696171591,-2.059645385865659,-0.37423839787837004
9528,REG2023EEE09528,2023,EEE,REGULAR,2.0229700575231386,-0.5679363321131654,0.2187203968443241
9529,REG2020EEE09529,2020,EEE,REGULAR,-1.4327543768739217,0.6079322606546842,0.3369664991546354
9530,REG2021EEE09530,2021,EEE,LATERAL_ENTRY,-0.9097198444561023,-0.8123277617095503,0.8936817617052063
9531,REG2022EEE09531,2022,EEE,REGULAR,0.7840530779662259,-0.7022099929741014,-0.7908925788628347
9532,REG2023CE09532,2023,CE,LATERAL_ENTRY,-0.9487443098907015,-0.14560601611338336,0.0025848500366646913
9533,REG2022ECE09533,2022,ECE,LATERAL_ENTRY,-0.9096117241219687,-0.43224096678569857,-0.5672942218603667
9534,REG2023EEE09534,2023,EEE,REGULAR,-0.08878354134158051,-0.11241500305677618,-0.6231553479440808
9535,REG2020EEE09535,2020,EEE,REGULAR,-0.11727997835556611,-0.038597985282595976,0.5805302187099411
9536,REG2023CE09536,2023,CE,REGULAR,-0.19450009791225084,-1.2983038284451027,-0.669080640501502
9537,REG2022CSE09537,2022,CSE,REGULAR,-0.6316751790768173,-0.028047600723756602,2.0420831412707177
9538,REG2020ECE09538,2020,ECE,REGULAR,-0.05297426454133948,-0.83502672142621,-0.6957571813445877
9539,REG2021ME09539,2021,ME,REGULAR,-0.6111560215127,-1.200355239525486,-0.008443448542461453
9540,REG2020ME09540,2020,ME,LATERAL_ENTRY,-0.9586577434184866,-0.7916462428818392,-0.06537420809013574
9541,REG2023CE09541,2023,CE,REGULAR,-2.722495628591243,-1.2195248166341732,-0.04309140641473343
9542,REG2022ME09542,2022,ME,REGULAR,-0.07956337260359098,-0.16260305630767952,0.4637588474539793
9543,REG2020CSE09543,2020,CSE,REGULAR,-1.0776999031047192,1.4241885727019954,-0.8145084988271772
9544,REG2023CSE09544,2023,CSE,REGULAR,0.44300779453173095,-0.21130571897955536,-0.3496281736926024
9545,REG2021CSE09545,2021,CSE,REGULAR,0.3123910834563593,1.4880012364932294,-1.4476328648651364
9546,REG2022CE09546,2022,CE,REGULAR,0.5907032384711953,1.1059092876767753,0.553777075766064
9547,REG2022CE09547,2022,CE,LATERAL_ENTRY,-0.900697469898657,-0.15656246034011245,-0.0963888309956793
9548,REG2023CSE09548,2023,CSE,REGULAR,-1.0102284088871514,0.8132532099181279,0.4872185402850995
9549,REG2023ECE09549,2023,ECE,REGULAR,1.1069707964415796,0.7488539303633895,-1.224517733437561
9550,REG2023ME09550,2023,ME,REGULAR,1.611685022715199,1.3771497428306814,-0.4117807610504691
9551,REG2021ME09551,2021,ME,REGULAR,0.23301746804626025,1.174961103508675,-1.210964136472247
9552,REG2023ECE09552,2023,ECE,REGULAR,1.161817303704156,1.233157239220685,-0.7761098288614525
9553,REG2021ECE09553,2021,ECE,REGULAR,0.5131628079040536,0.452976218971187,-0.5846121962232148
9554,REG2021CE09554,2021,CE,REGULAR,1.1718685658974193,-0.9484199701199248,1.411801649945676
9555,REG2022ECE09555,2022,ECE,LATERAL_ENTRY,0.8414970935512105,-0.1675936775560913,-0.2697558500817211
9556,REG2020CE09556,2020,CE,REGULAR,-0.5666765293593027,-0.13937135400898082,0.5898769908827234
9557,REG2020CE09557,2020,CE,REGULAR,1.6260245176334966,-1.371557144740284,0.016546497372133897
9558,REG2021CE09558,2021,CE,REGULAR,0.1590206690880161,-0.9110105608249411,0.3015233881295102
9559,REG2022ME09559,2022,ME,REGULAR,-0.46072129826273006,-0.5844653273132532,-0.6101190094290619
9560,REG2021CSE09560,2021,CSE,REGULAR,-0.23645411422644408,-2.165564196236492,1.8810883534872445
9561,REG2021CE09561,2021,CE,REGULAR,-1.5727745796905899,-1.0739442915201614,0.47407960094861884
9562,REG2021CE09562,2021,CE,REGULAR,1.1771713820970273,-1.2976316730955633,0.5767621802501666
9563,REG2021CE09563,2021,CE,REGULAR,-2.396424950277559,0.8959166982326064,-0.006401936496103408
9564,REG2021CSE09564,2021,CSE,REGULAR,0.962414054170193,1.497703468671258,0.11829355436845869
9565,REG2023ME09565,2023,ME,REGULAR,-0.0956012293789227,0.6474693119832601,-2.7424248817093986
9566,REG2023ME09566,2023,ME,REGULAR,0.13145158783699543,-0.33623910591121886,0.07140078868516184
9567,REG2020ME09567,2020,ME,REGULAR,0.18362662107886832,-0.35667894675313805,0.5970290368610646
9568,REG2023CSE09568,2023,CSE,REGULAR,0.06425611795489196,1.0565346322678233,-0.3821422345920565
9569,REG2022CE09569,2022,CE,REGULAR,-0.39704934140967346,1.6044753770563303,-0.9179336715015728
9570,REG2020CE09570,2020,CE,REGULAR,-0.4201072034599165,0.11280055141746796,1.2151034800847758
9571,REG2022EEE09571,2022,EEE,REGULAR,0.11940764335801575,1.5646327578566113,-1.4937427276457738
9572,REG2020ECE09572,2020,ECE,REGULAR,0.8689959220771294,1.2277085194861155,-0.13168991194274435
9573,REG2020ECE09573,2020,ECE,LATERAL_ENTRY,0.20134822870453928,-1.0886971715763678,0.16192184598044262
9574,REG2020CSE09574,2020,CSE,REGULAR,0.4341007103749917,-0.01153138454038465,-0.40962037762838704
9575,REG2022CE09575,2022,CE,REGULAR,-0.2774956243776488,-0.6849212744959629,-0.36064592102801885
9576,REG2021CSE09576,2021,CSE,REGULAR,1.181475171410802,-0.0045116097982070185,-0.2948091134546853
9577,REG2020EEE09577,2020,EEE,REGULAR,0.5125529866982756,-1.3411153797973248,-0.3483437486325194
9578,REG2021EEE09578,2021,EEE,REGULAR,0.3537188491042081,-0.5321472742972183,0.16502301397761662
9579,REG2022ECE09579,2022,ECE,REGULAR,-0.4068557236957123,0.28969350058327864,2.257924015807747
9580,REG2020CSE09580,2020,CSE,LATERAL_ENTRY,-1.0683812423970234,-0.01801248715959497,-0.36752793612577395
9581,REG2022EEE09581,2022,EEE,LATERAL_ENTRY,-1.3224157669863017,0.17410856658610635,-2.0767031486937877
9582,REG2020ME09582,2020,ME,REGULAR,1.1316767488515185,0.7000540538274891,-1.483993812663502
9583,REG2020EEE09583,2020,EEE,REGULAR,1.421247525758152,-0.8621024879207937,-0.9871025980590088
9584,REG2021ME09584,2021,ME,REGULAR,1.1072585499312386,0.208617909402607,-0.046691542957991945
9585,REG2023ME09585,2023,ME,REGULAR,2.2092175925528905,-0.48006867255785446,0.91590116502878
9586,REG2021CSE09586,2021,CSE,REGULAR,1.3469180533712006,0.7170751255725542,0.5619481830078077
9587,REG2023ME09587,2023,ME,REGULAR,-0.15129129306711575,1.335684965935127,-1.2809731438026364
9588,REG2023CE09588,2023,CE,REGULAR,1.9498977678404998,-0.9562484837593724,-0.5871752198337348
9589,REG2020EEE09589,2020,EEE,REGULAR,-0.5767013081836331,0.856757440422143,-1.1747628069200762
9590,REG2022CSE09590,2022,CSE,LATERAL_ENTRY,0.9866818540454021,-1.2946445621307656,-1.1660467432853188
9591,REG2022ME09591,2022,ME,REGULAR,-2.6636406311602383,0.44084305987948075,-0.220646350436602
9592,REG2022ECE09592,2022,ECE,REGULAR,0.07416423207944556,0.11011701618530423,1.28348276005412
9593,REG2023CE09593,2023,CE,REGULAR,-0.4244459582005437,-0.6331881229702231,0.8040775472128147
9594,REG2021CSE09594,2021,CSE,REGULAR,-0.7053065869564239,0.28560627058775817,1.9236906793102608
9595,REG2023CE09595,2023,CE,REGULAR,1.0923735931985445,-0.4792701915149268,-0.7249587366334049
9596,REG2022CSE09596,2022,CSE,REGULAR,-0.5939594510566264,0.4410690088890913,0.5829454969512933
9597,REG2021EEE09597,2021,EEE,REGULAR,0.4465399694825135,0.6438986948411495,-0.8414849923536032
9598,REG2023CSE09598,2023,CSE,REGULAR,-1.648956685660873,-0.9355715301444562,-1.65409836725634
9599,REG2020CSE09599,2020,CSE,REGULAR,0.03865128486942769,0.6063870302825959,1.1550133775604379
9600,REG2022CSE09600,2022,CSE,REGULAR,0.5712785824721058,0.7708046152647807,0.27531433300506586
9601,REG2021CSE09601,2021,CSE,REGULAR,0.26216315048365507,0.6529134763401087,-0.39201853466518854
9602,REG2021ECE09602,2021,ECE,REGULAR,1.130715114553028,-1.5853582686716055,1.6754974960107958
9603,REG2020CE09603,2020,CE,REGULAR,-0.579403684849082,-1.5376757035559732,1.496832542664741
9604,REG2022ECE09604,2022,ECE,REGULAR,-1.2007430271840993,-0.7830753889884239,0.31697745438287706
9605,REG2023CSE09605,2023,CSE,REGULAR,-1.7233458033055897,0.9084702823657331,-0.9355487939746776
9606,REG2022ME09606,2022,ME,REGULAR,2.5702209929164055,-2.6711786829410533,-0.011610211841213471
9607,REG2021ECE09607,2021,ECE,LATERAL_ENTRY,-1.907581997753973,2.6152666572921137,0.03250702677631625
9608,REG2023ECE09608,2023,ECE,REGULAR,-1.2171787554975697,-1.2866493938219377,-1.4948026265600824
9609,REG2020CSE09609,2020,CSE,REGULAR,0.7094048171416073,1.4752928493183481,0.7800008320640236
9610,REG2021CE09610,2021,CE,REGULAR,-1.3876868495782382,0.7776754714572981,0.606706100055349
9611,REG2023ECE09611,2023,ECE,REGULAR,1.660633004679166,-0.3701132048926653,0.0797154591455073
9612,REG2023ECE09612,2023,ECE,REGULAR,-0.4943646374960635,-0.4982467713800982,0.24567503221023965
9613,REG2023CE09613,2023,CE,LATERAL_ENTRY,-0.048697658823517245,-1.6146978588533318,-1.1592076199484767
9614,REG2021ECE09614,2021,ECE,REGULAR,0.1193120313720564,0.1840451025035732,-0.8470434852459954
9615,REG2023EEE09615,2023,EEE,REGULAR,1.0329702064080213,-0.06547293433135819,-1.6529981992981677
9616,REG2020EEE09616,2020,EEE,REGULAR,-0.8336863260808532,-1.9534249432296285,-0.3518651148064065
9617,REG2023CSE09617,2023,CSE,REGULAR,-0.749444797072597,1.1516451295920378,-1.3525035071365277
9618,REG2023CSE09618,2023,CSE,REGULAR,-0.625438427443372,-0.08184192160378456,-0.4631834779852208
9619,REG2022CSE09619,2022,CSE,REGULAR,1.918869254267176,0.13555096440925926,-0.1059273865210423
9620,REG2021ME09620,2021,ME,LATERAL_ENTRY,0.07183459790796395,0.7596079676254245,1.2201202527056243
9621,REG2020CE09621,2020,CE,REGULAR,0.49622606565813854,0.7921809780374763,-0.3342279761698408
9622,REG2020CSE09622,2020,CSE,REGULAR,0.41139217594669697,-1.6629664709094942,0.1560534729374324
9623,REG2023CE09623,2023,CE,REGULAR,-0.8047733514262204,0.30036185692847517,0.03689855384007172
9624,REG2023CSE09624,2023,CSE,REGULAR,0.2856269314974422,0.1368231447053084,-1.1268028116167328
9625,REG2020CE09625,2020,CE,LATERAL_ENTRY,0.4713674511992049,0.27904980286787584,-0.8724179345474161
9626,REG2021CSE09626,2021,CSE,REGULAR,-0.8042784764276733,-0.5763891242314857,-0.614326044602469
9627,REG2023ME09627,2023,ME,REGULAR,1.273374140279025,-0.6599447901509814,1.6627905941766747
9628,REG2023CE09628,2023,CE,REGULAR,0.8688731421697568,-0.3129799534228018,-0.1852767258705726
9629,REG2023CE09629,2023,CE,LATERAL_ENTRY,-0.5536343286456148,1.8905599053610627,0.2269256263750773
9630,REG2021EEE09630,2021,EEE,REGULAR,-0.7980153802607322,-0.37795383522901294,-0.5853461891053254
9631,REG2021EEE09631,2021,EEE,REGULAR,-0.5532085050350268,0.47973037437499755,-1.3817150180168398
9632,REG2023ME09632,2023,ME,REGULAR,-1.0868994092789124,-0.10554436145727439,-0.04753562965786206
9633,REG2021EEE09633,2021,EEE,REGULAR,0.7666504577970483,-0.17201922109372758,0.21466290308867927
9634,REG2021ME09634,2021,ME,REGULAR,0.4088815857367275,0.1676357059655869,0.08190416500063771
9635,REG2020CE09635,2020,CE,REGULAR,-0.28793499123209737,0.01720059235103982,-0.5498590783794581
9636,REG2022CE09636,2022,CE,LATERAL_ENTRY,0.839015910957693,-0.45808318041055873,1.32455496212556
9637,REG2023EEE09637,2023,EEE,REGULAR,0.34124036603470553,0.6558894429555857,0.38916379676224916
9638,REG2021ME09638,2021,ME,REGULAR,0.21359501257046531,-1.8978785506733613,1.077198001693151
9639,REG2022CSE09639,2022,CSE,REGULAR,-0.07161870608385579,0.5521859685263192,1.2452686787828853
9640,REG2022ME09640,2022,ME,LATERAL_ENTRY,0.4368462234448285,-0.931359667759277,1.32615314293943
9641,REG2021CSE09641,2021,CSE,REGULAR,-0.23550639413340618,1.980683156011034,-1.961036525333134
9642,REG2023CE09642,2023,CE,REGULAR,0.4522251824171668,1.1260746642176975,-0.9671547439194594
9643,REG2023ME09643,2023,ME,REGULAR,1.9628351947977352,-1.288889159254533,0.5792169551420628
9644,REG2022EEE09644,2022,EEE,REGULAR,-0.43226623287645294,0.8894857323435835,-1.1268120789377918
9645,REG2022CE09645,2022,CE,REGULAR,-2.517064063479523,0.6177269970103803,-0.07852358315751952
9646,REG2020CSE09646,2020,CSE,REGULAR,-0.343162473077213,0.3904646227908086,0.8324876700862602
9647,REG2021CSE09647,2021,CSE,REGULAR,1.480904901671165,-1.6286663913164299,-0.27091133504599907
9648,REG2022CE09648,2022,CE,REGULAR,2.2060436271990143,2.4190236231011744,-2.0250485272198944
9649,REG2021CE09649,2021,CE,LATERAL_ENTRY,-0.6464496590665959,-0.781089742674482,2.1179768068095206
9650,REG2022CE09650,2022,CE,REGULAR,-0.2028818370626033,0.5749594971539632,0.05029123533446787
9651,REG2022EEE09651,2022,EEE,REGULAR,1.1611121438758785,0.9426444084990089,-0.7958378318203795
9652,REG2023ME09652,2023,ME,REGULAR,0.315499715568214,-0.5715886751861969,-1.1266391165918592
9653,REG2023ME09653,2023,ME,LATERAL_ENTRY,-0.21295189893715621,0.2308062535018514,-0.6746622931790409
9654,REG2021CE09654,2021,CE,REGULAR,1.2922977310911379,-0.810217286481996,-0.7825754224378265
9655,REG2023ME09655,2023,ME,REGULAR,-0.03088638881003881,1.7419122435969832,0.37875895274464133
9656,REG2023CE09656,2023,CE,REGULAR,-0.49277316254854175,2.0517650982021998,0.011208238384341861
9657,REG2021EEE09657,2021,EEE,REGULAR,0.5582367416387417,-1.7772272246375034,0.49805108461267816
9658,REG2020ECE09658,2020,ECE,REGULAR,-0.7799679610561256,-1.637022409195429,0.9142230459945025
9659,REG2020ME09659,2020,ME,REGULAR,-0.8027886811181215,0.5023841826262905,0.6817148948682518
9660,REG2021EEE09660,2021,EEE,REGULAR,2.3532456386655625,-1.4585856995084192,0.12178730210188744
9661,REG2023CSE09661,2023,CSE,REGULAR,-0.4644856545951161,2.3873457803135727,0.7619241505929096
9662,REG2021CE09662,2021,CE,REGULAR,-2.5289814953944774,1.8406321422867025,0.4037079715529269
9663,REG2023ECE09663,2023,ECE,REGULAR,1.5400415446752036,0.27776268121502606,0.1519951020790173
9664,REG2023ECE09664,2023,ECE,REGULAR,-0.8346527233733338,-1.7531663952976762,-0.819850974077027
9665,REG2021EEE09665,2021,EEE,REGULAR,1.120771106736678,-0.3594624603642399,1.0755922654639487
9666,REG2020CSE09666,2020,CSE,REGULAR,-1.368163224430893,-0.54068044889114,-0.008391972169813909
9667,REG2022EEE09667,2022,EEE,REGULAR,0.5030430729300687,1.1538503286751487,-1.5256057812375408
9668,REG2021ME09668,2021,ME,REGULAR,-0.17075610395341734,0.5909291602735784,0.23956679630338337
9669,REG2022ME09669,2022,ME,REGULAR,-1.1898015821740064,1.130369054509844,1.1832277001807243
9670,REG2021CSE09670,2021,CSE,REGULAR,-0.5123013467479076,0.5607554622922007,0.574102637010364
9671,REG2023CE09671,2023,CE,REGULAR,-0.341095002574254,-0.25150300222468697,-0.21456290307871928
9672,REG2020CSE09672,2020,CSE,LATERAL_ENTRY,-0.5837667947385539,0.07306490911236115,1.7453807248698514
9673,REG2020CSE09673,2020,CSE,REGULAR,0.6773283617081495,-0.9566318874708281,-0.9235294354622956
9674,REG2022ME09674,2022,ME,REGULAR,-0.5225763117338827,-0.7807676888008971,0.6625979917277782
9675,REG2023CSE09675,2023,CSE,REGULAR,0.6600843199991486,0.4827774003083802,1.6734968373269676
9676,REG2020ME09676,2020,ME,REGULAR,1.3705014067536716,0.18209865255150012,0.4120726093297399
9677,REG2021CE09677,2021,CE,REGULAR,-0.9847572437338585,-0.37927611071921563,-0.5420080657111034
9678,REG2023CE09678,2023,CE,LATERAL_ENTRY,0.002716856634272532,0.867415388857302,0.8614441225598876
9679,REG2020CSE09679,2020,CSE,REGULAR,0.0918494110477101,-1.0619964523623449,-1.7921457646554881
9680,REG2020CE09680,2020,CE,LATERAL_ENTRY,-0.466519107790898,-0.48833744668001583,1.0773724139292211
9681,REG2022ME09681,2022,ME,REGULAR,0.4525928153203838,-0.3676432073612062,0.76338832267994
9682,REG2023ME09682,2023,ME,LATERAL_ENTRY,-0.3880344434007535,0.2829266764670028,0.4519551512686277
9683,REG2020CE09683,2020,CE,LATERAL_ENTRY,0.19497042699814088,1.573255487533812,-0.6945813060773202
9684,REG2023ECE09684,2023,ECE,REGULAR,0.9456271846884666,0.09310340879748291,-1.042719322097414
9685,REG2020CSE09685,2020,CSE,REGULAR,-1.4655441619198482,-0.21838731040859818,-0.10905619546544534
9686,REG2022ECE09686,2022,ECE,REGULAR,-2.727878958751334,1.8629240193803172,0.8225458929394067
9687,REG2022ME09687,2022,ME,REGULAR,-0.30132689496833165,1.819611801923663,0.9983152608970064
9688,REG2020CSE09688,2020,CSE,REGULAR,-0.5123703972498225,0.1143054801936096,0.9797725399644908
9689,REG2022CSE09689,2022,CSE,REGULAR,-0.8354939530448531,-1.3411491273491118,-0.030876195981881262
9690,REG2022CSE09690,2022,CSE,LATERAL_ENTRY,1.1842534645605047,0.5130164578787142,-1.315640653178425
9691,REG2023EEE09691,2023,EEE,REGULAR,-0.29160461132067617,-0.4730909343932033,0.513870604646475
9692,REG2022CE09692,2022,CE,REGULAR,-0.6855102427793475,-0.00012442345365689845,-0.0919019995841534
9693,REG2020EEE09693,2020,EEE,REGULAR,-0.6480276555030301,-0.3712743659013685,-0.07206067225837044
9694,REG2022ME09694,2022,ME,REGULAR,-0.591786890691696,1.7462382917078694,-0.02514802440092533
9695,REG2023CE09695,2023,CE,REGULAR,-0.16107502781465471,0.8067337106876389,-0.4873993151630295
9696,REG2023ECE09696,2023,ECE,REGULAR,0.483462262149118,-0.252640625551482,-1.4663547119455473
9697,REG2020CE09697,2020,CE,REGULAR,0.3482186042163759,-1.0757987607889457,0.13025285205708434
9698,REG2020EEE09698,2020,EEE,REGULAR,-0.28539621113986247,1.6982258638836891,-1.6269645786107574
9699,REG2023EEE09699,2023,EEE,LATERAL_ENTRY,0.9650683560941756,0.5953484638315795,-1.811364587493945
9700,REG2020EEE09700,2020,EEE,REGULAR,1.2388667399820281,-0.4096265227533929,-1.169338427307976
9701,REG2021ECE09701,2021,ECE,REGULAR,1.342712643385247,-0.3747588489392057,0.46018298114511125
9702,REG2020CE09702,2020,CE,REGULAR,0.20658766319247332,0.7057453801697587,1.6730506415650022
9703,REG2023CSE09703,2023,CSE,REGULAR,0.702251919230705,0.1315319439378082,0.321456104173861
9704,REG2023CE09704,2023,CE,REGULAR,-2.6253685376743703,-0.49893246278230696,0.5191473007237986
9705,REG2021CE09705,2021,CE,REGULAR,-0.3426444422274513,-0.7073995443378999,-1.7179771082555213
9706,REG2020CSE09706,2020,CSE,REGULAR,-0.11084954707413007,-1.591622943492683,-0.8723448273731722
9707,REG2021CSE09707,2021,CSE,REGULAR,0.676781796367429,-0.43804240015697704,1.6834862327346027
9708,REG2022CSE09708,2022,CSE,REGULAR,-1.698556068590349,-0.3456031899143635,-0.4377781044847719
9709,REG2022CSE09709,2022,CSE,REGULAR,-0.5804778781768032,0.7891234306540663,-0.26940131087959895
9710,REG2020ME09710,2020,ME,LATERAL_ENTRY,-1.069727905206772,2.0800502598993984,0.04909981066704361
9711,REG2021CSE09711,2021,CSE,REGULAR,0.3005150399266905,-0.4336342442904068,2.9460808266109026
9712,REG2022EEE09712,2022,EEE,REGULAR,2.0485060103174253,1.0903747534970794,0.778570405326183
9713,REG2021CE09713,2021,CE,LATERAL_ENTRY,0.0556079471510502,0.09705082864828492,-1.5446843000297592
9714,REG2021EEE09714,2021,EEE,LATERAL_ENTRY,0.3508910320561869,-0.664945385464335,0.36441295250992717
9715,REG2021ME09715,2021,ME,REGULAR,-0.6055205833408603,0.8188356808538438,-1.0509733066979687
9716,REG2020ME09716,2020,ME,REGULAR,0.3079635948696814,1.0768805206761447,0.7999608936678533
9717,REG2022ECE09717,2022,ECE,REGULAR,-0.08642760612581264,0.043570607285189404,0.6263217736885798
9718,REG2020EEE09718,2020,EEE,REGULAR,-0.2368531210434284,1.0139640779631698,-1.4144035057065922
9719,REG2023CE09719,2023,CE,REGULAR,-0.45343035692486605,-0.47126147932158946,0.40033989335324555
9720,REG2023ECE09720,2023,ECE,REGULAR,0.4529014315625302,-0.11230797994585484,-0.8887987059957329
9721,REG2021CSE09721,2021,CSE,REGULAR,0.48984114325451966,-0.8229490843537431,-0.640142080845181
9722,REG2020CSE09722,2020,CSE,REGULAR,0.2629436355586245,-2.6144410761839096,-0.29491226766924467
9723,REG2023ME09723,2023,ME,REGULAR,0.48652557769100274,-1.208744644445127,-1.5627850692044551
9724,REG2023CE09724,2023,CE,REGULAR,0.4178175792779698,-0.6083659041140422,0.09703823562826347
9725,REG2020CE09725,2020,CE,LATERAL_ENTRY,-1.0042847183515973,-0.09319842206310182,0.07010247347971826
9726,REG2021ME09726,2021,ME,REGULAR,-0.2935864240562443,0.05996474940331626,0.6378255001100069
9727,REG2023CSE09727,2023,CSE,REGULAR,0.2919217515636107,-0.02613741870577022,-0.09964175712395207
9728,REG2022CE09728,2022,CE,REGULAR,-0.3918366629572664,0.7510906237346867,0.2421466071705104
9729,REG2023CSE09729,2023,CSE,REGULAR,-0.5866194959810419,0.8253702883721592,-2.172356844699857
9730,REG2023CSE09730,2023,CSE,REGULAR,-0.9926851210694203,-0.872039953570166,-0.7876693117004367
9731,REG2021ME09731,2021,ME,REGULAR,-0.5783925881398962,0.2516472761910688,0.5904662446851889
9732,REG2020ME09732,2020,ME,LATERAL_ENTRY,1.9048352531416912,0.7608642159266962,-0.7315623445969477
9733,REG2023ECE09733,2023,ECE,REGULAR,2.330744569443455,1.6107101663654544,-0.01296930000857071
9734,REG2021ME09734,2021,ME,REGULAR,-0.9224344629396932,-0.9059905758407737,-1.206008663530773
9735,REG2022CE09735,2022,CE,REGULAR,-1.7075344300929318,0.4439621262125852,-0.5782593527556564
9736,REG2020CSE09736,2020,CSE,REGULAR,0.37614870492284425,0.5875718404386286,-0.7053948892641141
9737,REG2021ME09737,2021,ME,REGULAR,-0.46706846180190764,-0.558993822262035,0.05722904842251189
9738,REG2021EEE09738,2021,EEE,REGULAR,2.0297704291268874,-0.05585083901885962,-1.5656175784020019
9739,REG2023ME09739,2023,ME,REGULAR,-1.3018969730459828,0.37350699680828653,-0.25535732565764896
9740,REG2021ME09740,2021,ME,REGULAR,-0.4905226913367332,0.5717261972666036,0.7132465810710424
9741,REG2020CE09741,2020,CE,REGULAR,1.9749285180703022,-0.07992043924392885,0.917216094371554
9742,REG2023ECE09742,2023,ECE,REGULAR,-0.21987479522924672,2.4926884621195615,0.9796429496852636
9743,REG2022CE09743,2022,CE,REGULAR,-0.3176818428259554,0.6935481850933771,1.9418981211939703
9744,REG2020CSE09744,2020,CSE,REGULAR,-0.5284475340164798,-0.37864351617940645,-0.4259107360259478
9745,REG2021CSE09745,2021,CSE,REGULAR,0.9036582229708261,1.5036536036694734,-0.13054141231319868
9746,REG2023ECE09746,2023,ECE,REGULAR,0.591860213391057,-1.0561584678617904,0.7637664640067326
9747,REG2020EEE09747,2020,EEE,REGULAR,-0.7961956708872355,0.2508619867474405,1.9815129036939747
9748,REG2022CE09748,2022,CE,LATERAL_ENTRY,-1.2446496265471807,-0.45766739482825014,-1.3647886341117237
9749,REG2023ECE09749,2023,ECE,LATERAL_ENTRY,0.7341730892332855,1.2042615416652867,-0.6145492230569642
9750,REG2022CE09750,2022,CE,REGULAR,1.1416093504379572,1.8180164405700954,-1.6145614460770366
9751,REG2023EEE09751,2023,EEE,LATERAL_ENTRY,0.38791728601800846,0.9582824551294791,-1.80693690760071
9752,REG2020ECE09752,2020,ECE,REGULAR,-0.6218593837226509,-1.5405115367822224,-0.4329479149732065
9753,REG2022CSE09753,2022,CSE,REGULAR,0.07972199364954023,-0.7220153007312785,0.9733771867276939
9754,REG2020CSE09754,2020,CSE,LATERAL_ENTRY,0.003846024391487531,-1.3711832457777338,-0.6571555153529738
9755,REG2020CSE09755,2020,CSE,REGULAR,-0.1705731714986942,-1.2770568145020151,-0.14412630920743963
9756,REG2023EEE09756,2023,EEE,REGULAR,0.6970196768903472,-0.5256439331064787,0.9711351867459542
9757,REG2022CE09757,2022,CE,REGULAR,1.0793656368989906,-1.093533216209983,-1.0798704019382888
9758,REG2020ECE09758,2020,ECE,REGULAR,0.5936896929211835,0.8894660731128902,-0.4227256968856036
9759,REG2021ME09759,2021,ME,LATERAL_ENTRY,-0.9700707360537628,-0.3881099092069076,-0.14791571164546746
9760,REG2021EEE09760,2021,EEE,REGULAR,-0.6699470018056969,0.3573617689607705,1.5817427899020655
9761,REG2022ECE09761,2022,ECE,REGULAR,-0.1099146903024861,-0.3479339744234473,1.0967650075898785
9762,REG2022ME09762,2022,ME,LATERAL_ENTRY,-0.46424219089161173,-1.4133870093849856,0.3224353720902265
9763,REG2023EEE09763,2023,EEE,REGULAR,2.0359949243578495,0.819616659660612,-1.1852387379690725
9764,REG2022ME09764,2022,ME,REGULAR,-0.47943516051633905,-0.011418293793581525,0.2938661568832057
9765,REG2020CSE09765,2020,CSE,REGULAR,-1.288693798325001,-1.4446417919727088,0.28854170351371594
9766,REG2021EEE09766,2021,EEE,REGULAR,1.9408189892286567,-0.8543012741425021,-1.2161215595267485
9767,REG2020EEE09767,2020,EEE,REGULAR,0.7170743586144145,0.9227741186910345,-0.6311593951920663
9768,REG2021CSE09768,2021,CSE,REGULAR,-0.24672817771028527,-1.9585673922884699,0.46055227018075434
9769,REG2021ME09769,2021,ME,REGULAR,-0.850824329547924,-0.2028781989999019,0.5822418870146068
9770,REG2021ME09770,2021,ME,REGULAR,0.2751947759785124,-0.9289380272833065,-0.3625626460032785
9771,REG2021EEE09771,2021,EEE,REGULAR,0.33744696399091717,-0.14323268389679422,1.3803776629574278
9772,REG2023ECE09772,2023,ECE,REGULAR,-0.37249251261851635,0.25220985868181595,-0.3186771813532299
9773,REG2020CSE09773,2020,CSE,REGULAR,-0.4850347279593801,0.9361908445132388,0.8408455201019802
9774,REG2020CSE09774,2020,CSE,REGULAR,0.698849565480773,0.05646508806982578,-1.7090705147804333
9775,REG2021ME09775,2021,ME,LATERAL_ENTRY,-0.8843441337488452,-0.6299636823003117,-1.262580210842985
9776,REG2023ME09776,2023,ME,REGULAR,-0.08704432709296189,-1.5155662049054828,-0.6580466836474141
9777,REG2022CE09777,2022,CE,REGULAR,1.2991455783638985,-1.3195030421767049,-0.5898165315788343
9778,REG2023ECE09778,2023,ECE,REGULAR,0.22500728668494507,1.1215188472503803,0.024739276608084237
9779,REG2023CE09779,2023,CE,REGULAR,0.9682845661973221,0.6436746571920401,0.9388849069473308
9780,REG2021EEE09780,2021,EEE,REGULAR,-2.2611995626565666,0.5442220536929012,-1.3235472977341434
9781,REG2021ECE09781,2021,ECE,REGULAR,-1.1195850706757196,-0.16756572451660634,-1.2909487877646495
9782,REG2021ME09782,2021,ME,LATERAL_ENTRY,-0.07283002198447985,0.27090284777960627,-0.8075450836859581
9783,REG2023EEE09783,2023,EEE,REGULAR,0.7401783124827823,-0.6092500480659464,0.26626171641992785
9784,REG2021CE09784,2021,CE,REGULAR,-1.3740322926227304,0.5420168297230208,-0.7777817714926458
9785,REG2020ME09785,2020,ME,REGULAR,0.3996352976283357,1.0641516046556667,0.1982038440892339
9786,REG2022ECE09786,2022,ECE,REGULAR,1.326685149573682,-1.9650407734709907,-0.9044172290822153
9787,REG2021CSE09787,2021,CSE,LATERAL_ENTRY,-1.0873517077567594,-0.6057299809433621,-1.4403491149827736
9788,REG2022CE09788,2022,CE,LATERAL_ENTRY,1.1552791033227872,-0.46046207054777666,-0.3383666690087311
9789,REG2023CSE09789,2023,CSE,REGULAR,-1.4666056356613824,-0.9517822126146827,0.6160167192144612
9790,REG2023CE09790,2023,CE,REGULAR,-2.499244459718554,-1.8148896145374132,-0.3169721077529226
9791,REG2021ECE09791,2021,ECE,REGULAR,1.698124955084839,0.9435986233407049,0.348607626978588
9792,REG2020EEE09792,2020,EEE,REGULAR,0.7008776169639676,2.056958203041389,0.08124729309458234
9793,REG2020CE09793,2020,CE,REGULAR,-0.3177787028840696,-0.891619898701432,1.5544312791353367
9794,REG2021ECE09794,2021,ECE,REGULAR,-0.43513015914141556,0.4715574935984881,0.05028172388182402
9795,REG2023CE09795,2023,CE,REGULAR,1.082183937697368,-0.534714059596033,-0.26197422797995334
9796,REG2022CSE09796,2022,CSE,REGULAR,-0.2423966329147218,-2.115141006248508,-0.4348899483474398
9797,REG2020CSE09797,2020,CSE,REGULAR,-0.6575008164623214,-0.5577151055765822,-1.4549329649590745
9798,REG2021CE09798,2021,CE,REGULAR,-0.4872679641110265,0.33032969908424775,0.3317000132972381
9799,REG2020ECE09799,2020,ECE,REGULAR,0.2697890239112011,1.0702197852676103,-0.896161055824119
9800,REG2022CSE09800,2022,CSE,LATERAL_ENTRY,-2.029171254747928,-0.9530697095745592,-0.46509920314192044
9801,REG2023CE09801,2023,CE,REGULAR,-0.3173595733537032,1.843886526728749,1.4672593975446953
9802,REG2021ECE09802,2021,ECE,REGULAR,-0.008470142462351674,-0.20597533001811325,0.2729705980409314
9803,REG2023EEE09803,2023,EEE,REGULAR,0.48567684837957,-0.29907892201318204,0.21375122712508224
9804,REG2020EEE09804,2020,EEE,REGULAR,-0.6360545338746137,-1.2150798923989232,1.6639347977218661
9805,REG2023CSE09805,2023,CSE,REGULAR,0.748603520405377,-0.25953116724836495,0.5685285553189827
9806,REG2022ME09806,2022,ME,REGULAR,1.0751306134554017,-0.04760711115601859,-0.4088916359933698
9807,REG2020CSE09807,2020,CSE,REGULAR,0.7662542961010959,0.6470008683706361,-0.0716527561054545
9808,REG2020ME09808,2020,ME,REGULAR,1.10163523012183,-0.19989327060585652,0.20674601153207195
9809,REG2023ECE09809,2023,ECE,LATERAL_ENTRY,-0.3146345215194886,-1.5883589791617514,0.8265965501956377
9810,REG2020EEE09810,2020,EEE,REGULAR,-1.0111634843565525,-2.1493991351806683,1.506055581547327
9811,REG2021ECE09811,2021,ECE,REGULAR,-0.6396018510840769,0.3451872650738352,-1.95365060399267
9812,REG2021ME09812,2021,ME,REGULAR,-0.918415109449874,0.7263091182054328,2.4024643863429094
9813,REG2022ECE09813,2022,ECE,REGULAR,-0.4470056398033935,0.8128050139091665,-0.9399459636883821
9814,REG2022ME09814,2022,ME,REGULAR,-0.1540548755008925,-0.9032069324992661,0.5896069993241881
9815,REG2020CSE09815,2020,CSE,REGULAR,1.0123592644182786,1.4193780094501849,1.6255454695335594
9816,REG2022ME09816,2022,ME,REGULAR,-1.3974716372140372,0.1642949093848516,-0.6332348134862146
9817,REG2021EEE09817,2021,EEE,REGULAR,-1.9057739042561697,1.1908167937979897,0.9546083581153185
9818,REG2023ECE09818,2023,ECE,REGULAR,0.7955766982869804,-2.1394345013921914,-1.7698525679411852
9819,REG2023ME09819,2023,ME,REGULAR,0.47482552762204816,0.591974871864409,0.8621516381879861
9820,REG2022EEE09820,2022,EEE,REGULAR,-0.45967464351212917,0.8833834339091055,-0.44190184399764426
9821,REG2023ECE09821,2023,ECE,REGULAR,0.730973808253535,-0.017878892310776044,-1.8239597849591052
9822,REG2022CE09822,2022,CE,REGULAR,-0.7367593867766137,1.2135478458075324,-1.213292677988852
9823,REG2023CE09823,2023,CE,REGULAR,-0.2467852233758738,-1.1783056703943318,0.2100203440786996
9824,REG2021ME09824,2021,ME,LATERAL_ENTRY,-1.0088968501907947,-0.12044876353754366,-2.3541341882667073
9825,REG2020EEE09825,2020,EEE,REGULAR,1.2193425996188823,-0.9109524072912982,0.040548458600357766
9826,REG2021CE09826,2021,CE,REGULAR,-0.7405239363306059,-0.4053346866152439,0.5572522104045328
9827,REG2022CE09827,2022,CE,REGULAR,-2.8131716469892774,-1.2730505070906624,0.052237581749636566
9828,REG2021ME09828,2021,ME,REGULAR,-0.7185921868261747,1.3633764147283114,0.09853656269852921
9829,REG2021ECE09829,2021,ECE,REGULAR,0.26164755049755056,1.8221990712884963,1.5130320377707929
9830,REG2021CE09830,2021,CE,REGULAR,0.6578407990469988,-0.8222472822507779,0.21771159951343028
9831,REG2021ME09831,2021,ME,REGULAR,-1.48918807334508,-0.12875856407503322,-0.7666885532306175
9832,REG2020ME09832,2020,ME,REGULAR,0.9912875604445798,0.7849493558999838,0.3061913682744187
9833,REG2022CSE09833,2022,CSE,REGULAR,1.1723828288237437,-1.3323347074804426,1.8324666313965579
9834,REG2021ME09834,2021,ME,REGULAR,0.20547000058917148,1.71333141949956,-0.03274009116771446
9835,REG2020EEE09835,2020,EEE,REGULAR,0.07717857391061733,0.8153518220064283,0.7844649827419304
9836,REG2022ECE09836,2022,ECE,REGULAR,-0.8659214933210162,0.5757959245844092,0.08016034508079375
9837,REG2020ME09837,2020,ME,REGULAR,-0.8075656502622617,-1.105313676469847,1.8284127610555552
9838,REG2021ME09838,2021,ME,REGULAR,-0.08610583696515893,0.10522103480855867,0.11041615214615855
9839,REG2020CE09839,2020,CE,REGULAR,-1.500737881718778,0.22702971978349157,0.5781732293132317
9840,REG2021ME09840,2021,ME,REGULAR,-0.5321562226979468,1.279020726071556,-0.28852073602324757
9841,REG2021EEE09841,2021,EEE,REGULAR,0.840877648996396,1.143907178777631,0.9552356304004179
9842,REG2022ECE09842,2022,ECE,REGULAR,1.8756885061226367,-1.3219884442302352,0.36140262896901626
9843,REG2023CE09843,2023,CE,REGULAR,0.18518796413269206,2.121949442994358,-1.6067441672352134
9844,REG2023ME09844,2023,ME,REGULAR,1.7059565687677878,1.4484671542747791,-0.1189013623065435
9845,REG2022ME09845,2022,ME,REGULAR,1.1700329680137205,-0.421960988969643,-0.5182778003541364
9846,REG2021ME09846,2021,ME,REGULAR,1.0165558161967856,-0.49458798753275873,0.5696207857831016
9847,REG2022CE09847,2022,CE,REGULAR,0.38900959554732056,-1.9464167526470955,0.6075552985251228
9848,REG2022ME09848,2022,ME,REGULAR,0.4848043551182548,0.44619389000917714,0.45280635348924575
9849,REG2023CSE09849,2023,CSE,REGULAR,-0.07617622186939438,-0.714220621641616,-1.257335323075483
9850,REG2023EEE09850,2023,EEE,REGULAR,-0.3235850676011856,-0.018879732653434417,-0.13041311735725772
9851,REG2021ECE09851,2021,ECE,REGULAR,-1.4011783869301009,0.9399281556396815,0.5164228042166285
9852,REG2022EEE09852,2022,EEE,REGULAR,1.592985832676025,-1.004245546956597,0.38722337112535066
9853,REG2023CE09853,2023,CE,REGULAR,0.7850554280999182,1.1224891915842508,-0.07936071656560802
9854,REG2022ME09854,2022,ME,LATERAL_ENTRY,-0.9203975427300225,0.9707484456004328,0.5447305512522655
9855,REG2023EEE09855,2023,EEE,REGULAR,-0.574482127982788,-1.5044446701409089,0.5019772515284239
9856,REG2020ECE09856,2020,ECE,REGULAR,-0.1444852190085874,-0.14761918907226215,-1.2476781445414424
9857,REG2021EEE09857,2021,EEE,REGULAR,0.055637486902079335,-0.9670765834582737,-1.4993422217159988
9858,REG2023CE09858,2023,CE,REGULAR,-0.33519956304041176,-0.7466546399173061,-0.7721130005798957
9859,REG2022ECE09859,2022,ECE,REGULAR,0.7640335720719796,0.31484719175183135,-1.1974787525781763
9860,REG2021ECE09860,2021,ECE,REGULAR,0.8689640850709452,0.13568830492940964,-1.1018391773021818
9861,REG2022EEE09861,2022,EEE,REGULAR,0.2625148866642362,0.07584535994468508,1.0889519658617786
9862,REG2020ECE09862,2020,ECE,REGULAR,-2.496939520450224,0.43882841423713514,-1.087659859414057
9863,REG2022CSE09863,2022,CSE,REGULAR,0.43834374820796423,-1.4972246404388954,-2.358043422455842
9864,REG2023EEE09864,2023,EEE,LATERAL_ENTRY,-0.38447127599032055,1.2035118190077854,1.0092366106323152
9865,REG2022CSE09865,2022,CSE,REGULAR,-0.5860953207598234,-0.25902646380999755,-1.0497460556791662
9866,REG2022CE09866,2022,CE,REGULAR,0.6614227662553954,1.7148772934396195,-1.179136969977351
9867,REG2023ECE09867,2023,ECE,REGULAR,-1.0257188914848576,1.1014169110414778,0.5384164280953483
9868,REG2021CSE09868,2021,CSE,REGULAR,-0.5747686311764203,0.027779908702159076,-0.45911831265976294
9869,REG2020CE09869,2020,CE,LATERAL_ENTRY,-0.20542458117716975,0.38309851332668937,-0.9727127882777018
9870,REG2023CE09870,2023,CE,REGULAR,1.9282526867914258,-0.5918081946381001,2.146812893784272
9871,REG2023ECE09871,2023,ECE,REGULAR,0.43143579410919514,-1.3867283606779415,2.1967382670155726
9872,REG2022CE09872,2022,CE,REGULAR,0.07286155214473791,-0.10348018372819791,0.09397829239001068
9873,REG2023ECE09873,2023,ECE,REGULAR,1.6329815237607102,0.8648839389631088,0.3962636684884731
9874,REG2021ME09874,2021,ME,LATERAL_ENTRY,0.8605318609994617,-0.31734797835943135,-1.011186950384458
9875,REG2023CSE09875,2023,CSE,REGULAR,-0.31697378357473993,0.13944367691127382,0.11000595559228722
9876,REG2021CE09876,2021,CE,REGULAR,1.404705852148042,-0.5361747150802074,-0.8289961338866909
9877,REG2020ECE09877,2020,ECE,REGULAR,0.01970615545477568,1.2399857181123102,1.958616199978704
9878,REG2023ECE09878,2023,ECE,REGULAR,0.6596238769378999,-0.22199210541662598,-1.050113907847868
9879,REG2020CE09879,2020,CE,LATERAL_ENTRY,-0.38527397756996634,0.8078575463082356,1.734796282009917
9880,REG2021CSE09880,2021,CSE,REGULAR,-0.7838128432347112,-1.707663721628194,0.16381013288104304
9881,REG2022EEE09881,2022,EEE,REGULAR,-0.4918097815216272,1.3313511847828874,-0.5942461058204956
9882,REG2021ECE09882,2021,ECE,REGULAR,-0.3684451134843622,-1.4979017725881936,-0.6563037778504419
9883,REG2021CSE09883,2021,CSE,LATERAL_ENTRY,0.6719732217021198,1.7171938426299218,0.8331029352874769
9884,REG2022ECE09884,2022,ECE,REGULAR,-1.2020251658451284,-1.154228231883905,-0.18740041003551489
9885,REG2021EEE09885,2021,EEE,REGULAR,-0.7849867525971082,-0.48490408176003796,-0.2506501071266547
9886,REG2020ME09886,2020,ME,REGULAR,-0.2707157240166752,-1.0554160815270826,0.31571050408771634
9887,REG2022ME09887,2022,ME,REGULAR,-0.8418057251482419,-0.1201451223997157,-0.10331427222720488
9888,REG2023CSE09888,2023,CSE,REGULAR,-0.010825752268415147,0.21894724839452162,-1.310607172119338
9889,REG2020EEE09889,2020,EEE,REGULAR,1.4174530634789122,-1.2590286732465992,0.719854055451449
9890,REG2020ECE09890,2020,ECE,REGULAR,1.1858509641566577,-0.7984330244267832,-1.2179482127245622
9891,REG2023ME09891,2023,ME,REGULAR,1.0513915597233665,0.39844606369195423,-1.7919788975005975
9892,REG2020ME09892,2020,ME,REGULAR,2.4587037421112425,0.043442662670217694,-0.6907050633550157
9893,REG2020ME09893,2020,ME,REGULAR,1.0533868646812947,-0.8849744723672652,-0.7176021557799455
9894,REG2021EEE09894,2021,EEE,REGULAR,1.0000601342725697,0.6812252015353066,-0.6983869442190745
9895,REG2022EEE09895,2022,EEE,REGULAR,-0.3043688161864494,0.43342215415473917,0.16856328099516207
9896,REG2023EEE09896,2023,EEE,LATERAL_ENTRY,0.8559094138051976,-1.850819831665745,-0.32799950157270225
9897,REG2021CSE09897,2021,CSE,REGULAR,1.2019550355576616,0.3245259931243793,1.9999664387725598
9898,REG2022ECE09898,2022,ECE,REGULAR,-0.06381366785905172,-0.8687663953933338,0.6490223434198841
9899,REG2021ME09899,2021,ME,REGULAR,-1.1014925644982552,1.5361507237389416,0.8132937997809931
9900,REG2023CSE09900,2023,CSE,LATERAL_ENTRY,1.1170294883627985,0.8462049070429781,1.1100752829155998
9901,REG2021ME09901,2021,ME,REGULAR,0.39553216087026166,1.651179286696759,-0.6007100980145227
9902,REG2022ECE09902,2022,ECE,LATERAL_ENTRY,1.1725860785004012,2.4094324380369287,0.07854342858996882
9903,REG2023CE09903,2023,CE,REGULAR,2.624721682834809,-0.8053166440141494,-0.5319823289136031
9904,REG2020EEE09904,2020,EEE,REGULAR,-1.0022913018789739,-0.3336992050893168,0.9723931228248477
9905,REG2023CSE09905,2023,CSE,REGULAR,0.24843018887828527,-1.0429309553389907,-0.325818365638564
9906,REG2021ECE09906,2021,ECE,LATERAL_ENTRY,2.7149760588949867,0.362979209015348,-0.2904821839375229
9907,REG2023CE09907,2023,CE,REGULAR,-0.33214731880869797,-1.4133754242814878,0.10275626766520093
9908,REG2022CSE09908,2022,CSE,REGULAR,-1.5795990585426571,1.1483310007165812,2.0059903238821755
9909,REG2020ME09909,2020,ME,REGULAR,0.6603190263071894,-0.6182819821116737,-1.2035748970970925
9910,REG2020ECE09910,2020,ECE,REGULAR,-1.7302796129461666,1.227536399809588,-0.5035127476631273
9911,REG2021EEE09911,2021,EEE,REGULAR,-1.2935845551134395,0.2391684007781579,-1.763701322534126
9912,REG2021CSE09912,2021,CSE,REGULAR,-0.20961080641244184,0.1685325953000732,1.420941308922298
9913,REG2021CSE09913,2021,CSE,REGULAR,0.5662411666560242,0.5091259113629947,-0.7729364777106635
9914,REG2021CE09914,2021,CE,LATERAL_ENTRY,-0.41954086950219366,2.1625046366757568,-0.21500141412548715
9915,REG2021CE09915,2021,CE,REGULAR,1.7219991047581589,-1.3589276392183158,-0.34390804598608904
9916,REG2022ME09916,2022,ME,REGULAR,-1.014397454157113,-0.6668390343080419,0.44599100852286194
9917,REG2021CSE09917,2021,CSE,REGULAR,0.9772669679296697,-0.9322575848133592,-0.6173885588277335
9918,REG2022CE09918,2022,CE,REGULAR,1.068009171413711,-0.677082685302883,0.9006171221916933
9919,REG2020ECE09919,2020,ECE,REGULAR,1.8624831130456256,-1.006075295496682,0.5889069437178472
9920,REG2022ECE09920,2022,ECE,REGULAR,0.9782724169362964,0.35044314830778106,0.641137887285215
9921,REG2020ECE09921,2020,ECE,REGULAR,-0.1829078504891013,-1.1390206775716292,0.7012426449290595
9922,REG2020CSE09922,2020,CSE,LATERAL_ENTRY,0.811155271877635,-0.07677069265281299,0.36286267461186394
9923,REG2021ME09923,2021,ME,REGULAR,-0.14428707795215118,1.199846932564895,1.2140781798544331
9924,REG2020ECE09924,2020,ECE,LATERAL_ENTRY,-0.8254755984644127,0.4984848203451657,0.23652885885548458
9925,REG2022ME09925,2022,ME,REGULAR,1.4251955572098265,0.768199900254481,-0.11816674651273366
9926,REG2020CE09926,2020,CE,REGULAR,0.4341110652414831,0.8005290161606844,0.3703089775637704
9927,REG2022CSE09927,2022,CSE,REGULAR,-0.4985573968398187,1.404494009881228,0.4600551922438175
9928,REG2023ECE09928,2023,ECE,REGULAR,-0.13973593879280333,0.5108699021053974,-2.3519008887615165
9929,REG2020CSE09929,2020,CSE,REGULAR,0.881213736620541,-0.0875250721481009,1.1570767661471804
9930,REG2021ECE09930,2021,ECE,LATERAL_ENTRY,0.908621749676178,-3.090953689723056,-0.6030009819327021
9931,REG2022EEE09931,2022,EEE,REGULAR,-0.40216769649228673,-0.3236326765483868,-0.48023195101455934
9932,REG2021ME09932,2021,ME,REGULAR,-0.32245294862071444,-0.5988698500356013,-0.5301174181336509
9933,REG2021CE09933,2021,CE,REGULAR,1.7870165190873968,-0.6969605743298164,0.31656182651033504
9934,REG2023ME09934,2023,ME,REGULAR,-1.1093784696630649,-1.2674527663476092,0.14912277101241664
9935,REG2020ME09935,2020,ME,REGULAR,-1.5162090290118742,0.056083320126753045,0.06782046576572771
9936,REG2023ECE09936,2023,ECE,REGULAR,0.1449606545017416,0.20206126882228395,0.9125587383282822
9937,REG2022CE09937,2022,CE,REGULAR,-1.8418151627085286,0.0327524362056584,-2.035612168068613
9938,REG2020CSE09938,2020,CSE,REGULAR,-1.2671159694111378,0.7700405920419279,-1.1897245903761058
9939,REG2020CSE09939,2020,CSE,REGULAR,-0.19084600798447232,-0.35450308707037725,0.4941582085487546
9940,REG2021CE09940,2021,CE,REGULAR,-0.3189444479992705,-0.08268639214603386,-1.1459709719074873
9941,REG2022CE09941,2022,CE,REGULAR,-0.00030342542934183294,1.219752740475411,-0.9384631152477185
9942,REG2022ME09942,2022,ME,REGULAR,0.84277611241895,0.10342695238560312,1.1716678050018166
9943,REG2021ME09943,2021,ME,REGULAR,0.4717606847242825,-0.255781338916563,-1.5817593596479944
9944,REG2023CSE09944,2023,CSE,REGULAR,-0.13166490471260522,-0.4487131007077912,-0.995568686919029
9945,REG2020ECE09945,2020,ECE,REGULAR,-2.295152440146726,-0.4588286584021518,-1.326619362139237
9946,REG2022CE09946,2022,CE,LATERAL_ENTRY,-0.862681385781058,0.06975961656737698,-0.7315808415853126
9947,REG2020CSE09947,2020,CSE,REGULAR,-0.49827877710615814,-1.8975391938116002,0.6075709425262437
9948,REG2023CE09948,2023,CE,LATERAL_ENTRY,-0.7288472359522109,-0.01544090949370568,0.14604332136894546
9949,REG2023CSE09949,2023,CSE,REGULAR,-0.02761946218102613,1.9636438275940633,0.32865032853816645
9950,REG2022ECE09950,2022,ECE,REGULAR,0.7711280242158554,-0.798214223838141,0.8465360544925187
9951,REG2023ECE09951,2023,ECE,REGULAR,-0.9383654476979899,1.2866650011908194,0.09407453213116031
9952,REG2023CE09952,2023,CE,LATERAL_ENTRY,0.6901877753065319,0.6743809084543171,0.45905499446742276
9953,REG2023ECE09953,2023,ECE,REGULAR,-1.3507691362267562,0.2915031302830914,1.487136434099039
9954,REG2022ECE09954,2022,ECE,REGULAR,-1.397104957693219,-0.6060428859788046,-2.1413288754134934
9955,REG2022ECE09955,2022,ECE,REGULAR,0.18395389675998008,0.8991415232379595,0.846177301211969
9956,REG2023EEE09956,2023,EEE,REGULAR,-0.06534478971692108,1.8817601232101466,-0.4803902493193035
9957,REG2020ME09957,2020,ME,REGULAR,0.49479345698056415,0.2928624170478052,-1.2503901616723252
9958,REG2022EEE09958,2022,EEE,REGULAR,0.16204336828369678,0.7392415271226874,1.205860359584199
9959,REG2021CE09959,2021,CE,REGULAR,-1.0032053914699748,-0.9960203884140494,0.32809967083258557
9960,REG2023CSE09960,2023,CSE,REGULAR,1.1328519858396253,-1.6014672014061502,0.36302926566519744
9961,REG2022CE09961,2022,CE,REGULAR,0.9051900360931843,-0.08679462287744313,0.00088688622516688
9962,REG2023EEE09962,2023,EEE,REGULAR,0.8998737225913146,-0.8762397744859433,-0.9890589695792731
9963,REG2020EEE09963,2020,EEE,REGULAR,-0.029972128104690115,1.2582480781917038,-0.532241380504729
9964,REG2022ECE09964,2022,ECE,REGULAR,1.3356256648305729,0.21447758415543627,-0.04569115086451149
9965,REG2023EEE09965,2023,EEE,LATERAL_ENTRY,-0.46813580021262274,-0.9334247436724671,0.3859985971044967
9966,REG2021ME09966,2021,ME,REGULAR,-0.841683649237043,-0.7756819763173526,-1.109370856938148
9967,REG2023EEE09967,2023,EEE,REGULAR,1.3973541299582117,-2.621512413695401,0.18113894366461433
9968,REG2023CSE09968,2023,CSE,REGULAR,0.8556034221919553,0.5721622486716613,0.8269752474009391
9969,REG2022ECE09969,2022,ECE,REGULAR,-2.2362951950594447,1.5583171823102688,0.2707959691864279
9970,REG2020ME09970,2020,ME,REGULAR,-1.9241869182851643,-0.9412832386290305,0.3031247542790602
9971,REG2022CE09971,2022,CE,REGULAR,0.734635362607076,0.8995389099932201,0.44793247915783085
9972,REG2021ME09972,2021,ME,LATERAL_ENTRY,1.3249086783942388,-1.6439846619463625,0.062389591752018934
9973,REG2023CE09973,2023,CE,REGULAR,1.0197947232688098,-0.23308577954741835,0.5773512785784293
9974,REG2023EEE09974,2023,EEE,REGULAR,0.48549291655141424,-0.8169053789229778,-0.9187611740984964
9975,REG2023EEE09975,2023,EEE,REGULAR,2.179996980374364,-1.1229370185383551,0.6720672654614986
9976,REG2023CE09976,2023,CE,LATERAL_ENTRY,0.44228891626463995,0.7474979089560225,0.5256315408798545
9977,REG2022ME09977,2022,ME,REGULAR,0.8978902874183431,0.5888306888063646,0.5854604979453503
9978,REG2022EEE09978,2022,EEE,REGULAR,-0.0718209406197893,0.5810055075727069,-0.49425311168587915
9979,REG2023CSE09979,2023,CSE,REGULAR,-0.8683827960535263,-1.7941552929669278,-0.4367834802911942
9980,REG2023ME09980,2023,ME,LATERAL_ENTRY,-0.9738520150257097,0.32236287379137846,0.5725580571062422
9981,REG2020CSE09981,2020,CSE,REGULAR,-2.1694650593732883,-1.4622431913155838,1.061453337149599
9982,REG2020EEE09982,2020,EEE,LATERAL_ENTRY,0.9176858682868037,-0.9230167682411958,0.06522965600055952
9983,REG2022CE09983,2022,CE,REGULAR,0.8522019848656582,-0.6948288989381283,-1.066581377171832
9984,REG2023ECE09984,2023,ECE,REGULAR,0.03169053343297335,-0.6177219381505905,0.5825425982216246
9985,REG2023CSE09985,2023,CSE,REGULAR,0.7051998259303807,-1.1102612280728559,-0.9059544254260731
9986,REG2020CSE09986,2020,CSE,REGULAR,0.33876066878623984,-1.0592386531761648,0.10451284675480313
9987,REG2021EEE09987,2021,EEE,REGULAR,0.15774016434379823,-1.1836779343545347,-1.2711420339523776
9988,REG2022ME09988,2022,ME,REGULAR,-0.45068118594182527,-1.4281690807145078,0.7899515906438427
9989,REG2021CE09989,2021,CE,REGULAR,-0.17226353824702273,0.11628693834929618,-0.15627034532794687
9990,REG2021CE09990,2021,CE,LATERAL_ENTRY,-0.9716820360110637,0.8145632020538126,0.05741356072007187
9991,REG2021CSE09991,2021,CSE,REGULAR,-1.0397427797520409,2.406875666284627,1.6588518719586076
9992,REG2021EEE09992,2021,EEE,REGULAR,2.4434726348339546,-0.3428953089427934,-0.8351860740602643
9993,REG2022CSE09993,2022,CSE,REGULAR,0.19672724456222335,-2.1037402990900844,-0.9811045731885085
9994,REG2021CE09994,2021,CE,REGULAR,0.42250464560406187,-0.25765563981748146,-3.246638381110081
9995,REG2022ECE09995,2022,ECE,REGULAR,-0.6033055876283868,-0.42602329320928056,0.3103969302662344
9996,REG2023EEE09996,2023,EEE,REGULAR,0.5476211509296341,1.8261370226516895,0.269645257429832
9997,REG2021CSE09997,2021,CSE,REGULAR,0.20711978858580873,-0.9338446920791522,0.11878528302133179
9998,REG2020CE09998,2020,CE,LATERAL_ENTRY,1.7330479047575944,-1.292158730622629,-0.2905457122941441
9999,REG2022ECE09999,2022,ECE,REGULAR,0.5943366087369891,-0.8242449527881008,-0.15759514802867244
10000,REG2020ME10000,2020,ME,REGULAR,1.3294125269562418,1.3161967392153422,1.239647928336459
